opName	category	safetyStatus	recipeLines	vbaFunction	requiredParams	optionalParams	createsElements	ownElementOnly	sourceRefs	addedDate	promotedDate	notes
ACTIVE_LEVEL	keyin_recipe	verified-headless-safe	KEYIN:ACTIVE LEVEL {level}		level		N	N	WZTCBridge.ExecPlaceCell;WZTCExec.ExecPlaceSign	2026-07-31	2026-07-31	Settings-only. Proven via SendKeyin ACTIVE LEVEL across M1-M5 draw ops.
ACTIVE_COLOR	keyin_recipe	verified-headless-safe	KEYIN:ACTIVE COLOR {color}		color		N	N	WZTCBridge.ExecPlaceCell;WZTCExec.ExecPlaceSign	2026-07-31	2026-07-31	Settings-only. color is a MicroStation color index integer.
ACTIVE_WEIGHT	keyin_recipe	verified-headless-safe	KEYIN:ACTIVE WEIGHT {weight}		weight		N	N	WZTCBridge.ExecPlaceCell;WZTCExec.ExecPlaceSign	2026-07-31	2026-07-31	Settings-only.
ACTIVE_ANGLE	keyin_recipe	verified-headless-safe	KEYIN:ACTIVE ANGLE {angleDeg}		angleDeg		N	N	WZTCBridge.ExecPlaceCell;WZTCExec.ExecPlaceSign	2026-07-31	2026-07-31	Settings-only. angleDeg in degrees.
ACTIVE_SCALE	keyin_recipe	verified-headless-safe	KEYIN:ACTIVE SCALE {scale}		scale		N	N	live COM probe 2026-07-31 (ACTIVE SCALE 1, 0.016s)	2026-07-31	2026-07-31	Settings-only. Uniform active scale.
ACS_SET_WORLD	keyin_recipe	verified-headless-safe	KEYIN:ACS SET WORLD			N	N	WZTCExec.ExecPlaceSign;DrawSign.DrawSignAtPerpLine	2026-07-31	2026-07-31	Settings-only. No params.	
LOCK_ROTATION_OFF	keyin_recipe	verified-headless-safe	KEYIN:LOCK ROTATION OFF			N	N	WZTCExec.ExecPlaceSign;DrawSign.DrawSignAtPerpLine	2026-07-31	2026-07-31	Settings-only. No params.	
LOCK_SNAP_PERPENDICULAR	keyin_recipe	verified-headless-safe	KEYIN:LOCK SNAP PERPENDICULAR			N	N	LegacyPrototype.bas;LegacySignPlace.bas (SendCommand LOCK SNAP PERPENDICULAR)	2026-07-31	2026-07-31	Settings-only. Legacy uses SendCommand; KEYIN form used here so the close-out guard does not require a datapoint.	
LOCK_SNAP_OFF	keyin_recipe	verified-headless-safe	KEYIN:LOCK SNAP OFF			N	N	live COM probe 2026-07-31 (0.020s)	2026-07-31	2026-07-31	Settings-only. Disables snap lock.	
LOCK_GRID_OFF	keyin_recipe	verified-headless-safe	KEYIN:LOCK GRID OFF			N	N	live COM probe 2026-07-31 (0.015s)	2026-07-31	2026-07-31	Settings-only.	
LOCK_AXIS_OFF	keyin_recipe	verified-headless-safe	KEYIN:LOCK AXIS OFF			N	N	live COM probe 2026-07-31 (0.015s)	2026-07-31	2026-07-31	Settings-only.	
LOCK_UNIT_OFF	keyin_recipe	verified-headless-safe	KEYIN:LOCK UNIT OFF			N	N	live COM probe 2026-07-31 (0.017s)	2026-07-31	2026-07-31	Settings-only.	
LOCK_LEVEL_OFF	keyin_recipe	verified-headless-safe	KEYIN:LOCK LEVEL OFF			N	N	live COM probe 2026-07-31 (0.015s)	2026-07-31	2026-07-31	Settings-only.	
LOCK_GRAPHICGROUP_OFF	keyin_recipe	verified-headless-safe	KEYIN:LOCK GRAPHICGROUP OFF			N	N	live COM probe 2026-07-31 (0.015s)	2026-07-31	2026-07-31	Settings-only.	
SET_FILL_OFF	keyin_recipe	unsafe-blocked	KEYIN:SET FILL OFF			N	N	live COM probe 2026-07-31 (0.071s)	2026-07-31	2026-07-31		false-OK audit 2026-08-02: ARMED — left CommandName='Fill Display Off' prompt='Select view' (baseline='Element Selection'). Old keyin_batch probe SendReset masked this; refusing headless execution.
ATTACH_LIBRARY	keyin_recipe	verified-headless-safe	KEYIN:ATTACH LIBRARY {libPath}		libPath		N	N	WZTCBridge.ExecPlaceCell;WZTCExec.ExecPlaceSign	2026-07-31	2026-07-31	Settings-only. Uses KEYIN (not COMMAND) so the close-out guard does not apply — ATTACH LIBRARY needs no datapoint.
VIEW_FIT_EXTENDED	keyin_recipe	unsafe-blocked	KEYIN:FIT VIEW EXTENDED			N	N	live COM probe 2026-07-31 (0.166s); was VIEW_FIT_ACTIVE needs-testing	2026-07-31	2026-07-31		false-OK audit 2026-08-02: ARMED — left CommandName='Fit View' prompt='Select view to fit' (baseline='Element Selection'). Old keyin_batch probe SendReset masked this; refusing headless execution.
VIEW_FIT	keyin_recipe	verified-headless-safe	KEYIN:FIT VIEW			N	N	live COM probe 2026-07-31 (0.014s)	2026-07-31	2026-07-31	View-only.	
VIEW_FIT_ACTIVE	keyin_recipe	unsafe-blocked	KEYIN:FIT ACTIVE			N	N	live COM probe 2026-07-31 (0.115s)	2026-07-31	2026-07-31		false-OK audit 2026-08-02: ARMED — left CommandName='Fit Active Design' prompt='Select view' (baseline='Element Selection'). Old keyin_batch probe SendReset masked this; refusing headless execution.
VIEW_PREVIOUS	keyin_recipe	verified-headless-safe	KEYIN:VIEW PREVIOUS			N	N	live COM probe 2026-07-31 (0.230s)	2026-07-31	2026-07-31	View-only. Restores previous view.	
VIEW_UPDATE_ALL	keyin_recipe	verified-headless-safe	KEYIN:UPDATE ALL			N	N	live COM probe 2026-07-31 (0.056s); WSDOT CAE function-key tech note	2026-07-31	2026-07-31	View-only. Redraws all open views.	
SELECTION_CLEAR_ALL	keyin_recipe	verified-headless-safe	KEYIN:CHOOSE NONE			N	N	live COM probe 2026-07-31 (0.030s); WSDOT CAE function-key tech note	2026-07-31	2026-07-31	Clears the current selection set. No datapoint.	
MOVE_ELEMENT	direct_api	verified-headless-safe		ExecMoveElementByID	elementId|deltaX|deltaY	deltaZ|ownElementOnly	N	Y	BBMarkupProcessor.ExecuteMove;WZTCExec.ExecMoveElementByID	2026-07-31	2026-07-31	Direct Element.Move + Rewrite. Call via MOVE_ELEMENT bridge op, not RUN_REGISTRY_COMMAND.
CHANGE_ELEMENT_LEVEL	direct_api	verified-headless-safe		ExecChangeElementLevelByID	elementId|level	ownElementOnly	N	Y	BBMarkupProcessor.ExecuteChangeLevel;WZTCExec.ExecChangeElementLevelByID	2026-07-31	2026-07-31	Direct el.Level + Rewrite. Call via CHANGE_ELEMENT_LEVEL bridge op.
EDIT_TEXT_ELEMENT	direct_api	verified-headless-safe		ExecEditTextByID	elementId|newText	ownElementOnly	N	Y	BBMarkupProcessor.ExecuteEditText;WZTCExec.ExecEditTextByID	2026-07-31	2026-07-31	Direct TextElement.Text + Rewrite. Call via EDIT_TEXT_ELEMENT bridge op.
DELETE_ELEMENT	direct_api	verified-headless-safe		ExecDeleteElementsByID	elementId	ownElementOnly	N	Y	WZTCExec.ExecDeleteElementsByID (UNDO_LAST_OP)	2026-07-31	2026-07-31	Reuses existing delete-by-ID. NOT undoable via UNDO_LAST_OP (no snapshot). Call via DELETE_ELEMENT bridge op.
DIMENSION_SIZE_WITH_LINES	keyin_recipe	interactive-only-use-handoff	COMMAND:DIMENSION SIZE WITH LINES		fromSta|toSta		N	N	PlaceElements.frm:207-226	2026-07-31		No headless precedent. Use HANDOFF kind=dimension. Red-list closure.
DIMENSION_LINEAR_SIZE_ARROW	keyin_recipe	interactive-only-use-handoff	COMMAND:DIMENSION LINEAR SIZE ARROW			N	N	BBMarkupProcessor.ExecuteAddDimension	2026-07-31		Confirmed activate-and-abandon anti-pattern (Status=Done with no datapoints). Use HANDOFF kind=dimension.	
TEXTEDITOR_PLACENOTE	keyin_recipe	interactive-only-use-handoff	COMMAND:TEXTEDITOR PLACENOTE		text		N	N	BBMarkupProcessor.ExecuteAddCallout;PlaceCells.frm:267-313	2026-07-31		Confirmed activate-and-abandon anti-pattern. Use HANDOFF kind=callout.
CHANGE_ATTRIBUTES_INTERACTIVE	keyin_recipe	interactive-only-use-handoff	COMMAND:CHANGE ATTRIBUTES			N	N	frmSignSubColors.frm:87-123	2026-07-31		Proves command-string-alone safety judgments fail — same token is interactive here, headless via SET_SIGN_ATTRIBUTES (direct API). Use SET_SIGN_ATTRIBUTES or HANDOFF.	
PLACE_LINE_BARE	keyin_recipe	unsafe-blocked	COMMAND:PLACE LINE			N	N	live COM probe 2026-07-31 (returns 0.059s but arms tool — activate-and-abandon)	2026-07-31		Bare COMMAND with no DATAPOINT/RESET. Confirmed arms tool instantly. Use PLACE_ELEMENT_RUN / PLACE_WORKSPACE recipes instead.	
MOVE_ELEMENT_BARE	keyin_recipe	unsafe-blocked	COMMAND:MOVE ELEMENT			N	N	live COM probe 2026-07-31 (returns 0.077s but arms tool)	2026-07-31		Bare COMMAND. Use MOVE_ELEMENT direct_api instead.	
COPY_ELEMENT_BARE	keyin_recipe	unsafe-blocked	COMMAND:COPY ELEMENT			N	N	live COM probe 2026-07-31 (returns 0.074s but arms tool)	2026-07-31		Bare COMMAND. No headless copy recipe yet.	
DELETE_ELEMENT_BARE	keyin_recipe	unsafe-blocked	COMMAND:DELETE ELEMENT			N	N	live COM probe 2026-07-31 (returns 0.070s but arms tool)	2026-07-31		Bare COMMAND. Use DELETE_ELEMENT direct_api instead.	
PLACE_FENCE_BARE	keyin_recipe	unsafe-blocked	COMMAND:PLACE FENCE			N	N	live COM probe 2026-07-31 (returns 0.092s but arms tool)	2026-07-31		Bare COMMAND. Fence recipes not yet designed.	
REFERENCE_DISPLAY_ON_ALL	keyin_recipe	verified-headless-safe	KEYIN:REFERENCE DISPLAY ON ALL			N	N	live COM probe 2026-07-31 (0.040s); NCDOT function-key menu	2026-07-31	2026-07-31	Turns display on for all attached references. No datapoint.	
REFERENCE_DISPLAY_OFF_ALL	keyin_recipe	verified-headless-safe	KEYIN:REFERENCE DISPLAY OFF ALL			N	N	live COM probe 2026-07-31 (2.948s — slow but completed, no tool armed); NCDOT function-key menu	2026-07-31	2026-07-31	Turns display off for all attached references. Can be slow on files with many refs.	
LEVEL_OFF_ALL	keyin_recipe	verified-headless-safe	KEYIN:LEVEL OFF ALL			N	N	live COM probe 2026-07-31 (0.017s)	2026-07-31	2026-07-31	Turns all levels off in the active model display.	
LEVEL_ON_ALL	keyin_recipe	verified-headless-safe	KEYIN:LEVEL ON ALL			N	N	live COM probe 2026-07-31 (0.014s)	2026-07-31	2026-07-31	Turns all levels on in the active model display.	
LEVEL_DISPLAY_OFF_ALL	keyin_recipe	verified-headless-safe	KEYIN:LEVEL DISPLAY OFF ALL			N	N	live COM probe 2026-07-31 (0.048s)	2026-07-31	2026-07-31	Alternate spelling of level display off-all; verified same install.	
LEVEL_DISPLAY_ON_ALL	keyin_recipe	verified-headless-safe	KEYIN:LEVEL DISPLAY ON ALL			N	N	live COM probe 2026-07-31 (0.016s)	2026-07-31	2026-07-31	Alternate spelling of level display on-all; verified same install.	
VIEW_NEXT	keyin_recipe	verified-headless-safe	KEYIN:VIEW NEXT			N	N	live COM probe 2026-07-31 (0.071s)	2026-07-31	2026-07-31	View-only. Advances to next restored view.	
ZOOM_OUT_CENTERED	keyin_recipe	unsafe-blocked	KEYIN:ZOOM OUT CENTERED			N	N	live COM probe 2026-07-31 (0.082s)	2026-07-31			false-OK audit 2026-08-02: ARMED — left CommandName='Zoom Out' prompt='Select point to zoom about' (baseline='Element Selection'). Old keyin_batch probe SendReset masked this; refusing headless execution.
ZOOM_IN_CENTERED	keyin_recipe	unsafe-blocked	KEYIN:ZOOM IN CENTERED			N	N	live COM probe 2026-07-31 (0.068s)	2026-07-31			false-OK audit 2026-08-02: ARMED — left CommandName='Zoom In' prompt='Select point to zoom about' (baseline='Element Selection'). Old keyin_batch probe SendReset masked this; refusing headless execution.
LOCK_SNAP_ON	keyin_recipe	verified-headless-safe	KEYIN:LOCK SNAP ON			N	N	live COM probe 2026-07-31 (0.017s)	2026-07-31	2026-07-31	Settings-only.	
LOCK_GRID_ON	keyin_recipe	verified-headless-safe	KEYIN:LOCK GRID ON			N	N	live COM probe 2026-07-31 (0.127s)	2026-07-31	2026-07-31	Settings-only.	
LOCK_ACSPLANE_OFF	keyin_recipe	verified-headless-safe	KEYIN:LOCK ACSPLANE OFF			N	N	live COM probe 2026-07-31 (0.015s)	2026-07-31	2026-07-31	Settings-only.	
LOCK_FENCE_OFF	keyin_recipe	verified-headless-safe	KEYIN:LOCK FENCE OFF			N	N	live COM probe 2026-07-31 (0.024s)	2026-07-31	2026-07-31	Settings-only. Disables fence lock (does not place/clear a fence).	
SET_REFLEVELOVERRIDES_ON	keyin_recipe	verified-headless-safe	KEYIN:SET REFLEVELOVERRIDES ON			N	N	live COM probe 2026-07-31 (0.024s)	2026-07-31	2026-07-31	Settings-only. Persist reference level overrides across sessions.	
SET_REFLEVELOVERRIDES_OFF	keyin_recipe	verified-headless-safe	KEYIN:SET REFLEVELOVERRIDES OFF			N	N	live COM probe 2026-07-31 (0.017s)	2026-07-31	2026-07-31	Settings-only.	
CANCEL_NULL	keyin_recipe	verified-headless-safe	KEYIN:NULL			N	N	live COM probe 2026-07-31 (0.066s); AlignmentTool/DrawSign SendCommand NULL	2026-07-31	2026-07-31	Cancels / clears current command state. Useful after a refused interactive tool.	
CANCEL_NOCOMMAND	keyin_recipe	verified-headless-safe	KEYIN:NOCOMMAND			N	N	live COM probe 2026-07-31 (0.057s); WSDOT CAE function-key tech note	2026-07-31	2026-07-31	Ensures no command remains armed.	
WINDOW_AREA_BARE	keyin_recipe	unsafe-blocked	COMMAND:WINDOW AREA			N	N	interactive view tool — needs two datapoints	2026-07-31		Bare windowing tool. Needs datapoints; do not promote without a full recipe.	
UNDO_KEYIN	keyin_recipe	verified-headless-safe	KEYIN:UNDO			N	N		2026-07-31		2026-07-31	live re-probe after COM recovery (2.750s)
REDO_KEYIN	keyin_recipe	verified-headless-safe	KEYIN:REDO			N	N		2026-07-31		2026-07-31	live re-probe after COM recovery (0.047s)
COMPRESS_DESIGN	keyin_recipe	verified-headless-safe	KEYIN:COMPRESS DESIGN			N	N		2026-07-31		2026-07-31	live re-probe after COM recovery (1.348s)
AA_EQ	keyin_recipe	verified-headless-safe	KEYIN:AA={angleDeg}		angleDeg		N	N	CODOT MicroStationKeyinReference; Axiom 80+ key-ins; live probe 0.020s	2026-07-31	2026-07-31	Two-letter active angle. Alias of ACTIVE_ANGLE.
AS_EQ	keyin_recipe	verified-headless-safe	KEYIN:AS={scale}		scale		N	N	CODOT/Axiom; live probe 0.016s	2026-07-31	2026-07-31	Two-letter active scale.
XS_EQ	keyin_recipe	verified-headless-safe	KEYIN:XS={scale}		scale		N	N	CODOT/Axiom; live probe 0.016s	2026-07-31	2026-07-31	Active X scale only.
YS_EQ	keyin_recipe	verified-headless-safe	KEYIN:YS={scale}		scale		N	N	CODOT/Axiom; live probe 0.024s	2026-07-31	2026-07-31	Active Y scale only.
ZS_EQ	keyin_recipe	verified-headless-safe	KEYIN:ZS={scale}		scale		N	N	CODOT/Axiom; live probe 0.016s	2026-07-31	2026-07-31	Active Z scale only.
CO_EQ	keyin_recipe	verified-headless-safe	KEYIN:CO={color}		color		N	N	CODOT/Axiom; live probe 0.032s	2026-07-31	2026-07-31	Two-letter active color.
WT_EQ	keyin_recipe	verified-headless-safe	KEYIN:WT={weight}		weight		N	N	CODOT/Axiom; live probe 0.016s	2026-07-31	2026-07-31	Two-letter active weight.
LC_EQ	keyin_recipe	verified-headless-safe	KEYIN:LC={lineStyle}		lineStyle		N	N	CODOT/Axiom; live probe 0.024s	2026-07-31	2026-07-31	Two-letter active line style.
LV_EQ	keyin_recipe	verified-headless-safe	KEYIN:LV={level}		level		N	N	CODOT/Axiom; live probe 0.029s	2026-07-31	2026-07-31	Two-letter active level.
FT_EQ	keyin_recipe	verified-headless-safe	KEYIN:FT={font}		font		N	N	CODOT/Axiom; live probe 0.017s	2026-07-31	2026-07-31	Two-letter active font.
TH_EQ	keyin_recipe	verified-headless-safe	KEYIN:TH={height}		height		N	N	CODOT/Axiom; live probe 0.016s	2026-07-31	2026-07-31	Two-letter active text height.
TW_EQ	keyin_recipe	verified-headless-safe	KEYIN:TW={width}		width		N	N	CODOT/Axiom; live probe 0.016s	2026-07-31	2026-07-31	Two-letter active text width.
TX_EQ	keyin_recipe	verified-headless-safe	KEYIN:TX={size}		size		N	N	CODOT/Axiom; live probe 0.016s	2026-07-31	2026-07-31	Two-letter active text height and width.
LS_EQ	keyin_recipe	verified-headless-safe	KEYIN:LS={spacing}		spacing		N	N	CODOT/Axiom; live probe 0.017s	2026-07-31	2026-07-31	Two-letter active line spacing.
LL_EQ	keyin_recipe	verified-headless-safe	KEYIN:LL={length}		length		N	N	CODOT/Axiom; live probe 0.031s	2026-07-31	2026-07-31	Two-letter active line length.
KY_EQ	keyin_recipe	verified-headless-safe	KEYIN:KY={divisor}		divisor		N	N	CODOT/Axiom; live probe 0.023s	2026-07-31	2026-07-31	Keypoint snap divisor.
UR_EQ	keyin_recipe	verified-headless-safe	KEYIN:UR={distance}		distance		N	N	CODOT/Axiom; live probe 0.134s	2026-07-31	2026-07-31	Unit lock roundoff distance.
GU_EQ	keyin_recipe	verified-headless-safe	KEYIN:GU={spacing}		spacing		N	N	CODOT/Axiom; live probe 0.138s	2026-07-31	2026-07-31	Master grid spacing.
GR_EQ	keyin_recipe	verified-headless-safe	KEYIN:GR={spacing}		spacing		N	N	CODOT/Axiom; live probe 0.014s	2026-07-31	2026-07-31	Reference grid spacing.
PA_EQ	keyin_recipe	verified-headless-safe	KEYIN:PA={angleDeg}		angleDeg		N	N	CODOT/Axiom; live probe 0.016s	2026-07-31	2026-07-31	Active pattern angle.
PS_EQ	keyin_recipe	verified-headless-safe	KEYIN:PS={scale}		scale		N	N	CODOT/Axiom; live probe 0.015s	2026-07-31	2026-07-31	Active pattern scale.
PD_EQ	keyin_recipe	verified-headless-safe	KEYIN:PD={spacing}		spacing		N	N	CODOT/Axiom; live probe 0.016s	2026-07-31	2026-07-31	Active pattern spacing.
TS_EQ	keyin_recipe	verified-headless-safe	KEYIN:TS={scale}		scale		N	N	CODOT/Axiom; live probe 0.030s	2026-07-31	2026-07-31	Terminator scale.
SD_EQ	keyin_recipe	verified-headless-safe	KEYIN:SD={delta}		delta		N	N	CODOT/Axiom; live probe 0.016s	2026-07-31	2026-07-31	Stream digitizing delta.
ST_EQ	keyin_recipe	verified-headless-safe	KEYIN:ST={tolerance}		tolerance		N	N	CODOT/Axiom; live probe 0.017s	2026-07-31	2026-07-31	Stream digitizing tolerance.
ACTIVE_FONT	keyin_recipe	verified-headless-safe	KEYIN:ACTIVE FONT {font}		font		N	N	CONNECT-style; live probe 0.025s	2026-07-31	2026-07-31	Long-form active font.
ACTIVE_HEIGHT	keyin_recipe	verified-headless-safe	KEYIN:ACTIVE HEIGHT {height}		height		N	N	CONNECT-style; live probe 0.017s	2026-07-31	2026-07-31	Long-form active text height.
ACTIVE_WIDTH	keyin_recipe	verified-headless-safe	KEYIN:ACTIVE WIDTH {width}		width		N	N	CONNECT-style; live probe 0.014s	2026-07-31	2026-07-31	Long-form active text width.
ACTIVE_LINESTYLE	keyin_recipe	verified-headless-safe	KEYIN:ACTIVE LINESTYLE {lineStyle}		lineStyle		N	N	CONNECT-style; live probe 0.015s	2026-07-31	2026-07-31	Long-form active line style.
ACTIVE_TXCHARACTERHEIGHT	keyin_recipe	verified-headless-safe	KEYIN:ACTIVE TXCHARACTERHEIGHT {height}		height		N	N	CONNECT-style; live probe 0.018s	2026-07-31	2026-07-31	Text character height.
ACTIVE_TXCHARACTERWIDTH	keyin_recipe	verified-headless-safe	KEYIN:ACTIVE TXCHARACTERWIDTH {width}		width		N	N	CONNECT-style; live probe 0.017s	2026-07-31	2026-07-31	Text character width.
SET_FILL_ON	keyin_recipe	unsafe-blocked	KEYIN:SET FILL ON				N	N	live probe 0.075s	2026-07-31		Turns fill display on. | false-OK audit 2026-08-02: ARMED — left CommandName='Fill Display On' prompt='Select view' (baseline='Element Selection'). Old keyin_batch probe SendReset masked this; refusing headless execution.
SET_PATTERN_OFF	keyin_recipe	unsafe-blocked	KEYIN:SET PATTERN OFF				N	N	live probe 0.071s	2026-07-31		Turns pattern display off. | false-OK audit 2026-08-02: ARMED — left CommandName='Pattern Display Off' prompt='Select view' (baseline='Element Selection'). Old keyin_batch probe SendReset masked this; refusing headless execution.
SET_CONSTRUCTIONS_ON	keyin_recipe	verified-headless-safe	KEYIN:SET CONSTRUCTIONS ON				N	N	live probe 0.022s	2026-07-31	2026-07-31	Show construction class elements.
SET_CONSTRUCTIONS_OFF	keyin_recipe	verified-headless-safe	KEYIN:SET CONSTRUCTIONS OFF				N	N	live probe 0.014s	2026-07-31	2026-07-31	Hide construction class elements.
SET_TEXTNODE_OFF	keyin_recipe	verified-headless-safe	KEYIN:SET TEXTNODE OFF				N	N	live probe 0.016s	2026-07-31	2026-07-31	Text node display off.
SET_LEVELS_OFF	keyin_recipe	verified-headless-safe	KEYIN:SET LEVELS OFF				N	N	live probe 0.030s	2026-07-31	2026-07-31	Verified return; exact semantics install-dependent — prefer LEVEL_OFF_ALL for clarity.
LOCK_AXIS_ON	keyin_recipe	verified-headless-safe	KEYIN:LOCK AXIS ON				N	N	live probe 0.018s	2026-07-31	2026-07-31	Settings-only.
LOCK_UNIT_ON	keyin_recipe	verified-headless-safe	KEYIN:LOCK UNIT ON				N	N	live probe 0.126s	2026-07-31	2026-07-31	Settings-only.
LOCK_LEVEL_ON	keyin_recipe	verified-headless-safe	KEYIN:LOCK LEVEL ON				N	N	live probe 0.015s	2026-07-31	2026-07-31	Settings-only.
LOCK_GRAPHICGROUP_ON	keyin_recipe	verified-headless-safe	KEYIN:LOCK GRAPHICGROUP ON				N	N	live probe 0.014s	2026-07-31	2026-07-31	Settings-only.
LOCK_ROTATION_ON	keyin_recipe	verified-headless-safe	KEYIN:LOCK ROTATION ON				N	N	live probe 0.022s	2026-07-31	2026-07-31	Settings-only.
LOCK_ACSPLANE_ON	keyin_recipe	verified-headless-safe	KEYIN:LOCK ACSPLANE ON				N	N	live probe 0.016s	2026-07-31	2026-07-31	Settings-only.
LOCK_FENCE_OVERLAP	keyin_recipe	verified-headless-safe	KEYIN:LOCK FENCE OVERLAP				N	N	live probe 0.025s	2026-07-31	2026-07-31	Fence lock mode.
LOCK_FENCE_CLIP	keyin_recipe	verified-headless-safe	KEYIN:LOCK FENCE CLIP				N	N	live probe 0.022s	2026-07-31	2026-07-31	Fence lock mode.
LOCK_FENCE_VOID	keyin_recipe	verified-headless-safe	KEYIN:LOCK FENCE VOID				N	N	live probe 0.023s	2026-07-31	2026-07-31	Fence lock mode.
LOCK_ISOPLANE_OFF	keyin_recipe	verified-headless-safe	KEYIN:LOCK ISOPLANE OFF				N	N	live probe 0.016s	2026-07-31	2026-07-31	Settings-only.
LOCK_DEPTH_OFF	keyin_recipe	verified-headless-safe	KEYIN:LOCK DEPTH OFF				N	N	live probe 0.018s	2026-07-31	2026-07-31	Settings-only.
LOCK_BORESITE_OFF	keyin_recipe	verified-headless-safe	KEYIN:LOCK BORESITE OFF				N	N	live probe 0.016s	2026-07-31	2026-07-31	Settings-only.
LOCK_ACSPLANE_SNAP_OFF	keyin_recipe	verified-headless-safe	KEYIN:LOCK ACSPLANE SNAP OFF				N	N	live probe 0.015s	2026-07-31	2026-07-31	Settings-only.
VIEW_FIT_ALL	keyin_recipe	unsafe-blocked	KEYIN:FIT ALL				N	N	WSDOT function-key note; live probe 0.069s	2026-07-31		Fit all views. | false-OK audit 2026-08-02: ARMED — left CommandName='Fit Design and References' prompt='Select view' (baseline='Element Selection'). Old keyin_batch probe SendReset masked this; refusing headless execution.
SELVIEW_ALL	keyin_recipe	verified-headless-safe	KEYIN:SELVIEW ALL				N	N	WSDOT function-key note; live probe 0.021s	2026-07-31	2026-07-31	Select all views for subsequent view cmds.
UPDATE_VIEW_EXTENDED	keyin_recipe	verified-headless-safe	KEYIN:UPDATE VIEW EXTENDED				N	N	live probe 0.073s	2026-07-31	2026-07-31	Redraw extended.
UPDATE_VIEW_1	keyin_recipe	unsafe-blocked	KEYIN:UPDATE VIEW 1				N	N	live probe 0.066s	2026-07-31		Redraw view 1. | false-OK audit 2026-08-02: ARMED — left CommandName='Update View' prompt='Select view' (baseline='Element Selection'). Old keyin_batch probe SendReset masked this; refusing headless execution.
ZOOM_OUT	keyin_recipe	unsafe-blocked	KEYIN:ZOOM OUT				N	N	live probe 0.067s	2026-07-31		false-OK audit 2026-08-02: ARMED — left CommandName='Zoom Out' prompt='Select point to zoom about' (baseline='Element Selection'). Old keyin_batch probe SendReset masked this; refusing headless execution.
ZOOM_IN	keyin_recipe	unsafe-blocked	KEYIN:ZOOM IN				N	N	live probe 0.069s	2026-07-31		false-OK audit 2026-08-02: ARMED — left CommandName='Zoom In' prompt='Select point to zoom about' (baseline='Element Selection'). Old keyin_batch probe SendReset masked this; refusing headless execution.
VIEW_TOP	keyin_recipe	unsafe-blocked	KEYIN:VIEW TOP				N	N	live probe 0.070s	2026-07-31		Standard orthographic view. | false-OK audit 2026-08-02: ARMED — left CommandName='Top View' prompt='Select view' (baseline='Element Selection'). Old keyin_batch probe SendReset masked this; refusing headless execution.
VIEW_BOTTOM	keyin_recipe	verified-headless-safe	KEYIN:VIEW BOTTOM				N	N	live probe 0.015s	2026-07-31	2026-07-31	Standard orthographic view.
VIEW_FRONT	keyin_recipe	verified-headless-safe	KEYIN:VIEW FRONT				N	N	live probe 0.014s	2026-07-31	2026-07-31	Standard orthographic view.
VIEW_BACK	keyin_recipe	verified-headless-safe	KEYIN:VIEW BACK				N	N	live probe 0.019s	2026-07-31	2026-07-31	Standard orthographic view.
VIEW_LEFT	keyin_recipe	verified-headless-safe	KEYIN:VIEW LEFT				N	N	live probe 0.014s	2026-07-31	2026-07-31	Standard orthographic view.
VIEW_RIGHT	keyin_recipe	verified-headless-safe	KEYIN:VIEW RIGHT				N	N	live probe 0.015s	2026-07-31	2026-07-31	Standard orthographic view.
VIEW_ISOMETRIC	keyin_recipe	verified-headless-safe	KEYIN:VIEW ISOMETRIC				N	N	live probe 0.016s	2026-07-31	2026-07-31	Standard isometric view.
VIEW_RIGHTISOMETRIC	keyin_recipe	verified-headless-safe	KEYIN:VIEW RIGHTISOMETRIC				N	N	live probe 0.014s	2026-07-31	2026-07-31	Standard right-isometric view.
AC_EQ_BARE	keyin_recipe	unsafe-blocked	KEYIN:AC={cellName}		cellName		N	N	Axiom/CODOT AC=; live probe 0.551s arms Place Cell	2026-07-31		Sets active cell AND activates Place Cell tool. Use PLACE_CELL bridge op instead.
AR_EQ_BARE	keyin_recipe	unsafe-blocked	KEYIN:AR={cellName}		cellName		N	N	Axiom/CODOT AR=; live probe arms Place Cell Relative	2026-07-31		Activates Place Cell Relative tool.
XY_EQ_BARE	keyin_recipe	unsafe-blocked	KEYIN:XY={coords}		coords		N	N	CODOT precision input; live probe	2026-07-31		Precision datapoint — not a settings keyin. Belongs inside a recipe DATAPOINT step, not standalone.
DI_EQ_BARE	keyin_recipe	unsafe-blocked	KEYIN:DI={distDir}		distDir		N	N	CODOT precision input; live probe	2026-07-31		Precision datapoint — not standalone-safe.
PLACE_POINT_BARE	keyin_recipe	unsafe-blocked	COMMAND:PLACE POINT				N	N	live probe arms tool	2026-07-31		Bare tool activation.
PLACE_TEXT_BARE	keyin_recipe	unsafe-blocked	COMMAND:PLACE TEXT				N	N	live probe arms tool	2026-07-31		Bare tool activation.
PLACE_NOTE_BARE	keyin_recipe	unsafe-blocked	COMMAND:PLACE NOTE				N	N	live probe arms tool	2026-07-31		Bare tool activation. Use HANDOFF kind=callout.
ROTATE_ELEMENT_BARE	keyin_recipe	unsafe-blocked	COMMAND:ROTATE ELEMENT				N	N	live probe arms tool	2026-07-31		Bare tool activation.
MIRROR_ELEMENT_BARE	keyin_recipe	unsafe-blocked	COMMAND:MIRROR ELEMENT				N	N	live probe arms tool	2026-07-31		Bare tool activation.
SCALE_ELEMENT_BARE	keyin_recipe	unsafe-blocked	COMMAND:SCALE ELEMENT				N	N	live probe arms tool	2026-07-31		Bare tool activation.
MEASURE_DISTANCE_BARE	keyin_recipe	unsafe-blocked	COMMAND:MEASURE DISTANCE				N	N	live probe arms tool	2026-07-31		Bare tool activation.
DIALOG_FONT	keyin_recipe	unsafe-blocked	KEYIN:DIALOG FONT				N	N	live probe; opens UI	2026-07-31		Opens a dialog — useless/harmful for headless agent.
DF_EQ_DIALOG	keyin_recipe	unsafe-blocked	KEYIN:DF=				N	N	Axiom DF= opens font dialog; live probe	2026-07-31		Opens font dialog.
REFERENCE_SNAP_ON	keyin_recipe	unsafe-blocked	KEYIN:REFERENCE SNAP ON				N	N	Bentley CONNECT key-in family	2026-07-31		Next batch — reference snap live batch probe 2026-07-31 (0.084s) | false-OK audit 2026-08-02: ARMED — left CommandName='Reference Snap On' prompt='Select reference' (baseline='Element Selection'). Old keyin_batch probe SendReset masked this; refusing headless execution.
REFERENCE_SNAP_OFF	keyin_recipe	unsafe-blocked	KEYIN:REFERENCE SNAP OFF				N	N	Bentley CONNECT key-in family	2026-07-31		live batch probe 2026-07-31 (0.059s) | false-OK audit 2026-08-02: ARMED — left CommandName='Reference Snap Off' prompt='Select reference' (baseline='Element Selection'). Old keyin_batch probe SendReset masked this; refusing headless execution.
REFERENCE_LOCATE_ON	keyin_recipe	unsafe-blocked	KEYIN:REFERENCE LOCATE ON				N	N	Bentley CONNECT key-in family	2026-07-31		live batch probe 2026-07-31 (0.064s) | false-OK audit 2026-08-02: ARMED — left CommandName='Reference Locate On' prompt='Select reference' (baseline='Element Selection'). Old keyin_batch probe SendReset masked this; refusing headless execution.
REFERENCE_LOCATE_OFF	keyin_recipe	unsafe-blocked	KEYIN:REFERENCE LOCATE OFF				N	N	Bentley CONNECT key-in family	2026-07-31		live batch probe 2026-07-31 (0.064s) | false-OK audit 2026-08-02: ARMED — left CommandName='Reference Locate Off' prompt='Select reference' (baseline='Element Selection'). Old keyin_batch probe SendReset masked this; refusing headless execution.
REFERENCE_CLIP_BACK_OFF	keyin_recipe	verified-headless-safe	KEYIN:REFERENCE CLIP BACK OFF				N	N	Bentley CONNECT key-in family	2026-07-31	2026-07-31	live batch probe 2026-07-31 (0.036s)
REFERENCE_CLIP_FRONT_OFF	keyin_recipe	verified-headless-safe	KEYIN:REFERENCE CLIP FRONT OFF				N	N	Bentley CONNECT key-in family	2026-07-31	2026-07-31	live batch probe 2026-07-31 (0.015s)
LEVEL_FILTERS_OFF	keyin_recipe	verified-headless-safe	KEYIN:LEVEL FILTERS OFF				N	N	CONNECT level key-ins	2026-07-31	2026-07-31	live batch probe 2026-07-31 (0.056s)
LEVEL_FILTERS_ON	keyin_recipe	verified-headless-safe	KEYIN:LEVEL FILTERS ON				N	N	CONNECT level key-ins	2026-07-31	2026-07-31	live batch probe 2026-07-31 (0.023s)
SET_ACS_ON	keyin_recipe	unsafe-blocked	KEYIN:SET ACS ON				N	N	CONNECT set family	2026-07-31		live batch probe 2026-07-31 (0.068s) | false-OK audit 2026-08-02: ARMED — left CommandName='ACS Display On' prompt='Select view' (baseline='Element Selection'). Old keyin_batch probe SendReset masked this; refusing headless execution.
SET_ACS_OFF	keyin_recipe	unsafe-blocked	KEYIN:SET ACS OFF				N	N	CONNECT set family	2026-07-31		live batch probe 2026-07-31 (0.079s) | false-OK audit 2026-08-02: ARMED — left CommandName='ACS Display Off' prompt='Select view' (baseline='Element Selection'). Old keyin_batch probe SendReset masked this; refusing headless execution.
SET_AUXILIARYINPUT_OFF	keyin_recipe	verified-headless-safe	KEYIN:SET AUXILIARYINPUT OFF				N	N	CONNECT set family	2026-07-31	2026-07-31	live batch probe 2026-07-31 (0.017s)
LOCK_SNAP_KEYPOINT	keyin_recipe	verified-headless-safe	KEYIN:LOCK SNAP KEYPOINT				N	N	CONNECT snap locks	2026-07-31	2026-07-31	live batch probe 2026-07-31 (0.023s)
LOCK_SNAP_NEAREST	keyin_recipe	verified-headless-safe	KEYIN:LOCK SNAP NEAREST				N	N	CONNECT snap locks	2026-07-31	2026-07-31	live batch probe 2026-07-31 (0.017s)
LOCK_SNAP_ORIGIN	keyin_recipe	verified-headless-safe	KEYIN:LOCK SNAP ORIGIN				N	N	CONNECT snap locks	2026-07-31	2026-07-31	live batch probe 2026-07-31 (0.017s)
LOCK_SNAP_CENTER	keyin_recipe	verified-headless-safe	KEYIN:LOCK SNAP CENTER				N	N	CONNECT snap locks	2026-07-31	2026-07-31	live batch probe 2026-07-31 (0.017s)
LOCK_SNAP_INTERSECT	keyin_recipe	verified-headless-safe	KEYIN:LOCK SNAP INTERSECT				N	N	CONNECT snap locks	2026-07-31	2026-07-31	live batch probe 2026-07-31 (0.016s)
LOCK_SNAP_MIDPOINT	keyin_recipe	verified-headless-safe	KEYIN:LOCK SNAP MIDPOINT				N	N	CONNECT snap locks	2026-07-31	2026-07-31	live batch probe 2026-07-31 (0.022s)
VIEW_CAMERA_OFF	keyin_recipe	verified-headless-safe	KEYIN:VIEW CAMERA OFF				N	N	CONNECT view family	2026-07-31	2026-07-31	live batch probe 2026-07-31 (0.014s)
VIEW_CAMERA_ON	keyin_recipe	verified-headless-safe	KEYIN:VIEW CAMERA ON				N	N	CONNECT view family	2026-07-31	2026-07-31	live batch probe 2026-07-31 (0.016s)
UPDATE_VIEW_ALL	keyin_recipe	unsafe-blocked	KEYIN:UPDATE VIEW ALL				N	N	CONNECT view family	2026-07-31		live batch probe 2026-07-31 (0.072s) | false-OK audit 2026-08-02: ARMED — left CommandName='Update View' prompt='Select view' (baseline='Element Selection'). Old keyin_batch probe SendReset masked this; refusing headless execution.
PLACE_SMARTLINE_BARE	keyin_recipe	unsafe-blocked	COMMAND:PLACE SMARTLINE				N	N	control — expect unsafe-blocked	2026-07-31		batch probe 2026-07-31: kind=tool, not promotable
PLACE_CIRCLE_BARE	keyin_recipe	unsafe-blocked	COMMAND:PLACE CIRCLE CENTER				N	N	control — expect unsafe-blocked	2026-07-31		batch probe 2026-07-31: kind=tool, not promotable
PLACE_BLOCK_BARE	keyin_recipe	unsafe-blocked	COMMAND:PLACE BLOCK				N	N	control — expect unsafe-blocked	2026-07-31		batch probe 2026-07-31: kind=tool, not promotable
MODIFY_ELEMENT_BARE	keyin_recipe	unsafe-blocked	COMMAND:MODIFY ELEMENT				N	N	control — expect unsafe-blocked	2026-07-31		batch probe 2026-07-31: kind=tool, not promotable
DIALOG_LEVELS	keyin_recipe	unsafe-blocked	KEYIN:DIALOG LEVELS				N	N	control — expect unsafe-blocked	2026-07-31		batch probe 2026-07-31: kind=dialog, not promotable
DIALOG_REFERENCES	keyin_recipe	unsafe-blocked	KEYIN:DIALOG REFERENCE				N	N	control — expect unsafe-blocked	2026-07-31		batch probe 2026-07-31: kind=dialog, not promotable
LOCK_SNAP_BISECTOR	keyin_recipe	verified-headless-safe	KEYIN:LOCK SNAP BISECTOR				N	N	CONNECT LOCK family harvest	2026-07-31	2026-07-31	live batch probe 2026-07-31 (0.023s)
LOCK_SNAP_INTERSECTION	keyin_recipe	verified-headless-safe	KEYIN:LOCK SNAP INTERSECTION				N	N	CONNECT LOCK family harvest	2026-07-31	2026-07-31	live batch probe 2026-07-31 (0.017s)
LOCK_SNAP_TANGENCY	keyin_recipe	verified-headless-safe	KEYIN:LOCK SNAP TANGENCY				N	N	CONNECT LOCK family harvest	2026-07-31	2026-07-31	live batch probe 2026-07-31 (0.018s)
LOCK_SNAP_PTTANGENT	keyin_recipe	verified-headless-safe	KEYIN:LOCK SNAP PTTANGENT				N	N	CONNECT LOCK family harvest	2026-07-31	2026-07-31	live batch probe 2026-07-31 (0.018s)
LOCK_SNAP_PTPERPENDICULAR	keyin_recipe	verified-headless-safe	KEYIN:LOCK SNAP PTPERPENDICULAR				N	N	CONNECT LOCK family harvest	2026-07-31	2026-07-31	live batch probe 2026-07-31 (0.026s)
LOCK_SNAP_PARALLEL	keyin_recipe	verified-headless-safe	KEYIN:LOCK SNAP PARALLEL				N	N	CONNECT LOCK family harvest	2026-07-31	2026-07-31	live batch probe 2026-07-31 (0.023s)
LOCK_SNAP_PTTHROUGH	keyin_recipe	verified-headless-safe	KEYIN:LOCK SNAP PTTHROUGH				N	N	CONNECT LOCK family harvest	2026-07-31	2026-07-31	live batch probe 2026-07-31 (0.018s)
LOCK_SNAP_POINTON	keyin_recipe	verified-headless-safe	KEYIN:LOCK SNAP POINTON				N	N	CONNECT LOCK family harvest	2026-07-31	2026-07-31	live batch probe 2026-07-31 (0.024s)
LOCK_SNAP_MULTISNAP1	keyin_recipe	verified-headless-safe	KEYIN:LOCK SNAP MULTISNAP1				N	N	CONNECT LOCK family harvest	2026-07-31	2026-07-31	live batch probe 2026-07-31 (0.026s)
LOCK_SNAP_MULTISNAP2	keyin_recipe	verified-headless-safe	KEYIN:LOCK SNAP MULTISNAP2				N	N	CONNECT LOCK family harvest	2026-07-31	2026-07-31	live batch probe 2026-07-31 (0.017s)
LOCK_SNAP_MULTISNAP3	keyin_recipe	verified-headless-safe	KEYIN:LOCK SNAP MULTISNAP3				N	N	CONNECT LOCK family harvest	2026-07-31	2026-07-31	live batch probe 2026-07-31 (0.018s)
LOCK_SNAP_INTERSECTION_1	keyin_recipe	verified-headless-safe	KEYIN:LOCK SNAP INTERSECTION 1				N	N	CONNECT LOCK family harvest	2026-07-31	2026-07-31	live batch probe 2026-07-31 (0.017s)
LOCK_SNAP_INTERSECTION_2	keyin_recipe	verified-headless-safe	KEYIN:LOCK SNAP INTERSECTION 2				N	N	CONNECT LOCK family harvest	2026-07-31	2026-07-31	live batch probe 2026-07-31 (0.023s)
LOCK_ASSOCIATION_OFF	keyin_recipe	verified-headless-safe	KEYIN:LOCK ASSOCIATION OFF				N	N	CONNECT LOCK family harvest	2026-07-31	2026-07-31	live batch probe 2026-07-31 (0.018s)
LOCK_ASSOCIATION_ON	keyin_recipe	verified-headless-safe	KEYIN:LOCK ASSOCIATION ON				N	N	CONNECT LOCK family harvest	2026-07-31	2026-07-31	live batch probe 2026-07-31 (0.016s)
LOCK_ASSOCIATION_TOGGLE	keyin_recipe	verified-headless-safe	KEYIN:LOCK ASSOCIATION TOGGLE				N	N	CONNECT LOCK family harvest	2026-07-31	2026-07-31	live batch probe 2026-07-31 (0.016s)
LOCK_SNAP_ACS_OFF	keyin_recipe	verified-headless-safe	KEYIN:LOCK SNAP ACS OFF				N	N	CONNECT LOCK family harvest	2026-07-31	2026-07-31	live batch probe 2026-07-31 (0.02s)
LOCK_SNAP_ACS_ON	keyin_recipe	verified-headless-safe	KEYIN:LOCK SNAP ACS ON				N	N	CONNECT LOCK family harvest	2026-07-31	2026-07-31	live batch probe 2026-07-31 (0.015s)
LOCK_SNAP_ACS_TOGGLE	keyin_recipe	verified-headless-safe	KEYIN:LOCK SNAP ACS TOGGLE				N	N	CONNECT LOCK family harvest	2026-07-31	2026-07-31	live batch probe 2026-07-31 (0.022s)
LOCK_ACS_OFF	keyin_recipe	verified-headless-safe	KEYIN:LOCK ACS OFF				N	N	CONNECT LOCK family harvest	2026-07-31	2026-07-31	live batch probe 2026-07-31 (0.018s)
LOCK_ACS_ON	keyin_recipe	verified-headless-safe	KEYIN:LOCK ACS ON				N	N	CONNECT LOCK family harvest	2026-07-31	2026-07-31	live batch probe 2026-07-31 (0.019s)
LOCK_ACS_TOGGLE	keyin_recipe	verified-headless-safe	KEYIN:LOCK ACS TOGGLE				N	N	CONNECT LOCK family harvest	2026-07-31	2026-07-31	live batch probe 2026-07-31 (0.018s)
LOCK_ACSPLANE_SNAP_ON	keyin_recipe	verified-headless-safe	KEYIN:LOCK ACSPLANE SNAP ON				N	N	CONNECT LOCK family harvest	2026-07-31	2026-07-31	live batch probe 2026-07-31 (0.021s)
LOCK_ACSPLANE_SNAP_TOGGLE	keyin_recipe	verified-headless-safe	KEYIN:LOCK ACSPLANE SNAP TOGGLE				N	N	CONNECT LOCK family harvest	2026-07-31	2026-07-31	live batch probe 2026-07-31 (0.033s)
LOCK_DEPTH_ON	keyin_recipe	verified-headless-safe	KEYIN:LOCK DEPTH ON				N	N	CONNECT LOCK family harvest	2026-07-31	2026-07-31	live batch probe 2026-07-31 (0.017s)
LOCK_DEPTH_TOGGLE	keyin_recipe	verified-headless-safe	KEYIN:LOCK DEPTH TOGGLE				N	N	CONNECT LOCK family harvest	2026-07-31	2026-07-31	live batch probe 2026-07-31 (0.016s)
LOCK_BORESITE_ON	keyin_recipe	verified-headless-safe	KEYIN:LOCK BORESITE ON				N	N	CONNECT LOCK family harvest	2026-07-31	2026-07-31	live batch probe 2026-07-31 (0.023s)
LOCK_BORESITE_TOGGLE	keyin_recipe	verified-headless-safe	KEYIN:LOCK BORESITE TOGGLE				N	N	CONNECT LOCK family harvest	2026-07-31	2026-07-31	live batch probe 2026-07-31 (0.015s)
LOCK_ISOMETRIC_OFF	keyin_recipe	verified-headless-safe	KEYIN:LOCK ISOMETRIC OFF				N	N	CONNECT LOCK family harvest	2026-07-31	2026-07-31	live batch probe 2026-07-31 (0.016s)
LOCK_ISOMETRIC_ON	keyin_recipe	verified-headless-safe	KEYIN:LOCK ISOMETRIC ON				N	N	CONNECT LOCK family harvest	2026-07-31	2026-07-31	live batch probe 2026-07-31 (0.151s)
LOCK_ISOMETRIC_TOGGLE	keyin_recipe	verified-headless-safe	KEYIN:LOCK ISOMETRIC TOGGLE				N	N	CONNECT LOCK family harvest	2026-07-31	2026-07-31	live batch probe 2026-07-31 (0.16s)
LOCK_ISOPLANE_ON	keyin_recipe	verified-headless-safe	KEYIN:LOCK ISOPLANE ON				N	N	CONNECT LOCK family harvest	2026-07-31	2026-07-31	live batch probe 2026-07-31 (0.027s)
LOCK_ISOPLANE_TOGGLE	keyin_recipe	verified-headless-safe	KEYIN:LOCK ISOPLANE TOGGLE				N	N	CONNECT LOCK family harvest	2026-07-31	2026-07-31	live batch probe 2026-07-31 (0.018s)
LOCK_ANGLE_OFF	keyin_recipe	verified-headless-safe	KEYIN:LOCK ANGLE OFF				N	N	CONNECT LOCK family harvest	2026-07-31	2026-07-31	live batch probe 2026-07-31 (0.018s)
LOCK_ANGLE_ON	keyin_recipe	verified-headless-safe	KEYIN:LOCK ANGLE ON				N	N	CONNECT LOCK family harvest	2026-07-31	2026-07-31	live batch probe 2026-07-31 (0.018s)
LOCK_ANGLE_TOGGLE	keyin_recipe	verified-headless-safe	KEYIN:LOCK ANGLE TOGGLE				N	N	CONNECT LOCK family harvest	2026-07-31	2026-07-31	live batch probe 2026-07-31 (0.017s)
LOCK_SCALE_OFF	keyin_recipe	verified-headless-safe	KEYIN:LOCK SCALE OFF				N	N	CONNECT LOCK family harvest	2026-07-31	2026-07-31	live batch probe 2026-07-31 (0.017s)
LOCK_SCALE_ON	keyin_recipe	verified-headless-safe	KEYIN:LOCK SCALE ON				N	N	CONNECT LOCK family harvest	2026-07-31	2026-07-31	live batch probe 2026-07-31 (0.017s)
LOCK_SCALE_TOGGLE	keyin_recipe	verified-headless-safe	KEYIN:LOCK SCALE TOGGLE				N	N	CONNECT LOCK family harvest	2026-07-31	2026-07-31	live batch probe 2026-07-31 (0.018s)
LOCK_TEXTNODE_OFF	keyin_recipe	verified-headless-safe	KEYIN:LOCK TEXTNODE OFF				N	N	CONNECT LOCK family harvest	2026-07-31	2026-07-31	live batch probe 2026-07-31 (0.022s)
LOCK_TEXTNODE_ON	keyin_recipe	verified-headless-safe	KEYIN:LOCK TEXTNODE ON				N	N	CONNECT LOCK family harvest	2026-07-31	2026-07-31	live batch probe 2026-07-31 (0.019s)
LOCK_USEANNOTATIONSCALE_OFF	keyin_recipe	verified-headless-safe	KEYIN:LOCK USEANNOTATIONSCALE OFF				N	N	CONNECT LOCK family harvest	2026-07-31	2026-07-31	live batch probe 2026-07-31 (0.15s)
LOCK_USEANNOTATIONSCALE_ON	keyin_recipe	verified-headless-safe	KEYIN:LOCK USEANNOTATIONSCALE ON				N	N	CONNECT LOCK family harvest	2026-07-31	2026-07-31	live batch probe 2026-07-31 (0.137s)
LOCK_GGROUP_OFF	keyin_recipe	verified-headless-safe	KEYIN:LOCK GGROUP OFF				N	N	CONNECT LOCK family harvest	2026-07-31	2026-07-31	live batch probe 2026-07-31 (0.017s)
LOCK_GGROUP_ON	keyin_recipe	verified-headless-safe	KEYIN:LOCK GGROUP ON				N	N	CONNECT LOCK family harvest	2026-07-31	2026-07-31	live batch probe 2026-07-31 (0.017s)
LOCK_FENCE_INSIDE	keyin_recipe	verified-headless-safe	KEYIN:LOCK FENCE INSIDE				N	N	CONNECT LOCK family harvest	2026-07-31	2026-07-31	live batch probe 2026-07-31 (0.017s)
LOCK_FENCE_OUTSIDE	keyin_recipe	verified-headless-safe	KEYIN:LOCK FENCE OUTSIDE				N	N	CONNECT LOCK family harvest	2026-07-31	2026-07-31	live batch probe 2026-07-31 (0.015s)
LOCK_GRID_TOGGLE	keyin_recipe	verified-headless-safe	KEYIN:LOCK GRID TOGGLE				N	N	CONNECT LOCK family harvest	2026-07-31	2026-07-31	live batch probe 2026-07-31 (0.136s)
LOCK_AXIS_TOGGLE	keyin_recipe	verified-headless-safe	KEYIN:LOCK AXIS TOGGLE				N	N	CONNECT LOCK family harvest	2026-07-31	2026-07-31	live batch probe 2026-07-31 (0.028s)
LOCK_UNIT_TOGGLE	keyin_recipe	verified-headless-safe	KEYIN:LOCK UNIT TOGGLE				N	N	CONNECT LOCK family harvest	2026-07-31	2026-07-31	live batch probe 2026-07-31 (0.15s)
LOCK_LEVEL_TOGGLE	keyin_recipe	verified-headless-safe	KEYIN:LOCK LEVEL TOGGLE				N	N	CONNECT LOCK family harvest	2026-07-31	2026-07-31	live batch probe 2026-07-31 (0.017s)
LOCK_SNAP_TOGGLE	keyin_recipe	verified-headless-safe	KEYIN:LOCK SNAP TOGGLE				N	N	CONNECT LOCK family harvest	2026-07-31	2026-07-31	live batch probe 2026-07-31 (0.014s)
DIALOG_LOCKS	keyin_recipe	unsafe-blocked	KEYIN:DIALOG LOCKS				N	N	CONNECT LOCK family harvest	2026-07-31		Negative control batch probe 2026-07-31: kind=dialog, not promotable
DIALOG_SNAPS	keyin_recipe	unsafe-blocked	KEYIN:DIALOG SNAPS				N	N	CONNECT LOCK family harvest	2026-07-31		Negative control batch probe 2026-07-31: kind=dialog, not promotable
CHANGE_LOCK_BARE	keyin_recipe	unsafe-blocked	COMMAND:CHANGE LOCK				N	N	CONNECT LOCK family harvest	2026-07-31		Negative control batch probe 2026-07-31: kind=tool, not promotable
VIEW_LEFT_ISOMETRIC	keyin_recipe	verified-headless-safe	KEYIN:VIEW LEFT ISOMETRIC				N	N	CONNECT VIEW/SET/LEVEL harvest	2026-07-31	2026-07-31	live batch probe 2026-07-31 (0.04s)
VIEW_SW_ISOMETRIC	keyin_recipe	verified-headless-safe	KEYIN:VIEW SW ISOMETRIC				N	N	CONNECT VIEW/SET/LEVEL harvest	2026-07-31	2026-07-31	live batch probe 2026-07-31 (0.016s)
VIEW_NORTH	keyin_recipe	verified-headless-safe	KEYIN:VIEW NORTH				N	N	CONNECT VIEW/SET/LEVEL harvest	2026-07-31	2026-07-31	live batch probe 2026-07-31 (0.025s)
VIEW_BORDER_OFF	keyin_recipe	verified-headless-safe	KEYIN:VIEW BORDER OFF				N	N	CONNECT VIEW/SET/LEVEL harvest	2026-07-31	2026-07-31	live batch probe 2026-07-31 (0.02s)
VIEW_BORDER_ON	keyin_recipe	verified-headless-safe	KEYIN:VIEW BORDER ON				N	N	CONNECT VIEW/SET/LEVEL harvest	2026-07-31	2026-07-31	live batch probe 2026-07-31 (0.016s)
VIEW_GRID_OFF	keyin_recipe	verified-headless-safe	KEYIN:VIEW GRID OFF				N	N	CONNECT VIEW/SET/LEVEL harvest	2026-07-31	2026-07-31	live batch probe 2026-07-31 (0.015s)
VIEW_GRID_ON	keyin_recipe	verified-headless-safe	KEYIN:VIEW GRID ON				N	N	CONNECT VIEW/SET/LEVEL harvest	2026-07-31	2026-07-31	live batch probe 2026-07-31 (0.015s)
VIEW_DEPTH_OFF	keyin_recipe	verified-headless-safe	KEYIN:VIEW DEPTH OFF				N	N	CONNECT VIEW/SET/LEVEL harvest	2026-07-31	2026-07-31	live batch probe 2026-07-31 (0.022s)
VIEW_DEPTH_ON	keyin_recipe	verified-headless-safe	KEYIN:VIEW DEPTH ON				N	N	CONNECT VIEW/SET/LEVEL harvest	2026-07-31	2026-07-31	live batch probe 2026-07-31 (0.017s)
VIEW_ACS_TRIAD_OFF	keyin_recipe	verified-headless-safe	KEYIN:VIEW ACS TRIAD OFF				N	N	CONNECT VIEW/SET/LEVEL harvest	2026-07-31	2026-07-31	live batch probe 2026-07-31 (0.018s)
VIEW_ACS_TRIAD_ON	keyin_recipe	verified-headless-safe	KEYIN:VIEW ACS TRIAD ON				N	N	CONNECT VIEW/SET/LEVEL harvest	2026-07-31	2026-07-31	live batch probe 2026-07-31 (0.016s)
VIEW_FULLSCREEN_OFF	keyin_recipe	verified-headless-safe	KEYIN:VIEW FULLSCREEN OFF				N	N	CONNECT VIEW/SET/LEVEL harvest	2026-07-31	2026-07-31	live batch probe 2026-07-31 (0.015s)
FIT_SELECTION	keyin_recipe	verified-headless-safe	KEYIN:FIT SELECTION				N	N	CONNECT VIEW/SET/LEVEL harvest	2026-07-31	2026-08-02	live batch probe 2026-07-31 (0.02s) | false-OK audit 2026-08-02: CLEAN — CommandName stayed at baseline after SendKeyin (no tool left armed). Restored to verified-headless-safe.
FIT_FENCE	keyin_recipe	verified-headless-safe	KEYIN:FIT FENCE				N	N	CONNECT VIEW/SET/LEVEL harvest	2026-07-31	2026-08-02	live batch probe 2026-07-31 (0.015s) | false-OK audit 2026-08-02: CLEAN — CommandName stayed at baseline after SendKeyin (no tool left armed). Restored to verified-headless-safe.
FIT_ELEMENT	keyin_recipe	verified-headless-safe	KEYIN:FIT ELEMENT				N	N	CONNECT VIEW/SET/LEVEL harvest	2026-07-31	2026-08-02	live batch probe 2026-07-31 (0.015s) | false-OK audit 2026-08-02: CLEAN — CommandName stayed at baseline after SendKeyin (no tool left armed). Restored to verified-headless-safe.
FIT_REFERENCE	keyin_recipe	unsafe-blocked	KEYIN:FIT REFERENCE				N	N	CONNECT VIEW/SET/LEVEL harvest	2026-07-31		live batch probe 2026-07-31 (0.069s) | false-OK audit 2026-08-02: ARMED — left CommandName='Fit Reference' prompt='Select view' (baseline='Element Selection'). Old keyin_batch probe SendReset masked this; refusing headless execution.
FIT_SHEET	keyin_recipe	verified-headless-safe	KEYIN:FIT SHEET				N	N	CONNECT VIEW/SET/LEVEL harvest	2026-07-31	2026-07-31	live batch probe 2026-07-31 (0.017s)
UPDATE_SELECTION	keyin_recipe	verified-headless-safe	KEYIN:UPDATE SELECTION				N	N	CONNECT VIEW/SET/LEVEL harvest	2026-07-31	2026-07-31	live batch probe 2026-07-31 (0.023s)
UPDATE_FENCE	keyin_recipe	verified-headless-safe	KEYIN:UPDATE FENCE				N	N	CONNECT VIEW/SET/LEVEL harvest	2026-07-31	2026-07-31	live batch probe 2026-07-31 (0.022s)
UPDATE_FAST	keyin_recipe	verified-headless-safe	KEYIN:UPDATE FAST				N	N	CONNECT VIEW/SET/LEVEL harvest	2026-07-31	2026-07-31	live batch probe 2026-07-31 (0.027s)
UPDATE_VIEW	keyin_recipe	unsafe-blocked	KEYIN:UPDATE VIEW				N	N	CONNECT VIEW/SET/LEVEL harvest	2026-07-31		live batch probe 2026-07-31 (0.067s) | false-OK audit 2026-08-02: ARMED — left CommandName='Update View' prompt='Select view' (baseline='Element Selection'). Old keyin_batch probe SendReset masked this; refusing headless execution.
ZOOM_DOUBLE	keyin_recipe	verified-headless-safe	KEYIN:ZOOM DOUBLE				N	N	CONNECT VIEW/SET/LEVEL harvest	2026-07-31	2026-08-02	false-OK audit 2026-08-02: CLEAN — CommandName stayed at baseline after SendKeyin (no tool left armed). Restored to verified-headless-safe.
ZOOM_HALF	keyin_recipe	verified-headless-safe	KEYIN:ZOOM HALF				N	N	CONNECT VIEW/SET/LEVEL harvest	2026-07-31	2026-08-02	false-OK audit 2026-08-02: CLEAN — CommandName stayed at baseline after SendKeyin (no tool left armed). Restored to verified-headless-safe.
ZOOM_PREVIOUS	keyin_recipe	verified-headless-safe	KEYIN:ZOOM PREVIOUS				N	N	CONNECT VIEW/SET/LEVEL harvest	2026-07-31	2026-08-02	false-OK audit 2026-08-02: CLEAN — CommandName stayed at baseline after SendKeyin (no tool left armed). Restored to verified-headless-safe.
ZOOM_SELECTION	keyin_recipe	verified-headless-safe	KEYIN:ZOOM SELECTION				N	N	CONNECT VIEW/SET/LEVEL harvest	2026-07-31	2026-08-02	false-OK audit 2026-08-02: CLEAN — CommandName stayed at baseline after SendKeyin (no tool left armed). Restored to verified-headless-safe.
ZOOM_FENCE	keyin_recipe	verified-headless-safe	KEYIN:ZOOM FENCE				N	N	CONNECT VIEW/SET/LEVEL harvest	2026-07-31	2026-08-02	false-OK audit 2026-08-02: CLEAN — CommandName stayed at baseline after SendKeyin (no tool left armed). Restored to verified-headless-safe.
ZOOM_GLOBAL	keyin_recipe	verified-headless-safe	KEYIN:ZOOM GLOBAL				N	N	CONNECT VIEW/SET/LEVEL harvest	2026-07-31	2026-08-02	false-OK audit 2026-08-02: CLEAN — CommandName stayed at baseline after SendKeyin (no tool left armed). Restored to verified-headless-safe.
SET_DIMENSION_ON	keyin_recipe	unsafe-blocked	KEYIN:SET DIMENSION ON				N	N	CONNECT VIEW/SET/LEVEL harvest	2026-07-31		live batch probe 2026-07-31 (0.091s) | false-OK audit 2026-08-02: ARMED — left CommandName='Dimension Display On' prompt='Select view' (baseline='Element Selection'). Old keyin_batch probe SendReset masked this; refusing headless execution.
SET_DIMENSION_OFF	keyin_recipe	unsafe-blocked	KEYIN:SET DIMENSION OFF				N	N	CONNECT VIEW/SET/LEVEL harvest	2026-07-31		live batch probe 2026-07-31 (0.091s) | false-OK audit 2026-08-02: ARMED — left CommandName='Dimension Display Off' prompt='Select view' (baseline='Element Selection'). Old keyin_batch probe SendReset masked this; refusing headless execution.
SET_TAG_ON	keyin_recipe	unsafe-blocked	KEYIN:SET TAG ON				N	N	CONNECT VIEW/SET/LEVEL harvest	2026-07-31		live batch probe 2026-07-31 (0.091s) | false-OK audit 2026-08-02: ARMED — left CommandName='Tag Display On' prompt='Select view' (baseline='Element Selection'). Old keyin_batch probe SendReset masked this; refusing headless execution.
SET_TAG_OFF	keyin_recipe	unsafe-blocked	KEYIN:SET TAG OFF				N	N	CONNECT VIEW/SET/LEVEL harvest	2026-07-31		live batch probe 2026-07-31 (0.084s) | false-OK audit 2026-08-02: ARMED — left CommandName='Tag Display Off' prompt='Select view' (baseline='Element Selection'). Old keyin_batch probe SendReset masked this; refusing headless execution.
SET_POINTS_ON	keyin_recipe	verified-headless-safe	KEYIN:SET POINTS ON				N	N	CONNECT VIEW/SET/LEVEL harvest	2026-07-31	2026-07-31	live batch probe 2026-07-31 (0.016s)
SET_POINTS_OFF	keyin_recipe	verified-headless-safe	KEYIN:SET POINTS OFF				N	N	CONNECT VIEW/SET/LEVEL harvest	2026-07-31	2026-07-31	live batch probe 2026-07-31 (0.015s)
SET_WEIGHT_ON	keyin_recipe	unsafe-blocked	KEYIN:SET WEIGHT ON				N	N	CONNECT VIEW/SET/LEVEL harvest	2026-07-31		live batch probe 2026-07-31 (0.107s) | false-OK audit 2026-08-02: ARMED — left CommandName='Line Weight Display On' prompt='Select view' (baseline='Element Selection'). Old keyin_batch probe SendReset masked this; refusing headless execution.
SET_WEIGHT_OFF	keyin_recipe	unsafe-blocked	KEYIN:SET WEIGHT OFF				N	N	CONNECT VIEW/SET/LEVEL harvest	2026-07-31		live batch probe 2026-07-31 (0.073s) | false-OK audit 2026-08-02: ARMED — left CommandName='Line Weight Display Off' prompt='Select view' (baseline='Element Selection'). Old keyin_batch probe SendReset masked this; refusing headless execution.
SET_COLOR_ON	keyin_recipe	verified-headless-safe	KEYIN:SET COLOR ON				N	N	CONNECT VIEW/SET/LEVEL harvest	2026-07-31	2026-07-31	live batch probe 2026-07-31 (0.014s)
SET_COLOR_OFF	keyin_recipe	verified-headless-safe	KEYIN:SET COLOR OFF				N	N	CONNECT VIEW/SET/LEVEL harvest	2026-07-31	2026-07-31	live batch probe 2026-07-31 (0.014s)
SET_HIDDEN_ON	keyin_recipe	verified-headless-safe	KEYIN:SET HIDDEN ON				N	N	CONNECT VIEW/SET/LEVEL harvest	2026-07-31	2026-07-31	live batch probe 2026-07-31 (0.014s)
SET_HIDDEN_OFF	keyin_recipe	verified-headless-safe	KEYIN:SET HIDDEN OFF				N	N	CONNECT VIEW/SET/LEVEL harvest	2026-07-31	2026-07-31	live batch probe 2026-07-31 (0.021s)
SET_TRANSPARENCY_ON	keyin_recipe	verified-headless-safe	KEYIN:SET TRANSPARENCY ON				N	N	CONNECT VIEW/SET/LEVEL harvest	2026-07-31	2026-07-31	live batch probe 2026-07-31 (0.015s)
SET_TRANSPARENCY_OFF	keyin_recipe	verified-headless-safe	KEYIN:SET TRANSPARENCY OFF				N	N	CONNECT VIEW/SET/LEVEL harvest	2026-07-31	2026-07-31	live batch probe 2026-07-31 (0.014s)
SET_GRID_ON	keyin_recipe	unsafe-blocked	KEYIN:SET GRID ON				N	N	CONNECT VIEW/SET/LEVEL harvest	2026-07-31		live batch probe 2026-07-31 (0.067s) | false-OK audit 2026-08-02: ARMED — left CommandName='Grid Display On' prompt='Select view' (baseline='Element Selection'). Old keyin_batch probe SendReset masked this; refusing headless execution.
SET_GRID_OFF	keyin_recipe	unsafe-blocked	KEYIN:SET GRID OFF				N	N	CONNECT VIEW/SET/LEVEL harvest	2026-07-31		live batch probe 2026-07-31 (0.067s) | false-OK audit 2026-08-02: ARMED — left CommandName='Grid Display Off' prompt='Select view' (baseline='Element Selection'). Old keyin_batch probe SendReset masked this; refusing headless execution.
SET_TEXT_ON	keyin_recipe	unsafe-blocked	KEYIN:SET TEXT ON				N	N	CONNECT VIEW/SET/LEVEL harvest	2026-07-31		live batch probe 2026-07-31 (0.074s) | false-OK audit 2026-08-02: ARMED — left CommandName='Text Display On' prompt='Select view' (baseline='Element Selection'). Old keyin_batch probe SendReset masked this; refusing headless execution.
SET_TEXT_OFF	keyin_recipe	unsafe-blocked	KEYIN:SET TEXT OFF				N	N	CONNECT VIEW/SET/LEVEL harvest	2026-07-31		live batch probe 2026-07-31 (0.075s) | false-OK audit 2026-08-02: ARMED — left CommandName='Text Display Off' prompt='Select view' (baseline='Element Selection'). Old keyin_batch probe SendReset masked this; refusing headless execution.
SET_TEXTNODE_ON	keyin_recipe	verified-headless-safe	KEYIN:SET TEXTNODE ON				N	N	CONNECT VIEW/SET/LEVEL harvest	2026-07-31	2026-07-31	live batch probe 2026-07-31 (0.016s)
SET_LEVELS_ON	keyin_recipe	verified-headless-safe	KEYIN:SET LEVELS ON				N	N	CONNECT VIEW/SET/LEVEL harvest	2026-07-31	2026-07-31	live batch probe 2026-07-31 (0.031s)
SET_LINESTYLE_ON	keyin_recipe	verified-headless-safe	KEYIN:SET LINESTYLE ON				N	N	CONNECT VIEW/SET/LEVEL harvest	2026-07-31	2026-07-31	live batch probe 2026-07-31 (0.039s)
SET_LINESTYLE_OFF	keyin_recipe	verified-headless-safe	KEYIN:SET LINESTYLE OFF				N	N	CONNECT VIEW/SET/LEVEL harvest	2026-07-31	2026-07-31	live batch probe 2026-07-31 (0.015s)
SET_PATTERN_ON	keyin_recipe	unsafe-blocked	KEYIN:SET PATTERN ON				N	N	CONNECT VIEW/SET/LEVEL harvest	2026-07-31		live batch probe 2026-07-31 (0.07s) | false-OK audit 2026-08-02: ARMED — left CommandName='Pattern Display On' prompt='Select view' (baseline='Element Selection'). Old keyin_batch probe SendReset masked this; refusing headless execution.
SET_DEPTH_ON	keyin_recipe	verified-headless-safe	KEYIN:SET DEPTH ON				N	N	CONNECT VIEW/SET/LEVEL harvest	2026-07-31	2026-07-31	live batch probe 2026-07-31 (0.017s)
SET_DEPTH_OFF	keyin_recipe	verified-headless-safe	KEYIN:SET DEPTH OFF				N	N	CONNECT VIEW/SET/LEVEL harvest	2026-07-31	2026-07-31	live batch probe 2026-07-31 (0.015s)
SET_SNAP_ON	keyin_recipe	verified-headless-safe	KEYIN:SET SNAP ON				N	N	CONNECT VIEW/SET/LEVEL harvest	2026-07-31	2026-07-31	live batch probe 2026-07-31 (0.024s)
SET_SNAP_OFF	keyin_recipe	verified-headless-safe	KEYIN:SET SNAP OFF				N	N	CONNECT VIEW/SET/LEVEL harvest	2026-07-31	2026-07-31	live batch probe 2026-07-31 (0.015s)
LEVEL_ON_DEFAULT	keyin_recipe	verified-headless-safe	KEYIN:LEVEL ON {level}		level		N	N	CONNECT VIEW/SET/LEVEL harvest	2026-07-31	2026-07-31	live batch probe 2026-07-31 (0.015s)
LEVEL_OFF_DEFAULT	keyin_recipe	verified-headless-safe	KEYIN:LEVEL OFF {level}		level		N	N	CONNECT VIEW/SET/LEVEL harvest	2026-07-31	2026-07-31	live batch probe 2026-07-31 (0.022s)
LEVEL_DISPLAY_ON_DEFAULT	keyin_recipe	verified-headless-safe	KEYIN:LEVEL DISPLAY ON {level}		level		N	N	CONNECT VIEW/SET/LEVEL harvest	2026-07-31	2026-07-31	live batch probe 2026-07-31 (0.017s)
LEVEL_DISPLAY_OFF_DEFAULT	keyin_recipe	verified-headless-safe	KEYIN:LEVEL DISPLAY OFF {level}		level		N	N	CONNECT VIEW/SET/LEVEL harvest	2026-07-31	2026-07-31	live batch probe 2026-07-31 (0.016s)
LEVEL_OVERRIDE_ON	keyin_recipe	verified-headless-safe	KEYIN:LEVEL OVERRIDE ON				N	N	CONNECT VIEW/SET/LEVEL harvest	2026-07-31	2026-07-31	live batch probe 2026-07-31 (0.016s)
LEVEL_OVERRIDE_OFF	keyin_recipe	verified-headless-safe	KEYIN:LEVEL OVERRIDE OFF				N	N	CONNECT VIEW/SET/LEVEL harvest	2026-07-31	2026-07-31	live batch probe 2026-07-31 (0.026s)
LEVEL_SYMBYOLOGY_ON	keyin_recipe	verified-headless-safe	KEYIN:LEVEL SYMBYOLOGY ON				N	N	CONNECT VIEW/SET/LEVEL harvest	2026-07-31	2026-07-31	live batch probe 2026-07-31 (0.018s)
LEVEL_SYMBYOLOGY_OFF	keyin_recipe	verified-headless-safe	KEYIN:LEVEL SYMBYOLOGY OFF				N	N	CONNECT VIEW/SET/LEVEL harvest	2026-07-31	2026-07-31	live batch probe 2026-07-31 (0.02s)
LEVEL_PLOT_ON_ALL	keyin_recipe	verified-headless-safe	KEYIN:LEVEL PLOT ON ALL				N	N	CONNECT VIEW/SET/LEVEL harvest	2026-07-31	2026-07-31	live batch probe 2026-07-31 (0.017s)
LEVEL_FREEZE_OFF_ALL	keyin_recipe	verified-headless-safe	KEYIN:LEVEL FREEZE OFF ALL				N	N	CONNECT VIEW/SET/LEVEL harvest	2026-07-31	2026-07-31	live batch probe 2026-07-31 (0.016s)
ACTIVE_PATTERN	keyin_recipe	verified-headless-safe	KEYIN:ACTIVE PATTERN {pattern}		pattern		N	N	CONNECT VIEW/SET/LEVEL harvest	2026-07-31	2026-07-31	live batch probe 2026-07-31 (0.015s)
ACTIVE_PATTERNANGLE	keyin_recipe	verified-headless-safe	KEYIN:ACTIVE PATTERNANGLE {angleDeg}		angleDeg		N	N	CONNECT VIEW/SET/LEVEL harvest	2026-07-31	2026-07-31	live re-probe after COM recovery (0.016s)
ACTIVE_PATTERNSCALE	keyin_recipe	verified-headless-safe	KEYIN:ACTIVE PATTERNSCALE {scale}		scale		N	N	CONNECT VIEW/SET/LEVEL harvest	2026-07-31	2026-07-31	live re-probe after COM recovery (0.016s)
ACTIVE_PATTERNSPACING	keyin_recipe	verified-headless-safe	KEYIN:ACTIVE PATTERNSPACING {spacing}		spacing		N	N	CONNECT VIEW/SET/LEVEL harvest	2026-07-31	2026-07-31	live re-probe after COM recovery (0.017s)
ACTIVE_TERMINATOR	keyin_recipe	verified-headless-safe	KEYIN:ACTIVE TERMINATOR {terminator}		terminator		N	N	CONNECT VIEW/SET/LEVEL harvest	2026-07-31	2026-07-31	live re-probe after COM recovery (0.120s)
ACTIVE_DEPTH	keyin_recipe	verified-headless-safe	KEYIN:ACTIVE DEPTH {depth}		depth		N	N	CONNECT VIEW/SET/LEVEL harvest	2026-07-31	2026-07-31	live re-probe after COM recovery (0.017s)
ACTIVE_FILL	keyin_recipe	verified-headless-safe	KEYIN:ACTIVE FILL {fill}		fill		N	N	CONNECT VIEW/SET/LEVEL harvest	2026-07-31	2026-07-31	live re-probe after COM recovery (0.211s)
ACTIVE_TXJUSTIFICATION	keyin_recipe	verified-headless-safe	KEYIN:ACTIVE TXJUSTIFICATION {justification}		justification		N	N	CONNECT VIEW/SET/LEVEL harvest	2026-07-31	2026-07-31	live re-probe after COM recovery (0.024s)
ACTIVE_TXLINEOFFSET	keyin_recipe	verified-headless-safe	KEYIN:ACTIVE TXLINEOFFSET {offset}		offset		N	N	CONNECT VIEW/SET/LEVEL harvest	2026-07-31	2026-07-31	live re-probe after COM recovery (0.053s)
ACTIVE_TXSLANT	keyin_recipe	verified-headless-safe	KEYIN:ACTIVE TXSLANT {slant}		slant		N	N	CONNECT VIEW/SET/LEVEL harvest	2026-07-31	2026-07-31	live re-probe after COM recovery (0.025s)
ACTIVE_TXUNDERLINE_OFF	keyin_recipe	verified-headless-safe	KEYIN:ACTIVE TXUNDERLINE OFF				N	N	CONNECT VIEW/SET/LEVEL harvest	2026-07-31	2026-07-31	live re-probe after COM recovery (0.018s)
ACTIVE_TXOVERLINE_OFF	keyin_recipe	verified-headless-safe	KEYIN:ACTIVE TXOVERLINE OFF				N	N	CONNECT VIEW/SET/LEVEL harvest	2026-07-31	2026-07-31	live re-probe after COM recovery (0.017s)
ACTIVE_TXFRACTIONS_OFF	keyin_recipe	verified-headless-safe	KEYIN:ACTIVE TXFRACTIONS OFF				N	N	CONNECT VIEW/SET/LEVEL harvest	2026-07-31	2026-07-31	live re-probe after COM recovery (0.017s)
PLACE_SHAPE_BARE	keyin_recipe	unsafe-blocked	COMMAND:PLACE SHAPE				N	N	CONNECT VIEW/SET/LEVEL harvest	2026-07-31		Negative control probe error: <unknown>.SendKeyin reclassified after failed resume; never execute
COPY_FENCE_BARE	keyin_recipe	unsafe-blocked	COMMAND:COPY FENCE				N	N	CONNECT VIEW/SET/LEVEL harvest	2026-07-31		Negative control probe error: <unknown>.SendKeyin reclassified after failed resume; never execute
MODIFY_ATTRIBUTES_BARE	keyin_recipe	unsafe-blocked	COMMAND:MODIFY ATTRIBUTES				N	N	CONNECT VIEW/SET/LEVEL harvest	2026-07-31		Negative control probe error: <unknown>.SendKeyin reclassified after failed resume; never execute
DIALOG_VIEW	keyin_recipe	unsafe-blocked	KEYIN:DIALOG VIEW				N	N	CONNECT VIEW/SET/LEVEL harvest	2026-07-31		Negative control batch probe 2026-07-31: kind=dialog, not promotable
DIALOG_COLOR	keyin_recipe	unsafe-blocked	KEYIN:DIALOG COLOR				N	N	CONNECT VIEW/SET/LEVEL harvest	2026-07-31		Negative control batch probe 2026-07-31: kind=dialog, not promotable
REFERENCE_SET_DISPLAY_ON_ALL	keyin_recipe	verified-headless-safe	KEYIN:REFERENCE SET DISPLAY=ON ALL				N	N	CONNECT REFERENCE/misc harvest	2026-07-31	2026-07-31	live re-probe after COM recovery (0.219s)
REFERENCE_SET_SNAP_ON_ALL	keyin_recipe	verified-headless-safe	KEYIN:REFERENCE SET SNAP=ON ALL				N	N	CONNECT REFERENCE/misc harvest	2026-07-31	2026-07-31	live re-probe after COM recovery (0.071s)
REFERENCE_SET_LOCATE_ON_ALL	keyin_recipe	verified-headless-safe	KEYIN:REFERENCE SET LOCATE=ON ALL				N	N	CONNECT REFERENCE/misc harvest	2026-07-31	2026-07-31	live re-probe after COM recovery (0.067s)
REFERENCE_SET_DISPLAYRASTERREFS_ON_ALL	keyin_recipe	verified-headless-safe	KEYIN:REFERENCE SET DISPLAYRASTERREFS=ON ALL				N	N	CONNECT REFERENCE/misc harvest	2026-07-31	2026-07-31	live re-probe after COM recovery (0.065s)
REFERENCE_SET_SCALELINESTYLES_ON_ALL	keyin_recipe	verified-headless-safe	KEYIN:REFERENCE SET SCALELINESTYLES=ON ALL				N	N	CONNECT REFERENCE/misc harvest	2026-07-31	2026-07-31	live re-probe after COM recovery (0.064s)
REFERENCE_SET_ROTATECLIPPING_OFF_ALL	keyin_recipe	verified-headless-safe	KEYIN:REFERENCE SET ROTATECLIPPING=OFF ALL				N	N	CONNECT REFERENCE/misc harvest	2026-07-31	2026-07-31	live re-probe after COM recovery (0.077s)
REFERENCE_SET_TREATASELEMENT_OFF_ALL	keyin_recipe	verified-headless-safe	KEYIN:REFERENCE SET TREATASELEMENT=OFF ALL				N	N	CONNECT REFERENCE/misc harvest	2026-07-31	2026-07-31	live re-probe after COM recovery (0.065s)
REFERENCE_SET_USELIGHTS_ON_ALL	keyin_recipe	verified-headless-safe	KEYIN:REFERENCE SET USELIGHTS=ON ALL				N	N	CONNECT REFERENCE/misc harvest	2026-07-31	2026-07-31	live re-probe after COM recovery (0.071s)
REFERENCE_SET_USEVIEWFLAGS_ON_ALL	keyin_recipe	verified-headless-safe	KEYIN:REFERENCE SET USEVIEWFLAGS=ON ALL				N	N	CONNECT REFERENCE/misc harvest	2026-07-31	2026-07-31	live re-probe after COM recovery (0.084s)
REFERENCE_SET_NEWLEVELDISPLAY_FROMCONFIG_ALL	keyin_recipe	verified-headless-safe	KEYIN:REFERENCE SET NEWLEVELDISPLAY=FROMCONFIG ALL				N	N	CONNECT REFERENCE/misc harvest	2026-07-31	2026-07-31	live re-probe after COM recovery (0.126s)
REFERENCE_SET_NESTOVERRIDES_ALLOW_ALL	keyin_recipe	verified-headless-safe	KEYIN:REFERENCE SET NESTOVERRIDES=ALLOW ALL				N	N	CONNECT REFERENCE/misc harvest	2026-07-31	2026-07-31	live re-probe after COM recovery (0.089s)
REFERENCE_SET_GLOBALLSSCALE_MASTER_ALL	keyin_recipe	verified-headless-safe	KEYIN:REFERENCE SET GLOBALLSSCALE=MASTER ALL				N	N	CONNECT REFERENCE/misc harvest	2026-07-31	2026-07-31	live re-probe after COM recovery (0.128s)
REFERENCE_SET_SYNCHWITHSAVEDVIEW_NONE_ALL	keyin_recipe	verified-headless-safe	KEYIN:REFERENCE SET SYNCHWITHSAVEDVIEW=NONE ALL				N	N	CONNECT REFERENCE/misc harvest	2026-07-31	2026-07-31	live re-probe after COM recovery (0.087s)
REFERENCE_SET_IGNOREWHENNESTING_OFF_ALL	keyin_recipe	verified-headless-safe	KEYIN:REFERENCE SET IGNOREWHENNESTING=OFF ALL				N	N	CONNECT REFERENCE/misc harvest	2026-07-31	2026-07-31	live re-probe after COM recovery (0.072s)
REFERENCE_SET_PRINTCOLORADJUSTMENT_0_ALL	keyin_recipe	verified-headless-safe	KEYIN:REFERENCE SET PRINTCOLORADJUSTMENT=0 ALL				N	N	CONNECT REFERENCE/misc harvest	2026-07-31	2026-07-31	live re-probe after COM recovery (0.068s)
REFERENCE_LEVELS_ON_ALL	keyin_recipe	unsafe-blocked	KEYIN:REFERENCE LEVELS ON ALL				N	N	CONNECT REFERENCE/misc harvest	2026-07-31		live re-probe after COM recovery (0.087s) | false-OK audit 2026-08-02: ARMED — left CommandName='Reference Levels On' prompt='Select reference' (baseline='Element Selection'). Old keyin_batch probe SendReset masked this; refusing headless execution.
REFERENCE_LEVELS_OFF_ALL	keyin_recipe	unsafe-blocked	KEYIN:REFERENCE LEVELS OFF ALL				N	N	CONNECT REFERENCE/misc harvest	2026-07-31		live re-probe after COM recovery (0.093s) | false-OK audit 2026-08-02: ARMED — left CommandName='Reference Levels Off' prompt='Select reference' (baseline='Element Selection'). Old keyin_batch probe SendReset masked this; refusing headless execution.
REFERENCE_DISPLAY_TOGGLE_ALL	keyin_recipe	verified-headless-safe	KEYIN:REFERENCE DISPLAY TOGGLE ALL				N	N	CONNECT REFERENCE/misc harvest	2026-07-31	2026-07-31	live re-probe after COM recovery (0.043s)
REFERENCE_DEACTIVATE	keyin_recipe	verified-headless-safe	KEYIN:REFERENCE DEACTIVATE				N	N	CONNECT REFERENCE/misc harvest	2026-07-31	2026-07-31	live re-probe after COM recovery (0.016s)
REFERENCE_RELOAD_ALL	keyin_recipe	unsafe-blocked	KEYIN:REFERENCE RELOAD ALL				N	N	CONNECT REFERENCE/misc harvest	2026-07-31		file mutation — never auto-verify batch probe 2026-07-31: kind=file, not promotable
ACCUDRAW_ACTIVATE	keyin_recipe	verified-headless-safe	KEYIN:ACCUDRAW ACTIVATE				N	N	CONNECT REFERENCE/misc harvest	2026-07-31	2026-07-31	live re-probe after COM recovery (0.045s)
ACCUDRAW_QUIT	keyin_recipe	verified-headless-safe	KEYIN:ACCUDRAW QUIT				N	N	CONNECT REFERENCE/misc harvest	2026-07-31	2026-07-31	live re-probe after COM recovery (0.017s)
ACCUDRAW_TOGGLE	keyin_recipe	verified-headless-safe	KEYIN:ACCUDRAW TOGGLE				N	N	CONNECT REFERENCE/misc harvest	2026-07-31	2026-07-31	live re-probe after COM recovery (0.021s)
ACCUDRAW_SETTINGS_CONTEXTSENS_ON	keyin_recipe	verified-headless-safe	KEYIN:ACCUDRAW SETTINGS CONTEXTSENS ON				N	N	CONNECT REFERENCE/misc harvest	2026-07-31	2026-07-31	live re-probe after COM recovery (0.017s)
ACCUDRAW_SETTINGS_CONTEXTSENS_OFF	keyin_recipe	verified-headless-safe	KEYIN:ACCUDRAW SETTINGS CONTEXTSENS OFF				N	N	CONNECT REFERENCE/misc harvest	2026-07-31	2026-07-31	live re-probe after COM recovery (0.016s)
ACCUDRAW_SETTINGS_INDEXTOL	keyin_recipe	verified-headless-safe	KEYIN:ACCUDRAW SETTINGS INDEXTOL {pixels}		pixels		N	N	CONNECT REFERENCE/misc harvest	2026-07-31	2026-07-31	live re-probe after COM recovery (0.023s)
ACCUDRAW_SETTINGS_AUTOLOAD_ON	keyin_recipe	verified-headless-safe	KEYIN:ACCUDRAW SETTINGS AUTOLOAD ON				N	N	CONNECT REFERENCE/misc harvest	2026-07-31	2026-07-31	live re-probe after COM recovery (0.018s)
ACCUDRAW_SETTINGS_FLOATINGORIGIN_ON	keyin_recipe	verified-headless-safe	KEYIN:ACCUDRAW SETTINGS FLOATINGORIGIN ON				N	N	CONNECT REFERENCE/misc harvest	2026-07-31	2026-07-31	live re-probe after COM recovery (0.015s)
ACCUDRAW_MODE	keyin_recipe	verified-headless-safe	KEYIN:ACCUDRAW MODE				N	N	CONNECT REFERENCE/misc harvest	2026-07-31	2026-07-31	live re-probe after COM recovery (0.015s)
ACCUDRAW_LOCK_SMART	keyin_recipe	verified-headless-safe	KEYIN:ACCUDRAW LOCK SMART				N	N	CONNECT REFERENCE/misc harvest	2026-07-31	2026-07-31	live re-probe after COM recovery (0.015s)
ACCUDRAW_ROTATE_VIEW	keyin_recipe	verified-headless-safe	KEYIN:ACCUDRAW ROTATE VIEW				N	N	CONNECT REFERENCE/misc harvest	2026-07-31	2026-08-02	live re-probe after COM recovery (0.014s) | false-OK audit 2026-08-02: CLEAN — CommandName stayed at baseline after SendKeyin (no tool left armed). Restored to verified-headless-safe.
ACCUSNAP_ON	keyin_recipe	verified-headless-safe	KEYIN:ACCUSNAP ON				N	N	CONNECT REFERENCE/misc harvest	2026-07-31	2026-07-31	live re-probe after COM recovery (0.014s)
ACCUSNAP_OFF	keyin_recipe	verified-headless-safe	KEYIN:ACCUSNAP OFF				N	N	CONNECT REFERENCE/misc harvest	2026-07-31	2026-07-31	live re-probe after COM recovery (0.014s)
ACCUSNAP_TOGGLE	keyin_recipe	verified-headless-safe	KEYIN:ACCUSNAP TOGGLE				N	N	CONNECT REFERENCE/misc harvest	2026-07-31	2026-07-31	live re-probe after COM recovery (0.014s)
ACCUSNAP_SUSPEND	keyin_recipe	verified-headless-safe	KEYIN:ACCUSNAP SUSPEND				N	N	CONNECT REFERENCE/misc harvest	2026-07-31	2026-07-31	live re-probe after COM recovery (0.041s)
ACCUSNAP_AUTOLOCATE_ON	keyin_recipe	verified-headless-safe	KEYIN:ACCUSNAP AUTOLOCATE ON				N	N	CONNECT REFERENCE/misc harvest	2026-07-31	2026-07-31	live re-probe after COM recovery (0.015s)
ACCUSNAP_AUTOLOCATE_OFF	keyin_recipe	verified-headless-safe	KEYIN:ACCUSNAP AUTOLOCATE OFF				N	N	CONNECT REFERENCE/misc harvest	2026-07-31	2026-07-31	live re-probe after COM recovery (0.014s)
SNAP_KEYPOINT	keyin_recipe	verified-headless-safe	KEYIN:SNAP KEYPOINT				N	N	CONNECT REFERENCE/misc harvest	2026-07-31	2026-07-31	live re-probe after COM recovery (0.018s)
SNAP_NEAREST	keyin_recipe	verified-headless-safe	KEYIN:SNAP NEAREST				N	N	CONNECT REFERENCE/misc harvest	2026-07-31	2026-07-31	live re-probe after COM recovery (0.017s)
SNAP_CENTER	keyin_recipe	verified-headless-safe	KEYIN:SNAP CENTER				N	N	CONNECT REFERENCE/misc harvest	2026-07-31	2026-07-31	live re-probe after COM recovery (0.022s)
SNAP_INTERSECT	keyin_recipe	verified-headless-safe	KEYIN:SNAP INTERSECT				N	N	CONNECT REFERENCE/misc harvest	2026-07-31	2026-07-31	live re-probe after COM recovery (0.018s)
SNAP_MIDPOINT	keyin_recipe	verified-headless-safe	KEYIN:SNAP MIDPOINT				N	N	CONNECT REFERENCE/misc harvest	2026-07-31	2026-07-31	live re-probe after COM recovery (0.018s)
SNAP_ORIGIN	keyin_recipe	verified-headless-safe	KEYIN:SNAP ORIGIN				N	N	CONNECT REFERENCE/misc harvest	2026-07-31	2026-07-31	live re-probe after COM recovery (0.024s)
POWERSELECTOR_MODE_NEW	keyin_recipe	verified-headless-safe	KEYIN:POWERSELECTOR MODE NEW				N	N	CONNECT REFERENCE/misc harvest	2026-07-31	2026-07-31	live re-probe after COM recovery (0.018s)
POWERSELECTOR_SINGLE	keyin_recipe	verified-headless-safe	KEYIN:POWERSELECTOR SINGLE				N	N	CONNECT REFERENCE/misc harvest	2026-07-31	2026-07-31	live re-probe after COM recovery (0.016s)
POWERSELECTOR_MODE_ADD	keyin_recipe	verified-headless-safe	KEYIN:POWERSELECTOR MODE ADD				N	N	CONNECT REFERENCE/misc harvest	2026-07-31	2026-07-31	live re-probe after COM recovery (0.046s)
POWERSELECTOR_MODE_INVERT	keyin_recipe	verified-headless-safe	KEYIN:POWERSELECTOR MODE INVERT				N	N	CONNECT REFERENCE/misc harvest	2026-07-31	2026-07-31	live re-probe after COM recovery (0.016s)
CHOOSE_ALL	keyin_recipe	verified-headless-safe	KEYIN:CHOOSE ALL				N	N	CONNECT REFERENCE/misc harvest	2026-07-31	2026-07-31	live re-probe after COM recovery (0.080s)
CHOOSE_ELEMENT	keyin_recipe	unsafe-blocked	COMMAND:CHOOSE ELEMENT				N	N	CONNECT REFERENCE/misc harvest	2026-07-31		Arms selection tool probe error: <unknown>.SendKeyin reclassified after failed resume; never execute
DIALOG_ACCUSNAP	keyin_recipe	unsafe-blocked	KEYIN:DIALOG ACCUSNAP				N	N	CONNECT REFERENCE/misc harvest	2026-07-31		Negative control batch probe 2026-07-31: kind=dialog, not promotable
RD_OPEN_FILE	keyin_recipe	unsafe-blocked	KEYIN:RD={filePath}		filePath		N	N	CONNECT REFERENCE/misc harvest	2026-07-31		Negative control — do not open files batch probe 2026-07-31: kind=file, not promotable
TEXT_NODE_JUSTIFICATION_LEFT	keyin_recipe	verified-headless-safe	KEYIN:TEXT NODE JUSTIFICATION LEFT				N	N	direct harvest wave2	2026-07-31	2026-07-31	live batch probe 2026-07-31 (0.032s)
TEXT_NODE_JUSTIFICATION_CENTER	keyin_recipe	verified-headless-safe	KEYIN:TEXT NODE JUSTIFICATION CENTER				N	N	direct harvest wave2	2026-07-31	2026-07-31	live batch probe 2026-07-31 (0.028s)
TEXT_NODE_JUSTIFICATION_RIGHT	keyin_recipe	verified-headless-safe	KEYIN:TEXT NODE JUSTIFICATION RIGHT				N	N	direct harvest wave2	2026-07-31	2026-07-31	live batch probe 2026-07-31 (0.037s)
TEXT_JUSTIFICATION_LEFT	keyin_recipe	verified-headless-safe	KEYIN:TEXT JUSTIFICATION LEFT				N	N	direct harvest wave2	2026-07-31	2026-07-31	live batch probe 2026-07-31 (0.029s)
TEXT_JUSTIFICATION_CENTER	keyin_recipe	verified-headless-safe	KEYIN:TEXT JUSTIFICATION CENTER				N	N	direct harvest wave2	2026-07-31	2026-07-31	live batch probe 2026-07-31 (0.029s)
TEXT_JUSTIFICATION_RIGHT	keyin_recipe	verified-headless-safe	KEYIN:TEXT JUSTIFICATION RIGHT				N	N	direct harvest wave2	2026-07-31	2026-07-31	live batch probe 2026-07-31 (0.033s)
SET_TEXT_NODE_DISPLAY_ON	keyin_recipe	verified-headless-safe	KEYIN:SET TEXT NODE DISPLAY ON				N	N	direct harvest wave2	2026-07-31	2026-07-31	live batch probe 2026-07-31 (0.03s)
SET_TEXT_NODE_DISPLAY_OFF	keyin_recipe	verified-headless-safe	KEYIN:SET TEXT NODE DISPLAY OFF				N	N	direct harvest wave2	2026-07-31	2026-07-31	live batch probe 2026-07-31 (0.029s)
SET_TEXT_STYLES_ON	keyin_recipe	verified-headless-safe	KEYIN:SET TEXT STYLES ON				N	N	direct harvest wave2	2026-07-31	2026-07-31	live batch probe 2026-07-31 (0.037s)
SET_TEXT_STYLES_OFF	keyin_recipe	verified-headless-safe	KEYIN:SET TEXT STYLES OFF				N	N	direct harvest wave2	2026-07-31	2026-07-31	live batch probe 2026-07-31 (0.027s)
ACTIVE_FONTNAME	keyin_recipe	verified-headless-safe	KEYIN:ACTIVE FONTNAME {fontName}		fontName		N	N	direct harvest wave2	2026-07-31	2026-07-31	live batch probe 2026-07-31 (0.027s)
ACTIVE_LINE_SPACING	keyin_recipe	verified-headless-safe	KEYIN:ACTIVE LINE SPACING {spacing}		spacing		N	N	direct harvest wave2	2026-07-31	2026-07-31	live batch probe 2026-07-31 (0.032s)
ACTIVE_LINE_LENGTH	keyin_recipe	verified-headless-safe	KEYIN:ACTIVE LINE LENGTH {length}		length		N	N	direct harvest wave2	2026-07-31	2026-07-31	live batch probe 2026-07-31 (0.03s)
ACTIVE_TEXTSTYLE	keyin_recipe	verified-headless-safe	KEYIN:ACTIVE TEXTSTYLE {style}		style		N	N	direct harvest wave2	2026-07-31	2026-07-31	live batch probe 2026-07-31 (0.033s)
DETACH_LIBRARY	keyin_recipe	verified-headless-safe	KEYIN:DETACH LIBRARY				N	N	direct harvest wave2	2026-07-31	2026-07-31	live batch probe 2026-07-31 (0.058s)
SHOW_LIBRARY	keyin_recipe	verified-headless-safe	KEYIN:SHOW LIBRARY				N	N	direct harvest wave2	2026-07-31	2026-07-31	live batch probe 2026-07-31 (0.779s)
ACTIVE_CELL_SCALE	keyin_recipe	verified-headless-safe	KEYIN:ACTIVE CELL SCALE {scale}		scale		N	N	direct harvest wave2	2026-07-31	2026-07-31	live batch probe 2026-07-31 (0.043s)
ACTIVE_CELL_XSCALE	keyin_recipe	verified-headless-safe	KEYIN:ACTIVE CELL XSCALE {scale}		scale		N	N	direct harvest wave2	2026-07-31	2026-07-31	live batch probe 2026-07-31 (0.035s)
ACTIVE_CELL_YSCALE	keyin_recipe	verified-headless-safe	KEYIN:ACTIVE CELL YSCALE {scale}		scale		N	N	direct harvest wave2	2026-07-31	2026-07-31	live batch probe 2026-07-31 (0.034s)
SET_CELLS_ON	keyin_recipe	verified-headless-safe	KEYIN:SET CELLS ON				N	N	direct harvest wave2	2026-07-31	2026-07-31	live batch probe 2026-07-31 (0.034s)
SET_CELLS_OFF	keyin_recipe	verified-headless-safe	KEYIN:SET CELLS OFF				N	N	direct harvest wave2	2026-07-31	2026-07-31	live batch probe 2026-07-31 (0.032s)
DIMENSION_UNITS_MASTER	keyin_recipe	verified-headless-safe	KEYIN:DIMENSION UNITS MASTER				N	N	direct harvest wave2	2026-07-31	2026-07-31	live batch probe 2026-07-31 (0.029s)
DIMENSION_UNITS_SUB	keyin_recipe	verified-headless-safe	KEYIN:DIMENSION UNITS SUB				N	N	direct harvest wave2	2026-07-31	2026-07-31	live batch probe 2026-07-31 (0.033s)
DIMENSION_TEXT_ABOVE	keyin_recipe	verified-headless-safe	KEYIN:DIMENSION TEXT ABOVE				N	N	direct harvest wave2	2026-07-31	2026-07-31	live batch probe 2026-07-31 (0.027s)
DIMENSION_TEXT_INLINE	keyin_recipe	verified-headless-safe	KEYIN:DIMENSION TEXT INLINE				N	N	direct harvest wave2	2026-07-31	2026-07-31	live batch probe 2026-07-31 (0.041s)
DIMENSION_ARROW_OPEN	keyin_recipe	verified-headless-safe	KEYIN:DIMENSION ARROW OPEN				N	N	direct harvest wave2	2026-07-31	2026-07-31	live batch probe 2026-07-31 (0.044s)
DIMENSION_ARROW_FILLED	keyin_recipe	verified-headless-safe	KEYIN:DIMENSION ARROW FILLED				N	N	direct harvest wave2	2026-07-31	2026-07-31	live batch probe 2026-07-31 (0.027s)
SET_DIMENSIONS_ON	keyin_recipe	verified-headless-safe	KEYIN:SET DIMENSIONS ON				N	N	direct harvest wave2	2026-07-31	2026-07-31	live batch probe 2026-07-31 (0.033s)
SET_DIMENSIONS_OFF	keyin_recipe	verified-headless-safe	KEYIN:SET DIMENSIONS OFF				N	N	direct harvest wave2	2026-07-31	2026-07-31	live batch probe 2026-07-31 (0.03s)
ACTIVE_DIMENSION_COLOR	keyin_recipe	verified-headless-safe	KEYIN:ACTIVE DIMENSION COLOR {color}		color		N	N	direct harvest wave2	2026-07-31	2026-07-31	live batch probe 2026-07-31 (0.033s)
ACTIVE_DIMENSION_WEIGHT	keyin_recipe	verified-headless-safe	KEYIN:ACTIVE DIMENSION WEIGHT {weight}		weight		N	N	direct harvest wave2	2026-07-31	2026-07-31	live batch probe 2026-07-31 (0.027s)
FENCE_ICON	keyin_recipe	verified-headless-safe	KEYIN:FENCE ICON				N	N	direct harvest wave2	2026-07-31	2026-07-31	May arm tool — probe will classify live batch probe 2026-07-31 (0.042s)
FENCE_DELETE	keyin_recipe	verified-headless-safe	KEYIN:FENCE DELETE				N	N	direct harvest wave2	2026-07-31	2026-07-31	Clears fence if present live batch probe 2026-07-31 (0.041s)
DELETE_FENCE_CONTENTS	keyin_recipe	unsafe-blocked	COMMAND:DELETE FENCE CONTENTS				N	N	direct harvest wave2	2026-07-31		Destructive — treat carefully; mark tool batch probe 2026-07-31: kind=tool, not promotable
CLEAR_FENCE	keyin_recipe	verified-headless-safe	KEYIN:CLEAR FENCE				N	N	direct harvest wave2	2026-07-31	2026-07-31	live batch probe 2026-07-31 (0.028s)
FENCE_VOID_OFF	keyin_recipe	verified-headless-safe	KEYIN:FENCE VOID OFF				N	N	direct harvest wave2	2026-07-31	2026-07-31	live batch probe 2026-07-31 (0.028s)
FENCE_CLIP_OFF	keyin_recipe	verified-headless-safe	KEYIN:FENCE CLIP OFF				N	N	direct harvest wave2	2026-07-31	2026-07-31	live batch probe 2026-07-31 (0.027s)
ACS_SET_VIEW	keyin_recipe	verified-headless-safe	KEYIN:ACS SET VIEW				N	N	direct harvest wave2	2026-07-31	2026-07-31	live batch probe 2026-07-31 (0.035s)
ACS_SET_ELEMENT	keyin_recipe	unsafe-blocked	COMMAND:ACS SET ELEMENT				N	N	direct harvest wave2	2026-07-31		Likely needs element pick batch probe 2026-07-31: kind=tool, not promotable
ACS_SET_TOP	keyin_recipe	verified-headless-safe	KEYIN:ACS SET TOP				N	N	direct harvest wave2	2026-07-31	2026-07-31	live batch probe 2026-07-31 (0.036s)
ACS_SET_FRONT	keyin_recipe	verified-headless-safe	KEYIN:ACS SET FRONT				N	N	direct harvest wave2	2026-07-31	2026-07-31	live batch probe 2026-07-31 (0.039s)
ACS_SET_SIDE	keyin_recipe	verified-headless-safe	KEYIN:ACS SET SIDE				N	N	direct harvest wave2	2026-07-31	2026-07-31	live batch probe 2026-07-31 (0.028s)
ACS_DELETE	keyin_recipe	verified-headless-safe	KEYIN:ACS DELETE				N	N	direct harvest wave2	2026-07-31	2026-07-31	live batch probe 2026-07-31 (0.062s)
ACS_TOGGLE_ROTATEDATA	keyin_recipe	verified-headless-safe	KEYIN:ACS TOGGLE ROTATEDATA				N	N	direct harvest wave2	2026-07-31	2026-07-31	live batch probe 2026-07-31 (0.028s)
MODEL_DISPLAY_ON	keyin_recipe	verified-headless-safe	KEYIN:MODEL DISPLAY ON				N	N	direct harvest wave2	2026-07-31	2026-07-31	live batch probe 2026-07-31 (2.008s)
MODEL_DISPLAY_OFF	keyin_recipe	verified-headless-safe	KEYIN:MODEL DISPLAY OFF				N	N	direct harvest wave2	2026-07-31	2026-07-31	live batch probe 2026-07-31 (0.059s)
SET_BACKGROUND_ON	keyin_recipe	unsafe-blocked	KEYIN:SET BACKGROUND ON				N	N	direct harvest wave2	2026-07-31		live batch probe 2026-07-31 (0.09s) | false-OK audit 2026-08-02: ARMED — left CommandName='Toggle Background Display' prompt='Select view' (baseline='Element Selection'). Old keyin_batch probe SendReset masked this; refusing headless execution.
SET_BACKGROUND_OFF	keyin_recipe	unsafe-blocked	KEYIN:SET BACKGROUND OFF				N	N	direct harvest wave2	2026-07-31		live batch probe 2026-07-31 (0.082s) | false-OK audit 2026-08-02: ARMED — left CommandName='Toggle Background Display' prompt='Select view' (baseline='Element Selection'). Old keyin_batch probe SendReset masked this; refusing headless execution.
SET_FILL_MODE_ON	keyin_recipe	verified-headless-safe	KEYIN:SET FILL MODE ON				N	N	direct harvest wave2	2026-07-31	2026-07-31	live batch probe 2026-07-31 (0.027s)
SET_FILL_MODE_OFF	keyin_recipe	verified-headless-safe	KEYIN:SET FILL MODE OFF				N	N	direct harvest wave2	2026-07-31	2026-07-31	live batch probe 2026-07-31 (0.029s)
SET_HILINE_ON	keyin_recipe	verified-headless-safe	KEYIN:SET HILINE ON				N	N	direct harvest wave2	2026-07-31	2026-07-31	live batch probe 2026-07-31 (0.046s)
SET_HILINE_OFF	keyin_recipe	verified-headless-safe	KEYIN:SET HILINE OFF				N	N	direct harvest wave2	2026-07-31	2026-07-31	live batch probe 2026-07-31 (0.028s)
SET_CAMERA_ON	keyin_recipe	verified-headless-safe	KEYIN:SET CAMERA ON				N	N	direct harvest wave2	2026-07-31	2026-07-31	live batch probe 2026-07-31 (0.036s)
SET_CAMERA_OFF	keyin_recipe	verified-headless-safe	KEYIN:SET CAMERA OFF				N	N	direct harvest wave2	2026-07-31	2026-07-31	live batch probe 2026-07-31 (0.028s)
SET_DYNAMICS_ON	keyin_recipe	verified-headless-safe	KEYIN:SET DYNAMICS ON				N	N	direct harvest wave2	2026-07-31	2026-07-31	live batch probe 2026-07-31 (0.036s)
SET_DYNAMICS_OFF	keyin_recipe	verified-headless-safe	KEYIN:SET DYNAMICS OFF				N	N	direct harvest wave2	2026-07-31	2026-07-31	live batch probe 2026-07-31 (0.027s)
SET_LOCATE_ON	keyin_recipe	verified-headless-safe	KEYIN:SET LOCATE ON				N	N	direct harvest wave2	2026-07-31	2026-07-31	live batch probe 2026-07-31 (0.034s)
SET_LOCATE_OFF	keyin_recipe	verified-headless-safe	KEYIN:SET LOCATE OFF				N	N	direct harvest wave2	2026-07-31	2026-07-31	live batch probe 2026-07-31 (0.028s)
SET_HILITE_ON	keyin_recipe	verified-headless-safe	KEYIN:SET HILITE ON				N	N	direct harvest wave2	2026-07-31	2026-07-31	live batch probe 2026-07-31 (0.035s)
SET_HILITE_OFF	keyin_recipe	verified-headless-safe	KEYIN:SET HILITE OFF				N	N	direct harvest wave2	2026-07-31	2026-07-31	live batch probe 2026-07-31 (0.031s)
SET_AREA_FILL_ON	keyin_recipe	verified-headless-safe	KEYIN:SET AREA FILL ON				N	N	direct harvest wave2	2026-07-31	2026-07-31	live batch probe 2026-07-31 (0.032s)
SET_AREA_FILL_OFF	keyin_recipe	verified-headless-safe	KEYIN:SET AREA FILL OFF				N	N	direct harvest wave2	2026-07-31	2026-07-31	live batch probe 2026-07-31 (0.027s)
SET_STREAM_ON	keyin_recipe	verified-headless-safe	KEYIN:SET STREAM ON				N	N	direct harvest wave2	2026-07-31	2026-07-31	live batch probe 2026-07-31 (0.032s)
SET_STREAM_OFF	keyin_recipe	verified-headless-safe	KEYIN:SET STREAM OFF				N	N	direct harvest wave2	2026-07-31	2026-07-31	live batch probe 2026-07-31 (0.039s)
SET_AUXINPUT_ON	keyin_recipe	verified-headless-safe	KEYIN:SET AUXINPUT ON				N	N	direct harvest wave2	2026-07-31	2026-07-31	live batch probe 2026-07-31 (0.029s)
SET_AUXINPUT_OFF	keyin_recipe	verified-headless-safe	KEYIN:SET AUXINPUT OFF				N	N	direct harvest wave2	2026-07-31	2026-07-31	live batch probe 2026-07-31 (0.031s)
SET_CONSTRUCTION_CLASS_ON	keyin_recipe	verified-headless-safe	KEYIN:SET CONSTRUCTION CLASS ON				N	N	direct harvest wave2	2026-07-31	2026-07-31	live batch probe 2026-07-31 (0.029s)
SET_CONSTRUCTION_CLASS_OFF	keyin_recipe	verified-headless-safe	KEYIN:SET CONSTRUCTION CLASS OFF				N	N	direct harvest wave2	2026-07-31	2026-07-31	live batch probe 2026-07-31 (0.027s)
SET_PRIMARY_CLASS_ON	keyin_recipe	verified-headless-safe	KEYIN:SET PRIMARY CLASS ON				N	N	direct harvest wave2	2026-07-31	2026-07-31	live batch probe 2026-07-31 (0.036s)
SET_PRIMARY_CLASS_OFF	keyin_recipe	verified-headless-safe	KEYIN:SET PRIMARY CLASS OFF				N	N	direct harvest wave2	2026-07-31	2026-07-31	live batch probe 2026-07-31 (0.029s)
DISPLAYSET_ON	keyin_recipe	verified-headless-safe	KEYIN:DISPLAYSET ON				N	N	direct harvest wave2	2026-07-31	2026-07-31	live batch probe 2026-07-31 (0.026s)
DISPLAYSET_OFF	keyin_recipe	verified-headless-safe	KEYIN:DISPLAYSET OFF				N	N	direct harvest wave2	2026-07-31	2026-07-31	live batch probe 2026-07-31 (0.033s)
DISPLAYSET_CLEAR	keyin_recipe	verified-headless-safe	KEYIN:DISPLAYSET CLEAR				N	N	direct harvest wave2	2026-07-31	2026-07-31	live batch probe 2026-07-31 (0.029s)
NAMEDGROUP_DISPLAY_ON	keyin_recipe	verified-headless-safe	KEYIN:NAMEDGROUP DISPLAY ON				N	N	direct harvest wave2	2026-07-31	2026-07-31	live batch probe 2026-07-31 (0.039s)
NAMEDGROUP_DISPLAY_OFF	keyin_recipe	verified-headless-safe	KEYIN:NAMEDGROUP DISPLAY OFF				N	N	direct harvest wave2	2026-07-31	2026-07-31	live batch probe 2026-07-31 (0.03s)
ACTIVE_UNITS_MASTER	keyin_recipe	verified-headless-safe	KEYIN:ACTIVE UNITS MASTER				N	N	direct harvest wave2	2026-07-31	2026-07-31	live batch probe 2026-07-31 (0.027s)
ACTIVE_UNITS_SUB	keyin_recipe	verified-headless-safe	KEYIN:ACTIVE UNITS SUB				N	N	direct harvest wave2	2026-07-31	2026-07-31	live batch probe 2026-07-31 (0.034s)
MU_EQ	keyin_recipe	verified-headless-safe	KEYIN:MU={masterUnit}		masterUnit		N	N	direct harvest wave2	2026-07-31	2026-07-31	live batch probe 2026-07-31 (0.033s)
SU_EQ	keyin_recipe	verified-headless-safe	KEYIN:SU={subUnit}		subUnit		N	N	direct harvest wave2	2026-07-31	2026-07-31	live batch probe 2026-07-31 (0.029s)
WORKINGUNITS_DIALOG	keyin_recipe	unsafe-blocked	KEYIN:WORKINGUNITS				N	N	direct harvest wave2	2026-07-31		Negative control batch probe 2026-07-31: kind=dialog, not promotable
PRINT_ATTRIBUTES_ON	keyin_recipe	verified-headless-safe	KEYIN:PRINT ATTRIBUTES ON				N	N	direct harvest wave2	2026-07-31	2026-07-31	live batch probe 2026-07-31 (1.155s)
PRINT_ATTRIBUTES_OFF	keyin_recipe	verified-headless-safe	KEYIN:PRINT ATTRIBUTES OFF				N	N	direct harvest wave2	2026-07-31	2026-07-31	live batch probe 2026-07-31 (0.036s)
PLOT_BORDER_ON	keyin_recipe	verified-headless-safe	KEYIN:PLOT BORDER ON				N	N	direct harvest wave2	2026-07-31	2026-07-31	live batch probe 2026-07-31 (0.032s)
PLOT_BORDER_OFF	keyin_recipe	verified-headless-safe	KEYIN:PLOT BORDER OFF				N	N	direct harvest wave2	2026-07-31	2026-07-31	live batch probe 2026-07-31 (0.03s)
DIALOG_PRINT	keyin_recipe	unsafe-blocked	KEYIN:DIALOG PRINT				N	N	direct harvest wave2	2026-07-31		Negative control batch probe 2026-07-31: kind=dialog, not promotable
DIALOG_ACS	keyin_recipe	unsafe-blocked	KEYIN:DIALOG ACS				N	N	direct harvest wave2	2026-07-31		Negative control batch probe 2026-07-31: kind=dialog, not promotable
DIALOG_CELL	keyin_recipe	unsafe-blocked	KEYIN:DIALOG CELL MAINTENANCE				N	N	direct harvest wave2	2026-07-31		Negative control batch probe 2026-07-31: kind=dialog, not promotable
PLACE_TEXT_NODE_BARE	keyin_recipe	unsafe-blocked	COMMAND:PLACE TEXT NODE				N	N	direct harvest wave2	2026-07-31		Negative control batch probe 2026-07-31: kind=tool, not promotable
PLACE_DIMENSION_ORDINATE_BARE	keyin_recipe	unsafe-blocked	COMMAND:PLACE DIMENSION ORDINATE				N	N	direct harvest wave2	2026-07-31		Negative control batch probe 2026-07-31: kind=tool, not promotable
DEFINE_CELL_ORIGIN_BARE	keyin_recipe	unsafe-blocked	COMMAND:DEFINE CELL ORIGIN				N	N	direct harvest wave2	2026-07-31		Negative control batch probe 2026-07-31: kind=tool, not promotable
ACTIVE_CELL_ARMS_TOOL	keyin_recipe	unsafe-blocked	COMMAND:AC=TWZAP_P		cellName		N	N	direct harvest wave2	2026-07-31		Known arms Place Cell — negative control batch probe 2026-07-31: kind=tool, not promotable
SET_EDGES_ON	keyin_recipe	verified-headless-safe	KEYIN:SET EDGES ON				N	N	direct harvest wave3	2026-07-31	2026-07-31	live batch probe 2026-07-31 (0.031s)
SET_EDGES_OFF	keyin_recipe	verified-headless-safe	KEYIN:SET EDGES OFF				N	N	direct harvest wave3	2026-07-31	2026-07-31	live batch probe 2026-07-31 (0.028s)
SET_SHADOWS_ON	keyin_recipe	verified-headless-safe	KEYIN:SET SHADOWS ON				N	N	direct harvest wave3	2026-07-31	2026-07-31	live batch probe 2026-07-31 (0.036s)
SET_SHADOWS_OFF	keyin_recipe	verified-headless-safe	KEYIN:SET SHADOWS OFF				N	N	direct harvest wave3	2026-07-31	2026-07-31	live batch probe 2026-07-31 (0.042s)
SET_TEXTURES_ON	keyin_recipe	verified-headless-safe	KEYIN:SET TEXTURES ON				N	N	direct harvest wave3	2026-07-31	2026-07-31	live batch probe 2026-07-31 (0.027s)
SET_TEXTURES_OFF	keyin_recipe	verified-headless-safe	KEYIN:SET TEXTURES OFF				N	N	direct harvest wave3	2026-07-31	2026-07-31	live batch probe 2026-07-31 (0.043s)
SET_SMOOTH_ON	keyin_recipe	verified-headless-safe	KEYIN:SET SMOOTH ON				N	N	direct harvest wave3	2026-07-31	2026-07-31	live batch probe 2026-07-31 (0.035s)
SET_SMOOTH_OFF	keyin_recipe	verified-headless-safe	KEYIN:SET SMOOTH OFF				N	N	direct harvest wave3	2026-07-31	2026-07-31	live batch probe 2026-07-31 (0.029s)
SET_ANTIALIAS_ON	keyin_recipe	verified-headless-safe	KEYIN:SET ANTIALIAS ON				N	N	direct harvest wave3	2026-07-31	2026-07-31	live batch probe 2026-07-31 (0.028s)
SET_ANTIALIAS_OFF	keyin_recipe	verified-headless-safe	KEYIN:SET ANTIALIAS OFF				N	N	direct harvest wave3	2026-07-31	2026-07-31	live batch probe 2026-07-31 (0.033s)
SET_RENDER_MODE_WIREFRAME	keyin_recipe	verified-headless-safe	KEYIN:SET RENDERMODE WIREFRAME				N	N	direct harvest wave3	2026-07-31	2026-07-31	live batch probe 2026-07-31 (0.03s)
SET_RENDER_MODE_HIDDEN	keyin_recipe	verified-headless-safe	KEYIN:SET RENDERMODE HIDDEN				N	N	direct harvest wave3	2026-07-31	2026-07-31	live batch probe 2026-07-31 (0.028s)
SET_RENDER_MODE_FILLED	keyin_recipe	verified-headless-safe	KEYIN:SET RENDERMODE FILLED				N	N	direct harvest wave3	2026-07-31	2026-07-31	live batch probe 2026-07-31 (0.033s)
SET_RENDER_MODE_SMOOTH	keyin_recipe	verified-headless-safe	KEYIN:SET RENDERMODE SMOOTH				N	N	direct harvest wave3	2026-07-31	2026-07-31	live batch probe 2026-07-31 (0.027s)
VIEW_WIREFRAME	keyin_recipe	verified-headless-safe	KEYIN:VIEW WIREFRAME				N	N	direct harvest wave3	2026-07-31	2026-07-31	live batch probe 2026-07-31 (0.036s)
VIEW_HIDDEN_LINE	keyin_recipe	verified-headless-safe	KEYIN:VIEW HIDDEN LINE				N	N	direct harvest wave3	2026-07-31	2026-07-31	live batch probe 2026-07-31 (0.028s)
VIEW_FILLED_HIDDEN_LINE	keyin_recipe	verified-headless-safe	KEYIN:VIEW FILLED HIDDEN LINE				N	N	direct harvest wave3	2026-07-31	2026-07-31	live batch probe 2026-07-31 (0.037s)
VIEW_SMOOTH	keyin_recipe	verified-headless-safe	KEYIN:VIEW SMOOTH				N	N	direct harvest wave3	2026-07-31	2026-07-31	live batch probe 2026-07-31 (0.029s)
VIEW_ILLUSTRATION	keyin_recipe	verified-headless-safe	KEYIN:VIEW ILLUSTRATION				N	N	direct harvest wave3	2026-07-31	2026-07-31	live batch probe 2026-07-31 (0.036s)
DISPLAYSTYLE_SET_WIREFRAME	keyin_recipe	verified-headless-safe	KEYIN:DISPLAYSTYLE SET {styleName}		styleName		N	N	direct harvest wave3	2026-07-31	2026-07-31	live batch probe 2026-07-31 (0.035s)
DISPLAYSTYLE_SET_ILLUSTRATION	keyin_recipe	verified-headless-safe	KEYIN:DISPLAYSTYLE SET {styleName}		styleName		N	N	direct harvest wave3	2026-07-31	2026-07-31	live batch probe 2026-07-31 (0.03s)
SET_RASTERIZED_ON	keyin_recipe	verified-headless-safe	KEYIN:SET RASTERIZED ON				N	N	direct harvest wave3	2026-07-31	2026-07-31	live batch probe 2026-07-31 (0.029s)
SET_RASTERIZED_OFF	keyin_recipe	verified-headless-safe	KEYIN:SET RASTERIZED OFF				N	N	direct harvest wave3	2026-07-31	2026-07-31	live batch probe 2026-07-31 (0.032s)
SET_RASTER_ON	keyin_recipe	verified-headless-safe	KEYIN:SET RASTER ON				N	N	direct harvest wave3	2026-07-31	2026-07-31	live batch probe 2026-07-31 (0.031s)
SET_RASTER_OFF	keyin_recipe	verified-headless-safe	KEYIN:SET RASTER OFF				N	N	direct harvest wave3	2026-07-31	2026-07-31	live batch probe 2026-07-31 (0.036s)
REFERENCE_RASTER_DISPLAY_ON_ALL	keyin_recipe	verified-headless-safe	KEYIN:REFERENCE RASTER DISPLAY ON ALL				N	N	direct harvest wave3	2026-07-31	2026-07-31	live batch probe 2026-07-31 (0.039s)
REFERENCE_RASTER_DISPLAY_OFF_ALL	keyin_recipe	verified-headless-safe	KEYIN:REFERENCE RASTER DISPLAY OFF ALL				N	N	direct harvest wave3	2026-07-31	2026-07-31	live batch probe 2026-07-31 (0.033s)
SET_TAGS_ON	keyin_recipe	unsafe-blocked	KEYIN:SET TAGS ON				N	N	direct harvest wave3	2026-07-31		live batch probe 2026-07-31 (0.09s) | false-OK audit 2026-08-02: ARMED — left CommandName='Tag Display On' prompt='Select view' (baseline='Element Selection'). Old keyin_batch probe SendReset masked this; refusing headless execution.
SET_TAGS_OFF	keyin_recipe	unsafe-blocked	KEYIN:SET TAGS OFF				N	N	direct harvest wave3	2026-07-31		live batch probe 2026-07-31 (0.095s) | false-OK audit 2026-08-02: ARMED — left CommandName='Tag Display Off' prompt='Select view' (baseline='Element Selection'). Old keyin_batch probe SendReset masked this; refusing headless execution.
SET_ENTIRE_ON	keyin_recipe	verified-headless-safe	KEYIN:SET ENTIRE ON				N	N	direct harvest wave3	2026-07-31	2026-07-31	live batch probe 2026-07-31 (0.032s)
SET_ENTIRE_OFF	keyin_recipe	verified-headless-safe	KEYIN:SET ENTIRE OFF				N	N	direct harvest wave3	2026-07-31	2026-07-31	live batch probe 2026-07-31 (0.029s)
SET_RANGE_ON	keyin_recipe	verified-headless-safe	KEYIN:SET RANGE ON				N	N	direct harvest wave3	2026-07-31	2026-07-31	live batch probe 2026-07-31 (0.048s)
SET_RANGE_OFF	keyin_recipe	verified-headless-safe	KEYIN:SET RANGE OFF				N	N	direct harvest wave3	2026-07-31	2026-07-31	live batch probe 2026-07-31 (0.095s)
SET_NODES_ON	keyin_recipe	unsafe-blocked	KEYIN:SET NODES ON				N	N	direct harvest wave3	2026-07-31		live batch probe 2026-07-31 (0.082s) | false-OK audit 2026-08-02: ARMED — left CommandName='Text Node Display On' prompt='Select view' (baseline='Element Selection'). Old keyin_batch probe SendReset masked this; refusing headless execution.
SET_NODES_OFF	keyin_recipe	unsafe-blocked	KEYIN:SET NODES OFF				N	N	direct harvest wave3	2026-07-31		live batch probe 2026-07-31 (0.104s) | false-OK audit 2026-08-02: ARMED — left CommandName='Text Node Display Off' prompt='Select view' (baseline='Element Selection'). Old keyin_batch probe SendReset masked this; refusing headless execution.
SET_AUXILIARY_ON	keyin_recipe	verified-headless-safe	KEYIN:SET AUXILIARY ON				N	N	direct harvest wave3	2026-07-31	2026-07-31	live batch probe 2026-07-31 (0.026s)
SET_AUXILIARY_OFF	keyin_recipe	verified-headless-safe	KEYIN:SET AUXILIARY OFF				N	N	direct harvest wave3	2026-07-31	2026-07-31	live batch probe 2026-07-31 (0.033s)
SET_OVERLAY_ON	keyin_recipe	verified-headless-safe	KEYIN:SET OVERLAY ON				N	N	direct harvest wave3	2026-07-31	2026-07-31	live batch probe 2026-07-31 (0.028s)
SET_OVERLAY_OFF	keyin_recipe	verified-headless-safe	KEYIN:SET OVERLAY OFF				N	N	direct harvest wave3	2026-07-31	2026-07-31	live batch probe 2026-07-31 (0.029s)
SET_PATTERN_BOUNDARY_ON	keyin_recipe	verified-headless-safe	KEYIN:SET PATTERN BOUNDARY ON				N	N	direct harvest wave3	2026-07-31	2026-07-31	live batch probe 2026-07-31 (0.036s)
SET_PATTERN_BOUNDARY_OFF	keyin_recipe	verified-headless-safe	KEYIN:SET PATTERN BOUNDARY OFF				N	N	direct harvest wave3	2026-07-31	2026-07-31	live batch probe 2026-07-31 (0.028s)
LEVEL_BYLEVEL_ON	keyin_recipe	verified-headless-safe	KEYIN:LEVEL BYLEVEL ON				N	N	direct harvest wave3	2026-07-31	2026-07-31	live batch probe 2026-07-31 (0.028s)
LEVEL_BYLEVEL_OFF	keyin_recipe	verified-headless-safe	KEYIN:LEVEL BYLEVEL OFF				N	N	direct harvest wave3	2026-07-31	2026-07-31	live batch probe 2026-07-31 (0.034s)
LEVEL_FILTER_OFF	keyin_recipe	verified-headless-safe	KEYIN:LEVEL FILTER OFF				N	N	direct harvest wave3	2026-07-31	2026-07-31	live batch probe 2026-07-31 (0.029s)
LEVEL_FILTER_ON	keyin_recipe	verified-headless-safe	KEYIN:LEVEL FILTER ON				N	N	direct harvest wave3	2026-07-31	2026-07-31	live batch probe 2026-07-31 (0.028s)
LEVEL_USAGE_USED	keyin_recipe	verified-headless-safe	KEYIN:LEVEL USAGE USED				N	N	direct harvest wave3	2026-07-31	2026-07-31	live batch probe 2026-07-31 (0.035s)
LEVEL_USAGE_ALL	keyin_recipe	verified-headless-safe	KEYIN:LEVEL USAGE ALL				N	N	direct harvest wave3	2026-07-31	2026-07-31	live batch probe 2026-07-31 (0.047s)
ACTIVE_LEVEL_BY_NUMBER	keyin_recipe	verified-headless-safe	KEYIN:LV={levelNum}		levelNum		N	N	direct harvest wave3	2026-07-31	2026-07-31	live batch probe 2026-07-31 (0.212s)
ACTIVE_COLOR_BY_NUMBER	keyin_recipe	verified-headless-safe	KEYIN:CO={color}		color		N	N	direct harvest wave3	2026-07-31	2026-07-31	live batch probe 2026-07-31 (0.039s)
ACTIVE_WEIGHT_BY_NUMBER	keyin_recipe	verified-headless-safe	KEYIN:WT={weight}		weight		N	N	direct harvest wave3	2026-07-31	2026-07-31	live batch probe 2026-07-31 (0.029s)
ACTIVE_LINESTYLE_BY_NUMBER	keyin_recipe	verified-headless-safe	KEYIN:LC={lineStyle}		lineStyle		N	N	direct harvest wave3	2026-07-31	2026-07-31	live batch probe 2026-07-31 (0.028s)
ACTIVE_ANGLE_45	keyin_recipe	verified-headless-safe	KEYIN:AA={angleDeg}		angleDeg		N	N	direct harvest wave3	2026-07-31	2026-07-31	live batch probe 2026-07-31 (0.032s)
ACTIVE_SCALE_2	keyin_recipe	verified-headless-safe	KEYIN:AS={scale}		scale		N	N	direct harvest wave3	2026-07-31	2026-07-31	live batch probe 2026-07-31 (0.055s)
RESET_ELEMENT_ASSOC_ON	keyin_recipe	verified-headless-safe	KEYIN:SET ELEMENT ASSOCIATION ON				N	N	direct harvest wave3	2026-07-31	2026-07-31	live batch probe 2026-07-31 (0.028s)
RESET_ELEMENT_ASSOC_OFF	keyin_recipe	verified-headless-safe	KEYIN:SET ELEMENT ASSOCIATION OFF				N	N	direct harvest wave3	2026-07-31	2026-07-31	live batch probe 2026-07-31 (0.036s)
SET_MARKER_DISPLAY_ON	keyin_recipe	verified-headless-safe	KEYIN:SET MARKER DISPLAY ON				N	N	direct harvest wave3	2026-07-31	2026-07-31	live batch probe 2026-07-31 (0.029s)
SET_MARKER_DISPLAY_OFF	keyin_recipe	verified-headless-safe	KEYIN:SET MARKER DISPLAY OFF				N	N	direct harvest wave3	2026-07-31	2026-07-31	live batch probe 2026-07-31 (0.032s)
SET_CONSTRUCTIONS_DISPLAY_ON	keyin_recipe	verified-headless-safe	KEYIN:SET CONSTRUCTIONS DISPLAY ON				N	N	direct harvest wave3	2026-07-31	2026-07-31	live batch probe 2026-07-31 (0.027s)
SET_CONSTRUCTIONS_DISPLAY_OFF	keyin_recipe	verified-headless-safe	KEYIN:SET CONSTRUCTIONS DISPLAY OFF				N	N	direct harvest wave3	2026-07-31	2026-07-31	live batch probe 2026-07-31 (0.026s)
SAVE_SETTINGS	keyin_recipe	verified-headless-safe	KEYIN:SAVE SETTINGS				N	N	direct harvest wave3	2026-07-31	2026-07-31	Writes user prefs — settings class live batch probe 2026-07-31 (0.033s)
FILE_DESIGN	keyin_recipe	unsafe-blocked	KEYIN:FILE DESIGN				N	N	direct harvest wave3	2026-07-31		Save design — skip execute batch probe 2026-07-31: kind=file, not promotable
COMPRESS_OPTIONS	keyin_recipe	unsafe-blocked	KEYIN:COMPRESS OPTIONS				N	N	direct harvest wave3	2026-07-31		Negative control batch probe 2026-07-31: kind=dialog, not promotable
REFERENCE_ATTACH_SETTINGS	keyin_recipe	unsafe-blocked	KEYIN:REFERENCE ATTACH SETTINGS				N	N	direct harvest wave3	2026-07-31		Negative control batch probe 2026-07-31: kind=dialog, not promotable
REFERENCE_EXCHANGE	keyin_recipe	unsafe-blocked	COMMAND:REFERENCE EXCHANGE				N	N	direct harvest wave3	2026-07-31		Likely interactive batch probe 2026-07-31: kind=tool, not promotable
REFERENCE_RELOADFORCE_ALL	keyin_recipe	unsafe-blocked	KEYIN:REFERENCE RELOADFORCE ALL				N	N	direct harvest wave3	2026-07-31		Skip execute batch probe 2026-07-31: kind=file, not promotable
REFERENCE_DETACH_ALL	keyin_recipe	unsafe-blocked	KEYIN:REFERENCE DETACH ALL				N	N	direct harvest wave3	2026-07-31		Destructive — skip execute batch probe 2026-07-31: kind=file, not promotable
REFERENCE_CLIP_BOUNDARY_OFF_ALL	keyin_recipe	unsafe-blocked	KEYIN:REFERENCE CLIP BOUNDARY OFF ALL				N	N	direct harvest wave3	2026-07-31		live batch probe 2026-07-31 (0.239s) | false-OK audit 2026-08-02: ARMED — left CommandName='Set Reference Clip Element' prompt='Identify Clipping Element' (baseline='Element Selection'). Old keyin_batch probe SendReset masked this; refusing headless execution.
REFERENCE_CLIP_MASK_OFF_ALL	keyin_recipe	verified-headless-safe	KEYIN:REFERENCE CLIP MASK OFF ALL				N	N	direct harvest wave3	2026-07-31	2026-07-31	live batch probe 2026-07-31 (0.019s)
REFERENCE_CLIP_FRONT_ON_ALL	keyin_recipe	verified-headless-safe	KEYIN:REFERENCE CLIP FRONT ON ALL				N	N	direct harvest wave3	2026-07-31	2026-07-31	live batch probe 2026-07-31 (0.443s)
REFERENCE_CLIP_BACK_ON_ALL	keyin_recipe	verified-headless-safe	KEYIN:REFERENCE CLIP BACK ON ALL				N	N	direct harvest wave3	2026-07-31	2026-07-31	live batch probe 2026-07-31 (0.088s)
REFERENCE_SCALE_LOCK_ON	keyin_recipe	verified-headless-safe	KEYIN:REFERENCE SCALE LOCK ON				N	N	direct harvest wave3	2026-07-31	2026-07-31	live batch probe 2026-07-31 (0.019s)
REFERENCE_SCALE_LOCK_OFF	keyin_recipe	verified-headless-safe	KEYIN:REFERENCE SCALE LOCK OFF				N	N	direct harvest wave3	2026-07-31	2026-07-31	live batch probe 2026-07-31 (0.024s)
REFERENCE_ROTATE_LOCK_ON	keyin_recipe	unsafe-blocked	KEYIN:REFERENCE ROTATE LOCK ON				N	N	direct harvest wave3	2026-07-31		live batch probe 2026-07-31 (0.084s) | false-OK audit 2026-08-02: ARMED — left CommandName='Rotate Reference' prompt='Select reference' (baseline='Element Selection'). Old keyin_batch probe SendReset masked this; refusing headless execution.
REFERENCE_ROTATE_LOCK_OFF	keyin_recipe	unsafe-blocked	KEYIN:REFERENCE ROTATE LOCK OFF				N	N	direct harvest wave3	2026-07-31		live batch probe 2026-07-31 (0.092s) | false-OK audit 2026-08-02: ARMED — left CommandName='Rotate Reference' prompt='Select reference' (baseline='Element Selection'). Old keyin_batch probe SendReset masked this; refusing headless execution.
ACCUDRAW_COORDINATES_RECTANGULAR	keyin_recipe	verified-headless-safe	KEYIN:ACCUDRAW COORDINATES RECTANGULAR				N	N	direct harvest wave3	2026-07-31	2026-07-31	live batch probe 2026-07-31 (0.028s)
ACCUDRAW_COORDINATES_POLAR	keyin_recipe	verified-headless-safe	KEYIN:ACCUDRAW COORDINATES POLAR				N	N	direct harvest wave3	2026-07-31	2026-07-31	live batch probe 2026-07-31 (0.023s)
ACCUDRAW_LOCK_X	keyin_recipe	verified-headless-safe	KEYIN:ACCUDRAW LOCK X				N	N	direct harvest wave3	2026-07-31	2026-07-31	live batch probe 2026-07-31 (0.025s)
ACCUDRAW_LOCK_Y	keyin_recipe	verified-headless-safe	KEYIN:ACCUDRAW LOCK Y				N	N	direct harvest wave3	2026-07-31	2026-07-31	live batch probe 2026-07-31 (0.018s)
ACCUDRAW_LOCK_Z	keyin_recipe	verified-headless-safe	KEYIN:ACCUDRAW LOCK Z				N	N	direct harvest wave3	2026-07-31	2026-07-31	live batch probe 2026-07-31 (0.03s)
ACCUDRAW_LOCK_DISTANCE	keyin_recipe	verified-headless-safe	KEYIN:ACCUDRAW LOCK DISTANCE				N	N	direct harvest wave3	2026-07-31	2026-07-31	live batch probe 2026-07-31 (0.017s)
ACCUDRAW_LOCK_ANGLE	keyin_recipe	verified-headless-safe	KEYIN:ACCUDRAW LOCK ANGLE				N	N	direct harvest wave3	2026-07-31	2026-07-31	live batch probe 2026-07-31 (0.024s)
ACCUDRAW_ORIGIN_TOP	keyin_recipe	verified-headless-safe	KEYIN:ACCUDRAW ORIGIN TOP				N	N	direct harvest wave3	2026-07-31	2026-07-31	live batch probe 2026-07-31 (0.016s)
ACCUDRAW_ORIGIN_VIEW	keyin_recipe	verified-headless-safe	KEYIN:ACCUDRAW ORIGIN VIEW				N	N	direct harvest wave3	2026-07-31	2026-07-31	live batch probe 2026-07-31 (0.022s)
ACCUDRAW_ROTATE_TOP	keyin_recipe	verified-headless-safe	KEYIN:ACCUDRAW ROTATE TOP				N	N	direct harvest wave3	2026-07-31	2026-07-31	live batch probe 2026-07-31 (0.017s)
ACCUDRAW_ROTATE_FRONT	keyin_recipe	needs-testing	KEYIN:ACCUDRAW ROTATE FRONT				N	N	direct harvest wave3	2026-07-31		live batch probe 2026-07-31 (1.864s) | false-OK audit 2026-08-02: HANG -- SendKeyin exceeded 3s (SendKeyin exceeded 3.0s). Not safe to treat as headless.
ACCUDRAW_ROTATE_SIDE	keyin_recipe	needs-testing	KEYIN:ACCUDRAW ROTATE SIDE				N	N	direct harvest wave3	2026-07-31		live batch probe 2026-07-31 (1.049s) | false-OK audit 2026-08-02: HANG -- SendKeyin exceeded 3s (SendKeyin exceeded 3.0s). Not safe to treat as headless.
ACCUSNAP_ENABLE_FOR_TENTATIVE_ON	keyin_recipe	verified-headless-safe	KEYIN:ACCUSNAP SETTINGS ENABLEFORTENTATIVE ON				N	N	direct harvest wave3	2026-07-31	2026-07-31	live batch probe 2026-07-31 (0.019s)
ACCUSNAP_ENABLE_FOR_TENTATIVE_OFF	keyin_recipe	verified-headless-safe	KEYIN:ACCUSNAP SETTINGS ENABLEFORTENTATIVE OFF				N	N	direct harvest wave3	2026-07-31	2026-07-31	live batch probe 2026-07-31 (0.017s)
ACCUSNAP_DISPLAY_ICON_ON	keyin_recipe	verified-headless-safe	KEYIN:ACCUSNAP SETTINGS DISPLAYICON ON				N	N	direct harvest wave3	2026-07-31	2026-07-31	live batch probe 2026-07-31 (0.016s)
ACCUSNAP_DISPLAY_ICON_OFF	keyin_recipe	verified-headless-safe	KEYIN:ACCUSNAP SETTINGS DISPLAYICON OFF				N	N	direct harvest wave3	2026-07-31	2026-07-31	live batch probe 2026-07-31 (0.021s)
SNAP_DIVISOR_2	keyin_recipe	verified-headless-safe	KEYIN:KY={divisor}		divisor		N	N	direct harvest wave3	2026-07-31	2026-07-31	live batch probe 2026-07-31 (0.019s)
SNAP_DIVISOR_1	keyin_recipe	verified-headless-safe	KEYIN:KY={divisor}		divisor		N	N	direct harvest wave3	2026-07-31	2026-07-31	live batch probe 2026-07-31 (0.016s)
GRID_MASTER_10	keyin_recipe	verified-headless-safe	KEYIN:GU={spacing}		spacing		N	N	direct harvest wave3	2026-07-31	2026-07-31	live batch probe 2026-07-31 (0.313s)
GRID_REF_10	keyin_recipe	verified-headless-safe	KEYIN:GR={spacing}		spacing		N	N	direct harvest wave3	2026-07-31	2026-07-31	live batch probe 2026-07-31 (0.022s)
UNIT_ROUNDOFF_01	keyin_recipe	verified-headless-safe	KEYIN:UR={distance}		distance		N	N	direct harvest wave3	2026-07-31	2026-07-31	live batch probe 2026-07-31 (0.098s)
PLACE_ARC_BARE	keyin_recipe	unsafe-blocked	COMMAND:PLACE ARC				N	N	direct harvest wave3	2026-07-31		Negative control batch probe 2026-07-31: kind=tool, not promotable
PLACE_ELLIPSE_BARE	keyin_recipe	unsafe-blocked	COMMAND:PLACE ELLIPSE				N	N	direct harvest wave3	2026-07-31		Negative control batch probe 2026-07-31: kind=tool, not promotable
PLACE_POLYGON_BARE	keyin_recipe	unsafe-blocked	COMMAND:PLACE POLYGON				N	N	direct harvest wave3	2026-07-31		Negative control batch probe 2026-07-31: kind=tool, not promotable
DIALOG_VIEWATTRIBUTES	keyin_recipe	unsafe-blocked	KEYIN:DIALOG VIEWATTRIBUTES				N	N	direct harvest wave3	2026-07-31		Negative control batch probe 2026-07-31: kind=dialog, not promotable
DIALOG_DISPLAYSTYLES	keyin_recipe	unsafe-blocked	KEYIN:DIALOG DISPLAYSTYLES				N	N	direct harvest wave3	2026-07-31		Negative control batch probe 2026-07-31: kind=dialog, not promotable
DIALOG_ACCUDRAWSETTINGS	keyin_recipe	unsafe-blocked	KEYIN:DIALOG ACCUDRAWSETTINGS				N	N	direct harvest wave3	2026-07-31		Negative control batch probe 2026-07-31: kind=dialog, not promotable
SET_ISOMETRIC_ON	keyin_recipe	verified-headless-safe	KEYIN:SET ISOMETRIC ON				N	N	direct harvest wave4	2026-07-31	2026-07-31	live batch probe 2026-07-31 (0.02s)
SET_ISOMETRIC_OFF	keyin_recipe	verified-headless-safe	KEYIN:SET ISOMETRIC OFF				N	N	direct harvest wave4	2026-07-31	2026-07-31	live batch probe 2026-07-31 (0.017s)
SET_ORTHOGRAPHIC_ON	keyin_recipe	verified-headless-safe	KEYIN:SET ORTHOGRAPHIC ON				N	N	direct harvest wave4	2026-07-31	2026-07-31	live batch probe 2026-07-31 (0.017s)
SET_ORTHOGRAPHIC_OFF	keyin_recipe	verified-headless-safe	KEYIN:SET ORTHOGRAPHIC OFF				N	N	direct harvest wave4	2026-07-31	2026-07-31	live batch probe 2026-07-31 (0.024s)
SET_PERSPECTIVE_ON	keyin_recipe	verified-headless-safe	KEYIN:SET PERSPECTIVE ON				N	N	direct harvest wave4	2026-07-31	2026-07-31	live batch probe 2026-07-31 (0.018s)
SET_PERSPECTIVE_OFF	keyin_recipe	verified-headless-safe	KEYIN:SET PERSPECTIVE OFF				N	N	direct harvest wave4	2026-07-31	2026-07-31	live batch probe 2026-07-31 (0.016s)
SET_CAMERAANGLE	keyin_recipe	verified-headless-safe	KEYIN:SET CAMERAANGLE {degrees}		degrees		N	N	direct harvest wave4	2026-07-31	2026-07-31	live batch probe 2026-07-31 (0.047s)
SET_DISPLAYDEPTH_ON	keyin_recipe	verified-headless-safe	KEYIN:SET DISPLAYDEPTH ON				N	N	direct harvest wave4	2026-07-31	2026-07-31	live batch probe 2026-07-31 (0.016s)
SET_DISPLAYDEPTH_OFF	keyin_recipe	verified-headless-safe	KEYIN:SET DISPLAYDEPTH OFF				N	N	direct harvest wave4	2026-07-31	2026-07-31	live batch probe 2026-07-31 (0.018s)
SET_CLIPVOLUME_ON	keyin_recipe	verified-headless-safe	KEYIN:SET CLIPVOLUME ON				N	N	direct harvest wave4	2026-07-31	2026-07-31	live batch probe 2026-07-31 (0.047s)
SET_CLIPVOLUME_OFF	keyin_recipe	verified-headless-safe	KEYIN:SET CLIPVOLUME OFF				N	N	direct harvest wave4	2026-07-31	2026-07-31	live batch probe 2026-07-31 (0.035s)
SET_CLIPBACK_ON	keyin_recipe	verified-headless-safe	KEYIN:SET CLIPBACK ON				N	N	direct harvest wave4	2026-07-31	2026-07-31	live batch probe 2026-07-31 (0.024s)
SET_CLIPBACK_OFF	keyin_recipe	verified-headless-safe	KEYIN:SET CLIPBACK OFF				N	N	direct harvest wave4	2026-07-31	2026-07-31	live batch probe 2026-07-31 (0.016s)
SET_CLIPFRONT_ON	keyin_recipe	verified-headless-safe	KEYIN:SET CLIPFRONT ON				N	N	direct harvest wave4	2026-07-31	2026-07-31	live batch probe 2026-07-31 (0.045s)
SET_CLIPFRONT_OFF	keyin_recipe	verified-headless-safe	KEYIN:SET CLIPFRONT OFF				N	N	direct harvest wave4	2026-07-31	2026-07-31	live batch probe 2026-07-31 (0.017s)
VIEW_PERSPECTIVE	keyin_recipe	verified-headless-safe	KEYIN:VIEW PERSPECTIVE				N	N	direct harvest wave4	2026-07-31	2026-07-31	live batch probe 2026-07-31 (0.016s)
VIEW_ORTHOGONAL	keyin_recipe	verified-headless-safe	KEYIN:VIEW ORTHOGONAL				N	N	direct harvest wave4	2026-07-31	2026-07-31	live batch probe 2026-07-31 (0.021s)
VIEW_ROTATE_ABSOLUTE_0	keyin_recipe	unsafe-blocked	KEYIN:ROTATE VIEW ABSOLUTE 0,0,0				N	N	direct harvest wave4	2026-07-31		live batch probe 2026-07-31 (0.08s) | false-OK audit 2026-08-02: ARMED — left CommandName='Rotate View (Absolute)' prompt='Select view' (baseline='Element Selection'). Old keyin_batch probe SendReset masked this; refusing headless execution.
VIEW_ROTATE_RELATIVE_90	keyin_recipe	verified-headless-safe	KEYIN:ROTATE VIEW RELATIVE 0,0,90				N	N	direct harvest wave4	2026-07-31	2026-07-31	live batch probe 2026-07-31 (0.015s)
WINDOW_CENTER	keyin_recipe	unsafe-blocked	KEYIN:WINDOW CENTER				N	N	direct harvest wave4	2026-07-31		May need datapoint — probe classifies live batch probe 2026-07-31 (0.073s) | false-OK audit 2026-08-02: ARMED — left CommandName='Window Center' prompt='Select new window center' (baseline='Element Selection'). Old keyin_batch probe SendReset masked this; refusing headless execution.
WINDOW_ORIGIN	keyin_recipe	unsafe-blocked	KEYIN:WINDOW ORIGIN				N	N	direct harvest wave4	2026-07-31		live batch probe 2026-07-31 (0.081s) | false-OK audit 2026-08-02: ARMED — left CommandName='Window Origin' prompt='Select view' (baseline='Element Selection'). Old keyin_batch probe SendReset masked this; refusing headless execution.
MOVE_VIEW_LEFT	keyin_recipe	verified-headless-safe	KEYIN:MOVE VIEW LEFT				N	N	direct harvest wave4	2026-07-31	2026-07-31	live batch probe 2026-07-31 (0.017s)
MOVE_VIEW_RIGHT	keyin_recipe	verified-headless-safe	KEYIN:MOVE VIEW RIGHT				N	N	direct harvest wave4	2026-07-31	2026-07-31	live batch probe 2026-07-31 (0.016s)
MOVE_VIEW_UP	keyin_recipe	verified-headless-safe	KEYIN:MOVE VIEW UP				N	N	direct harvest wave4	2026-07-31	2026-07-31	live batch probe 2026-07-31 (0.019s)
MOVE_VIEW_DOWN	keyin_recipe	verified-headless-safe	KEYIN:MOVE VIEW DOWN				N	N	direct harvest wave4	2026-07-31	2026-07-31	live batch probe 2026-07-31 (0.021s)
PAN_VIEW_LEFT	keyin_recipe	unsafe-blocked	KEYIN:PAN VIEW LEFT				N	N	direct harvest wave4	2026-07-31		live batch probe 2026-07-31 (0.074s) | false-OK audit 2026-08-02: ARMED — left CommandName='Pan View' prompt='Select view' (baseline='Element Selection'). Old keyin_batch probe SendReset masked this; refusing headless execution.
PAN_VIEW_RIGHT	keyin_recipe	unsafe-blocked	KEYIN:PAN VIEW RIGHT				N	N	direct harvest wave4	2026-07-31		live batch probe 2026-07-31 (0.072s) | false-OK audit 2026-08-02: ARMED — left CommandName='Pan View' prompt='Select view' (baseline='Element Selection'). Old keyin_batch probe SendReset masked this; refusing headless execution.
ELEMENT_SET_DISPLAY_ON	keyin_recipe	verified-headless-safe	KEYIN:ELEMENT SET DISPLAY ON				N	N	direct harvest wave4	2026-07-31	2026-07-31	live batch probe 2026-07-31 (0.015s)
ELEMENT_SET_DISPLAY_OFF	keyin_recipe	verified-headless-safe	KEYIN:ELEMENT SET DISPLAY OFF				N	N	direct harvest wave4	2026-07-31	2026-07-31	live batch probe 2026-07-31 (0.02s)
ELEMENTSET_CLEAR	keyin_recipe	verified-headless-safe	KEYIN:ELEMENTSET CLEAR				N	N	direct harvest wave4	2026-07-31	2026-07-31	live batch probe 2026-07-31 (0.017s)
SELECTION_SET_EMPTY	keyin_recipe	verified-headless-safe	KEYIN:SELECTION SET EMPTY				N	N	direct harvest wave4	2026-07-31	2026-07-31	live batch probe 2026-07-31 (0.016s)
SELECTION_SET_INVERT	keyin_recipe	verified-headless-safe	KEYIN:SELECTION SET INVERT				N	N	direct harvest wave4	2026-07-31	2026-07-31	live batch probe 2026-07-31 (0.016s)
POWERSELECTOR_MODE_SUBTRACT	keyin_recipe	verified-headless-safe	KEYIN:POWERSELECTOR MODE SUBTRACT				N	N	direct harvest wave4	2026-07-31	2026-07-31	live batch probe 2026-07-31 (0.022s)
POWERSELECTOR_BLOCK	keyin_recipe	verified-headless-safe	KEYIN:POWERSELECTOR BLOCK				N	N	direct harvest wave4	2026-07-31	2026-07-31	live batch probe 2026-07-31 (0.017s)
POWERSELECTOR_SHAPE	keyin_recipe	verified-headless-safe	KEYIN:POWERSELECTOR SHAPE				N	N	direct harvest wave4	2026-07-31	2026-07-31	live batch probe 2026-07-31 (0.028s)
POWERSELECTOR_LINE	keyin_recipe	verified-headless-safe	KEYIN:POWERSELECTOR LINE				N	N	direct harvest wave4	2026-07-31	2026-07-31	live batch probe 2026-07-31 (0.017s)
POWERSELECTOR_CIRCLE	keyin_recipe	verified-headless-safe	KEYIN:POWERSELECTOR CIRCLE				N	N	direct harvest wave4	2026-07-31	2026-07-31	live batch probe 2026-07-31 (0.022s)
SET_AREA_ON	keyin_recipe	verified-headless-safe	KEYIN:SET AREA ON				N	N	direct harvest wave4	2026-07-31	2026-07-31	live batch probe 2026-07-31 (0.02s)
SET_AREA_OFF	keyin_recipe	verified-headless-safe	KEYIN:SET AREA OFF				N	N	direct harvest wave4	2026-07-31	2026-07-31	live batch probe 2026-07-31 (0.016s)
SET_SOLID_ON	keyin_recipe	verified-headless-safe	KEYIN:SET SOLID ON				N	N	direct harvest wave4	2026-07-31	2026-07-31	live batch probe 2026-07-31 (0.016s)
SET_SOLID_OFF	keyin_recipe	verified-headless-safe	KEYIN:SET SOLID OFF				N	N	direct harvest wave4	2026-07-31	2026-07-31	live batch probe 2026-07-31 (0.023s)
SET_SURFACE_ON	keyin_recipe	verified-headless-safe	KEYIN:SET SURFACE ON				N	N	direct harvest wave4	2026-07-31	2026-07-31	live batch probe 2026-07-31 (0.017s)
SET_SURFACE_OFF	keyin_recipe	verified-headless-safe	KEYIN:SET SURFACE OFF				N	N	direct harvest wave4	2026-07-31	2026-07-31	live batch probe 2026-07-31 (0.019s)
SET_MESH_ON	keyin_recipe	verified-headless-safe	KEYIN:SET MESH ON				N	N	direct harvest wave4	2026-07-31	2026-07-31	live batch probe 2026-07-31 (0.017s)
SET_MESH_OFF	keyin_recipe	verified-headless-safe	KEYIN:SET MESH OFF				N	N	direct harvest wave4	2026-07-31	2026-07-31	live batch probe 2026-07-31 (0.023s)
SET_CURVE_ON	keyin_recipe	verified-headless-safe	KEYIN:SET CURVE ON				N	N	direct harvest wave4	2026-07-31	2026-07-31	live batch probe 2026-07-31 (0.018s)
SET_CURVE_OFF	keyin_recipe	verified-headless-safe	KEYIN:SET CURVE OFF				N	N	direct harvest wave4	2026-07-31	2026-07-31	live batch probe 2026-07-31 (0.019s)
SET_BSPLINE_ON	keyin_recipe	verified-headless-safe	KEYIN:SET BSPLINE ON				N	N	direct harvest wave4	2026-07-31	2026-07-31	live batch probe 2026-07-31 (0.017s)
SET_BSPLINE_OFF	keyin_recipe	verified-headless-safe	KEYIN:SET BSPLINE OFF				N	N	direct harvest wave4	2026-07-31	2026-07-31	live batch probe 2026-07-31 (0.021s)
SET_LINE_ON	keyin_recipe	verified-headless-safe	KEYIN:SET LINE ON				N	N	direct harvest wave4	2026-07-31	2026-07-31	live batch probe 2026-07-31 (0.018s)
SET_LINE_OFF	keyin_recipe	verified-headless-safe	KEYIN:SET LINE OFF				N	N	direct harvest wave4	2026-07-31	2026-07-31	live batch probe 2026-07-31 (0.016s)
SET_LINESTRING_ON	keyin_recipe	verified-headless-safe	KEYIN:SET LINESTRING ON				N	N	direct harvest wave4	2026-07-31	2026-07-31	live batch probe 2026-07-31 (0.017s)
SET_LINESTRING_OFF	keyin_recipe	verified-headless-safe	KEYIN:SET LINESTRING OFF				N	N	direct harvest wave4	2026-07-31	2026-07-31	live batch probe 2026-07-31 (0.024s)
SET_SHAPE_ON	keyin_recipe	verified-headless-safe	KEYIN:SET SHAPE ON				N	N	direct harvest wave4	2026-07-31	2026-07-31	live batch probe 2026-07-31 (0.018s)
SET_SHAPE_OFF	keyin_recipe	verified-headless-safe	KEYIN:SET SHAPE OFF				N	N	direct harvest wave4	2026-07-31	2026-07-31	live batch probe 2026-07-31 (0.016s)
SET_COMPLEX_ON	keyin_recipe	verified-headless-safe	KEYIN:SET COMPLEX ON				N	N	direct harvest wave4	2026-07-31	2026-07-31	live batch probe 2026-07-31 (0.016s)
SET_COMPLEX_OFF	keyin_recipe	verified-headless-safe	KEYIN:SET COMPLEX OFF				N	N	direct harvest wave4	2026-07-31	2026-07-31	live batch probe 2026-07-31 (0.016s)
SET_SHARED_CELL_ON	keyin_recipe	verified-headless-safe	KEYIN:SET SHARED CELL ON				N	N	direct harvest wave4	2026-07-31	2026-07-31	live batch probe 2026-07-31 (0.015s)
SET_SHARED_CELL_OFF	keyin_recipe	verified-headless-safe	KEYIN:SET SHARED CELL OFF				N	N	direct harvest wave4	2026-07-31	2026-07-31	live batch probe 2026-07-31 (0.022s)
ACTIVE_AREAMODE_SOLID	keyin_recipe	verified-headless-safe	KEYIN:ACTIVE AREAMODE SOLID				N	N	direct harvest wave4	2026-07-31	2026-07-31	live batch probe 2026-07-31 (0.018s)
ACTIVE_AREAMODE_HOLE	keyin_recipe	verified-headless-safe	KEYIN:ACTIVE AREAMODE HOLE				N	N	direct harvest wave4	2026-07-31	2026-07-31	live batch probe 2026-07-31 (0.016s)
ACTIVE_FILLMODE_NONE	keyin_recipe	verified-headless-safe	KEYIN:ACTIVE FILLMODE NONE				N	N	direct harvest wave4	2026-07-31	2026-07-31	live batch probe 2026-07-31 (0.018s)
ACTIVE_FILLMODE_OPAQUE	keyin_recipe	verified-headless-safe	KEYIN:ACTIVE FILLMODE OPAQUE				N	N	direct harvest wave4	2026-07-31	2026-07-31	live batch probe 2026-07-31 (0.016s)
ACTIVE_FILLMODE_OUTLINED	keyin_recipe	verified-headless-safe	KEYIN:ACTIVE FILLMODE OUTLINED				N	N	direct harvest wave4	2026-07-31	2026-07-31	live batch probe 2026-07-31 (0.016s)
ACTIVE_CLASS_PRIMARY	keyin_recipe	verified-headless-safe	KEYIN:ACTIVE CLASS PRIMARY				N	N	direct harvest wave4	2026-07-31	2026-07-31	live batch probe 2026-07-31 (0.018s)
ACTIVE_CLASS_CONSTRUCTION	keyin_recipe	verified-headless-safe	KEYIN:ACTIVE CLASS CONSTRUCTION				N	N	direct harvest wave4	2026-07-31	2026-07-31	live batch probe 2026-07-31 (0.031s)
ACTIVE_PRIORITY_0	keyin_recipe	verified-headless-safe	KEYIN:ACTIVE PRIORITY {priority}		priority		N	N	direct harvest wave4	2026-07-31	2026-07-31	live batch probe 2026-07-31 (0.019s)
ACTIVE_TRANSPARENCY_0	keyin_recipe	verified-headless-safe	KEYIN:ACTIVE TRANSPARENCY {transparency}		transparency		N	N	direct harvest wave4	2026-07-31	2026-07-31	live batch probe 2026-07-31 (0.016s)
LOCK_CONSTRUCTIONPLANE_OFF	keyin_recipe	verified-headless-safe	KEYIN:LOCK CONSTRUCTIONPLANE OFF				N	N	direct harvest wave4	2026-07-31	2026-07-31	live batch probe 2026-07-31 (0.015s)
LOCK_CONSTRUCTIONPLANE_ON	keyin_recipe	verified-headless-safe	KEYIN:LOCK CONSTRUCTIONPLANE ON				N	N	direct harvest wave4	2026-07-31	2026-07-31	live batch probe 2026-07-31 (0.029s)
LOCK_ELEMENT_OFF	keyin_recipe	verified-headless-safe	KEYIN:LOCK ELEMENT OFF				N	N	direct harvest wave4	2026-07-31	2026-07-31	live batch probe 2026-07-31 (0.021s)
LOCK_ELEMENT_ON	keyin_recipe	verified-headless-safe	KEYIN:LOCK ELEMENT ON				N	N	direct harvest wave4	2026-07-31	2026-07-31	live batch probe 2026-07-31 (0.02s)
REFERENCE_NESTING_DEPTH_0	keyin_recipe	verified-headless-safe	KEYIN:REFERENCE SET NESTDEPTH=0 {depth}		depth		N	N	direct harvest wave4	2026-07-31	2026-07-31	live batch probe 2026-07-31 (0.226s)
REFERENCE_NESTING_DEPTH_1	keyin_recipe	needs-testing	KEYIN:REFERENCE SET NESTDEPTH=1 {depth}		depth		N	N	direct harvest wave4	2026-07-31		slow return (37.357s) — manual review
REFERENCE_NESTING_DEPTH_99	keyin_recipe	verified-headless-safe	KEYIN:REFERENCE SET NESTDEPTH=99 {depth}		depth		N	N	direct harvest wave4	2026-07-31	2026-07-31	live batch probe 2026-07-31 (0.132s)
REFERENCE_LIVE_NESTING_ON_ALL	keyin_recipe	verified-headless-safe	KEYIN:REFERENCE SET LIVENESTING=ON ALL				N	N	direct harvest wave4	2026-07-31	2026-07-31	live batch probe 2026-07-31 (0.017s)
REFERENCE_LIVE_NESTING_OFF_ALL	keyin_recipe	verified-headless-safe	KEYIN:REFERENCE SET LIVENESTING=OFF ALL				N	N	direct harvest wave4	2026-07-31	2026-07-31	live batch probe 2026-07-31 (0.016s)
REFERENCE_DISPLAY_OVERRIDES_ON_ALL	keyin_recipe	verified-headless-safe	KEYIN:REFERENCE SET DISPLAYOVERRIDES=ON ALL				N	N	direct harvest wave4	2026-07-31	2026-07-31	live batch probe 2026-07-31 (0.087s)
REFERENCE_DISPLAY_OVERRIDES_OFF_ALL	keyin_recipe	verified-headless-safe	KEYIN:REFERENCE SET DISPLAYOVERRIDES=OFF ALL				N	N	direct harvest wave4	2026-07-31	2026-07-31	live batch probe 2026-07-31 (0.048s)
MDL_SILENTLOAD_VIEWCTRL	keyin_recipe	unsafe-blocked	KEYIN:MDL SILENTLOAD VIEWCTRL				N	N	direct harvest wave4	2026-07-31	2026-07-31	As-needed app load live batch probe 2026-07-31 (0.031s) | demoted 2026-07-31: MDL load/unload / design-history / expand / attach-all can crash session
MDL_UNLOAD_VIEWCTRL	keyin_recipe	unsafe-blocked	KEYIN:MDL UNLOAD VIEWCTRL				N	N	direct harvest wave4	2026-07-31	2026-07-31	live batch probe 2026-07-31 (0.029s) | demoted 2026-07-31: MDL load/unload / design-history / expand / attach-all can crash session
UPDATE_SINGLE	keyin_recipe	verified-headless-safe	KEYIN:UPDATE SINGLE				N	N	direct harvest wave4	2026-07-31	2026-07-31	live batch probe 2026-07-31 (0.022s)
FIT_ACTIVE_DESIGN	keyin_recipe	unsafe-blocked	KEYIN:FIT ACTIVE DESIGN				N	N	direct harvest wave4	2026-07-31		live batch probe 2026-07-31 (0.069s) | false-OK audit 2026-08-02: ARMED — left CommandName='Fit Active Design' prompt='Select view' (baseline='Element Selection'). Old keyin_batch probe SendReset masked this; refusing headless execution.
FIT_ALL_MODELS	keyin_recipe	unsafe-blocked	KEYIN:FIT ALL MODELS				N	N	direct harvest wave4	2026-07-31		live batch probe 2026-07-31 (0.11s) | false-OK audit 2026-08-02: ARMED — left CommandName='Fit Design and References' prompt='Select view' (baseline='Element Selection'). Old keyin_batch probe SendReset masked this; refusing headless execution.
ZOOM_EXTENDED	keyin_recipe	verified-headless-safe	KEYIN:ZOOM EXTENDED				N	N	direct harvest wave4	2026-07-31	2026-08-02	false-OK audit 2026-08-02: CLEAN — CommandName stayed at baseline after SendKeyin (no tool left armed). Restored to verified-headless-safe.
DIALOG_ELEMENTATTRIBUTES	keyin_recipe	unsafe-blocked	KEYIN:DIALOG ELEMENTATTRIBUTES				N	N	direct harvest wave4	2026-07-31		Negative control batch probe 2026-07-31: kind=dialog, not promotable
DIALOG_MODELS	keyin_recipe	unsafe-blocked	KEYIN:DIALOG MODELS				N	N	direct harvest wave4	2026-07-31		Negative control batch probe 2026-07-31: kind=dialog, not promotable
DIALOG_REFERENCES_ALT	keyin_recipe	unsafe-blocked	KEYIN:DIALOG REFERENCES				N	N	direct harvest wave4	2026-07-31		Negative control batch probe 2026-07-31: kind=dialog, not promotable
COPY_PARALLEL_BARE	keyin_recipe	unsafe-blocked	COMMAND:COPY PARALLEL				N	N	direct harvest wave4	2026-07-31		Negative control batch probe 2026-07-31: kind=tool, not promotable
MOVE_PARALLEL_BARE	keyin_recipe	unsafe-blocked	COMMAND:MOVE PARALLEL				N	N	direct harvest wave4	2026-07-31		Negative control batch probe 2026-07-31: kind=tool, not promotable
ALIGN_ELEMENT_BARE	keyin_recipe	unsafe-blocked	COMMAND:ALIGN ELEMENT				N	N	direct harvest wave4	2026-07-31		Negative control batch probe 2026-07-31: kind=tool, not promotable
FILE_SAVEAS	keyin_recipe	unsafe-blocked	KEYIN:FILE SAVEAS				N	N	direct harvest wave4	2026-07-31		Skip execute batch probe 2026-07-31: kind=file, not promotable
RD_OPEN_OTHER	keyin_recipe	unsafe-blocked	KEYIN:RD={filePath}		filePath		N	N	direct harvest wave4	2026-07-31		Skip execute — do not open files batch probe 2026-07-31: kind=file, not promotable
NAMEDVIEW_ATTACH_ALL	keyin_recipe	unsafe-blocked	KEYIN:NAMED VIEW ATTACH ALL				N	N	wave5 namedview/sheet/print	2026-07-31	2026-07-31	attach all named views live batch probe 2026-07-31 (0.019s) | demoted 2026-07-31: MDL load/unload / design-history / expand / attach-all can crash session
NAMEDVIEW_DETACH_ALL	keyin_recipe	unsafe-blocked	KEYIN:NAMED VIEW DETACH ALL				N	N	wave5 namedview/sheet/print	2026-07-31	2026-07-31	live batch probe 2026-07-31 (0.016s) | demoted 2026-07-31: MDL load/unload / design-history / expand / attach-all can crash session
NAMEDVIEW_DISPLAY_ON	keyin_recipe	verified-headless-safe	KEYIN:NAMED VIEW DISPLAY ON				N	N	wave5 namedview/sheet/print	2026-07-31	2026-07-31	live batch probe 2026-07-31 (0.014s)
NAMEDVIEW_DISPLAY_OFF	keyin_recipe	verified-headless-safe	KEYIN:NAMED VIEW DISPLAY OFF				N	N	wave5 namedview/sheet/print	2026-07-31	2026-07-31	live batch probe 2026-07-31 (0.023s)
SAVEDVIEW_APPLY	keyin_recipe	verified-headless-safe	KEYIN:SAVED VIEW APPLY				N	N	wave5 namedview/sheet/print	2026-07-31	2026-07-31	may need name param live batch probe 2026-07-31 (0.044s)
VIEW_SAVEDVIEW_ON	keyin_recipe	verified-headless-safe	KEYIN:SET SAVEDVIEW ON				N	N	wave5 namedview/sheet/print	2026-07-31	2026-07-31	live batch probe 2026-07-31 (0.015s)
VIEW_SAVEDVIEW_OFF	keyin_recipe	verified-headless-safe	KEYIN:SET SAVEDVIEW OFF				N	N	wave5 namedview/sheet/print	2026-07-31	2026-07-31	live batch probe 2026-07-31 (0.015s)
VI_FIT_ALL	keyin_recipe	verified-headless-safe	KEYIN:VI=FIT ALL				N	N	wave5 namedview/sheet/print	2026-07-31	2026-07-31	legacy view fit live batch probe 2026-07-31 (0.015s)
SV_UPDATE	keyin_recipe	unsafe-blocked	KEYIN:SV=UPDATE				N	N	wave5 namedview/sheet/print	2026-07-31		legacy save view syntax probe live batch probe 2026-07-31 (0.087s) | false-OK audit 2026-08-02: ARMED — left CommandName='Save Named View' prompt='Select view' (baseline='Element Selection'). Old keyin_batch probe SendReset masked this; refusing headless execution.
DV_ON	keyin_recipe	verified-headless-safe	KEYIN:DV=ON				N	N	wave5 namedview/sheet/print	2026-07-31	2026-07-31	live batch probe 2026-07-31 (0.028s)
DV_OFF	keyin_recipe	verified-headless-safe	KEYIN:DV=OFF				N	N	wave5 namedview/sheet/print	2026-07-31	2026-07-31	live batch probe 2026-07-31 (0.017s)
SHEET_INDEX_ON	keyin_recipe	verified-headless-safe	KEYIN:SHEET INDEX ON				N	N	wave5 namedview/sheet/print	2026-07-31	2026-07-31	live batch probe 2026-07-31 (0.038s)
SHEET_INDEX_OFF	keyin_recipe	verified-headless-safe	KEYIN:SHEET INDEX OFF				N	N	wave5 namedview/sheet/print	2026-07-31	2026-07-31	live batch probe 2026-07-31 (0.015s)
DRAWING_MODEL_ANNOTATION_SCALE	keyin_recipe	verified-headless-safe	KEYIN:ANNOTATION SCALE LOCK ON				N	N	wave5 namedview/sheet/print	2026-07-31	2026-07-31	live batch probe 2026-07-31 (0.017s)
ANNOTATION_SCALE_LOCK_OFF	keyin_recipe	verified-headless-safe	KEYIN:ANNOTATION SCALE LOCK OFF				N	N	wave5 namedview/sheet/print	2026-07-31	2026-07-31	live batch probe 2026-07-31 (0.015s)
SET_ANNOTATION_SCALE_1	keyin_recipe	verified-headless-safe	KEYIN:SET ANNOTATIONSCALE 1				N	N	wave5 namedview/sheet/print	2026-07-31	2026-07-31	live batch probe 2026-07-31 (0.015s)
SET_ANNOTATION_SCALE_2	keyin_recipe	verified-headless-safe	KEYIN:SET ANNOTATIONSCALE 2				N	N	wave5 namedview/sheet/print	2026-07-31	2026-07-31	live batch probe 2026-07-31 (0.015s)
PRINT_BORDER_ON	keyin_recipe	verified-headless-safe	KEYIN:PRINT BORDER ON				N	N	wave5 namedview/sheet/print	2026-07-31	2026-07-31	live batch probe 2026-07-31 (0.015s)
PRINT_BORDER_OFF	keyin_recipe	verified-headless-safe	KEYIN:PRINT BORDER OFF				N	N	wave5 namedview/sheet/print	2026-07-31	2026-07-31	live batch probe 2026-07-31 (0.021s)
PRINT_COLOR_ON	keyin_recipe	verified-headless-safe	KEYIN:PRINT COLOR ON				N	N	wave5 namedview/sheet/print	2026-07-31	2026-07-31	live batch probe 2026-07-31 (0.018s)
PRINT_COLOR_OFF	keyin_recipe	verified-headless-safe	KEYIN:PRINT COLOR OFF				N	N	wave5 namedview/sheet/print	2026-07-31	2026-07-31	live batch probe 2026-07-31 (0.015s)
PRINT_RASTERIZED_ON	keyin_recipe	verified-headless-safe	KEYIN:PRINT RASTERIZED ON				N	N	wave5 namedview/sheet/print	2026-07-31	2026-07-31	live batch probe 2026-07-31 (0.015s)
PRINT_RASTERIZED_OFF	keyin_recipe	verified-headless-safe	KEYIN:PRINT RASTERIZED OFF				N	N	wave5 namedview/sheet/print	2026-07-31	2026-07-31	live batch probe 2026-07-31 (0.015s)
PRINT_MIRROR_ON	keyin_recipe	verified-headless-safe	KEYIN:PRINT MIRROR ON				N	N	wave5 namedview/sheet/print	2026-07-31	2026-07-31	live batch probe 2026-07-31 (0.016s)
PRINT_MIRROR_OFF	keyin_recipe	verified-headless-safe	KEYIN:PRINT MIRROR OFF				N	N	wave5 namedview/sheet/print	2026-07-31	2026-07-31	live batch probe 2026-07-31 (0.02s)
PRINT_ROTATE_ON	keyin_recipe	verified-headless-safe	KEYIN:PRINT ROTATE 90				N	N	wave5 namedview/sheet/print	2026-07-31	2026-07-31	live batch probe 2026-07-31 (0.015s)
PLOT_COLOR_ON	keyin_recipe	verified-headless-safe	KEYIN:PLOT COLOR ON				N	N	wave5 namedview/sheet/print	2026-07-31	2026-07-31	live batch probe 2026-07-31 (0.018s)
PLOT_COLOR_OFF	keyin_recipe	verified-headless-safe	KEYIN:PLOT COLOR OFF				N	N	wave5 namedview/sheet/print	2026-07-31	2026-07-31	live batch probe 2026-07-31 (0.015s)
IPLOT_PREVIEW	keyin_recipe	unsafe-blocked	KEYIN:IPLOT PREVIEW				N	N	wave5 namedview/sheet/print	2026-07-31		negative batch probe 2026-07-31: kind=dialog, not promotable
DIALOG_PLOT	keyin_recipe	unsafe-blocked	KEYIN:DIALOG PLOT				N	N	wave5 namedview/sheet/print	2026-07-31		negative batch probe 2026-07-31: kind=dialog, not promotable
CLIPVOLUME_DISPLAY_ON	keyin_recipe	verified-headless-safe	KEYIN:CLIP VOLUME DISPLAY ON				N	N	wave5 namedview/sheet/print	2026-07-31	2026-07-31	live batch probe 2026-07-31 (0.014s)
CLIPVOLUME_DISPLAY_OFF	keyin_recipe	verified-headless-safe	KEYIN:CLIP VOLUME DISPLAY OFF				N	N	wave5 namedview/sheet/print	2026-07-31	2026-07-31	live batch probe 2026-07-31 (0.021s)
CLIPVOLUME_APPLY_ON	keyin_recipe	verified-headless-safe	KEYIN:CLIP VOLUME APPLY ON				N	N	wave5 namedview/sheet/print	2026-07-31	2026-07-31	live batch probe 2026-07-31 (0.021s)
CLIPVOLUME_APPLY_OFF	keyin_recipe	verified-headless-safe	KEYIN:CLIP VOLUME APPLY OFF				N	N	wave5 namedview/sheet/print	2026-07-31	2026-07-31	live batch probe 2026-07-31 (0.015s)
NAMEDBOUNDARY_DISPLAY_ON	keyin_recipe	verified-headless-safe	KEYIN:NAMED BOUNDARY DISPLAY ON				N	N	wave5 namedview/sheet/print	2026-07-31	2026-07-31	live batch probe 2026-07-31 (0.016s)
NAMEDBOUNDARY_DISPLAY_OFF	keyin_recipe	verified-headless-safe	KEYIN:NAMED BOUNDARY DISPLAY OFF				N	N	wave5 namedview/sheet/print	2026-07-31	2026-07-31	live batch probe 2026-07-31 (0.014s)
PLACE_NAMED_BOUNDARY	keyin_recipe	unsafe-blocked	COMMAND:PLACE NAMED BOUNDARY				N	N	wave5 namedview/sheet/print	2026-07-31		negative batch probe 2026-07-31: kind=tool, not promotable
TAG_DISPLAY_ON	keyin_recipe	verified-headless-safe	KEYIN:SET TAG DISPLAY ON				N	N	wave5 tags/geo/markup	2026-07-31	2026-07-31	live batch probe 2026-07-31 (0.014s)
TAG_DISPLAY_OFF	keyin_recipe	verified-headless-safe	KEYIN:SET TAG DISPLAY OFF				N	N	wave5 tags/geo/markup	2026-07-31	2026-07-31	live batch probe 2026-07-31 (0.019s)
TAGS_ON	keyin_recipe	verified-headless-safe	KEYIN:TAGS ON				N	N	wave5 tags/geo/markup	2026-07-31	2026-07-31	live batch probe 2026-07-31 (0.021s)
TAGS_OFF	keyin_recipe	verified-headless-safe	KEYIN:TAGS OFF				N	N	wave5 tags/geo/markup	2026-07-31	2026-07-31	live batch probe 2026-07-31 (0.014s)
PLACE_TAG	keyin_recipe	unsafe-blocked	COMMAND:PLACE TAG				N	N	wave5 tags/geo/markup	2026-07-31		negative batch probe 2026-07-31: kind=tool, not promotable
EDIT_TAG	keyin_recipe	unsafe-blocked	COMMAND:EDIT TAG				N	N	wave5 tags/geo/markup	2026-07-31		negative batch probe 2026-07-31: kind=tool, not promotable
ITEMTYPE_DISPLAY_ON	keyin_recipe	verified-headless-safe	KEYIN:ITEM TYPE DISPLAY ON				N	N	wave5 tags/geo/markup	2026-07-31	2026-07-31	live batch probe 2026-07-31 (0.02s)
ITEMTYPE_DISPLAY_OFF	keyin_recipe	verified-headless-safe	KEYIN:ITEM TYPE DISPLAY OFF				N	N	wave5 tags/geo/markup	2026-07-31	2026-07-31	live batch probe 2026-07-31 (0.02s)
ITEMTYPES_ON	keyin_recipe	verified-headless-safe	KEYIN:ITEMTYPES ON				N	N	wave5 tags/geo/markup	2026-07-31	2026-07-31	live batch probe 2026-07-31 (0.017s)
ITEMTYPES_OFF	keyin_recipe	verified-headless-safe	KEYIN:ITEMTYPES OFF				N	N	wave5 tags/geo/markup	2026-07-31	2026-07-31	live batch probe 2026-07-31 (0.027s)
GEOGRAPHIC_ON	keyin_recipe	verified-headless-safe	KEYIN:GEOGRAPHIC ON				N	N	wave5 tags/geo/markup	2026-07-31	2026-07-31	live batch probe 2026-07-31 (0.018s)
GEOGRAPHIC_OFF	keyin_recipe	verified-headless-safe	KEYIN:GEOGRAPHIC OFF				N	N	wave5 tags/geo/markup	2026-07-31	2026-07-31	live batch probe 2026-07-31 (0.026s)
GEOCOORDINATE_FROM_LIBRARY	keyin_recipe	unsafe-blocked	KEYIN:GEOCOORDINATE FROM LIBRARY				N	N	wave5 tags/geo/markup	2026-07-31		negative batch probe 2026-07-31: kind=dialog, not promotable
GEOCOORDINATE_SELECT_GCS	keyin_recipe	unsafe-blocked	KEYIN:GEOCOORDINATE SELECT GCS				N	N	wave5 tags/geo/markup	2026-07-31		negative batch probe 2026-07-31: kind=dialog, not promotable
SET_GEOGRAPHIC_ON	keyin_recipe	verified-headless-safe	KEYIN:SET GEOGRAPHIC ON				N	N	wave5 tags/geo/markup	2026-07-31	2026-07-31	live batch probe 2026-07-31 (0.018s)
SET_GEOGRAPHIC_OFF	keyin_recipe	verified-headless-safe	KEYIN:SET GEOGRAPHIC OFF				N	N	wave5 tags/geo/markup	2026-07-31	2026-07-31	live batch probe 2026-07-31 (0.016s)
MARKUP_DISPLAY_ON	keyin_recipe	verified-headless-safe	KEYIN:MARKUP DISPLAY ON				N	N	wave5 tags/geo/markup	2026-07-31	2026-07-31	live batch probe 2026-07-31 (0.015s)
MARKUP_DISPLAY_OFF	keyin_recipe	verified-headless-safe	KEYIN:MARKUP DISPLAY OFF				N	N	wave5 tags/geo/markup	2026-07-31	2026-07-31	live batch probe 2026-07-31 (0.024s)
REDLINE_DISPLAY_ON	keyin_recipe	verified-headless-safe	KEYIN:REDLINE DISPLAY ON				N	N	wave5 tags/geo/markup	2026-07-31	2026-07-31	live batch probe 2026-07-31 (0.016s)
REDLINE_DISPLAY_OFF	keyin_recipe	verified-headless-safe	KEYIN:REDLINE DISPLAY OFF				N	N	wave5 tags/geo/markup	2026-07-31	2026-07-31	live batch probe 2026-07-31 (0.015s)
DESIGN_HISTORY_ON	keyin_recipe	unsafe-blocked	KEYIN:DESIGN HISTORY ON				N	N	wave5 tags/geo/markup	2026-07-31	2026-07-31	live batch probe 2026-07-31 (0.015s) | demoted 2026-07-31: MDL load/unload / design-history / expand / attach-all can crash session
DESIGN_HISTORY_OFF	keyin_recipe	unsafe-blocked	KEYIN:DESIGN HISTORY OFF				N	N	wave5 tags/geo/markup	2026-07-31	2026-07-31	live batch probe 2026-07-31 (0.034s) | demoted 2026-07-31: MDL load/unload / design-history / expand / attach-all can crash session
DATABASE_ON	keyin_recipe	verified-headless-safe	KEYIN:DATABASE ON				N	N	wave5 tags/geo/markup	2026-07-31	2026-07-31	live batch probe 2026-07-31 (0.015s)
DATABASE_OFF	keyin_recipe	verified-headless-safe	KEYIN:DATABASE OFF				N	N	wave5 tags/geo/markup	2026-07-31	2026-07-31	live batch probe 2026-07-31 (0.015s)
SET_DATABASE_ON	keyin_recipe	verified-headless-safe	KEYIN:SET DATABASE ON				N	N	wave5 tags/geo/markup	2026-07-31	2026-07-31	live batch probe 2026-07-31 (0.021s)
SET_DATABASE_OFF	keyin_recipe	verified-headless-safe	KEYIN:SET DATABASE OFF				N	N	wave5 tags/geo/markup	2026-07-31	2026-07-31	live batch probe 2026-07-31 (0.015s)
AE_DISPLAY_ON	keyin_recipe	verified-headless-safe	KEYIN:AE=ON				N	N	wave5 tags/geo/markup	2026-07-31	2026-07-31	attribute entity display live batch probe 2026-07-31 (0.028s)
AE_DISPLAY_OFF	keyin_recipe	verified-headless-safe	KEYIN:AE=OFF				N	N	wave5 tags/geo/markup	2026-07-31	2026-07-31	live batch probe 2026-07-31 (0.017s)
DA_DISPLAY_ON	keyin_recipe	verified-headless-safe	KEYIN:DA=ON				N	N	wave5 tags/geo/markup	2026-07-31	2026-07-31	live batch probe 2026-07-31 (0.022s)
DA_DISPLAY_OFF	keyin_recipe	verified-headless-safe	KEYIN:DA=OFF				N	N	wave5 tags/geo/markup	2026-07-31	2026-07-31	live batch probe 2026-07-31 (0.015s)
REPORT_TABLE_ON	keyin_recipe	verified-headless-safe	KEYIN:REPORT TABLE ON				N	N	wave5 tags/geo/markup	2026-07-31	2026-07-31	live batch probe 2026-07-31 (0.015s)
LINKAGE_DISPLAY_ON	keyin_recipe	verified-headless-safe	KEYIN:LINKAGE DISPLAY ON				N	N	wave5 tags/geo/markup	2026-07-31	2026-07-31	live batch probe 2026-07-31 (0.015s)
LINKAGE_DISPLAY_OFF	keyin_recipe	verified-headless-safe	KEYIN:LINKAGE DISPLAY OFF				N	N	wave5 tags/geo/markup	2026-07-31	2026-07-31	live batch probe 2026-07-31 (0.02s)
URL_DISPLAY_ON	keyin_recipe	verified-headless-safe	KEYIN:URL DISPLAY ON				N	N	wave5 tags/geo/markup	2026-07-31	2026-07-31	live batch probe 2026-07-31 (0.015s)
URL_DISPLAY_OFF	keyin_recipe	verified-headless-safe	KEYIN:URL DISPLAY OFF				N	N	wave5 tags/geo/markup	2026-07-31	2026-07-31	live batch probe 2026-07-31 (0.016s)
DIALOG_TAGS	keyin_recipe	unsafe-blocked	KEYIN:DIALOG TAGS				N	N	wave5 tags/geo/markup	2026-07-31		negative batch probe 2026-07-31: kind=dialog, not promotable
DIALOG_ITEMTYPES	keyin_recipe	unsafe-blocked	KEYIN:DIALOG ITEM TYPES				N	N	wave5 tags/geo/markup	2026-07-31		negative batch probe 2026-07-31: kind=dialog, not promotable
DIALOG_MARKUP	keyin_recipe	unsafe-blocked	KEYIN:DIALOG MARKUP				N	N	wave5 tags/geo/markup	2026-07-31		negative batch probe 2026-07-31: kind=dialog, not promotable
DETAILING_SYMBOL_SETTINGS	keyin_recipe	unsafe-blocked	KEYIN:DETAILING SYMBOL SETTINGS				N	N	wave5 detailing/constraint/mdl	2026-07-31		negative batch probe 2026-07-31: kind=dialog, not promotable
CALLOUT_SETTINGS	keyin_recipe	unsafe-blocked	KEYIN:CALLOUT SETTINGS				N	N	wave5 detailing/constraint/mdl	2026-07-31		negative batch probe 2026-07-31: kind=dialog, not promotable
SECTION_CALL_SETTINGS	keyin_recipe	unsafe-blocked	KEYIN:SECTION CALL SETTINGS				N	N	wave5 detailing/constraint/mdl	2026-07-31		negative batch probe 2026-07-31: kind=dialog, not promotable
SET_DETAILING_ON	keyin_recipe	verified-headless-safe	KEYIN:SET DETAILING ON				N	N	wave5 detailing/constraint/mdl	2026-07-31	2026-07-31	live batch probe 2026-07-31 (0.015s)
SET_DETAILING_OFF	keyin_recipe	verified-headless-safe	KEYIN:SET DETAILING OFF				N	N	wave5 detailing/constraint/mdl	2026-07-31	2026-07-31	live batch probe 2026-07-31 (0.015s)
ANNOTATION_CELLS_ON	keyin_recipe	verified-headless-safe	KEYIN:ANNOTATION CELLS ON				N	N	wave5 detailing/constraint/mdl	2026-07-31	2026-07-31	live batch probe 2026-07-31 (0.021s)
ANNOTATION_CELLS_OFF	keyin_recipe	verified-headless-safe	KEYIN:ANNOTATION CELLS OFF				N	N	wave5 detailing/constraint/mdl	2026-07-31	2026-07-31	live batch probe 2026-07-31 (0.016s)
CONSTRAINTS_ON	keyin_recipe	verified-headless-safe	KEYIN:CONSTRAINTS ON				N	N	wave5 detailing/constraint/mdl	2026-07-31	2026-07-31	live batch probe 2026-07-31 (0.016s)
CONSTRAINTS_OFF	keyin_recipe	verified-headless-safe	KEYIN:CONSTRAINTS OFF				N	N	wave5 detailing/constraint/mdl	2026-07-31	2026-07-31	live batch probe 2026-07-31 (0.025s)
SET_CONSTRAINTS_ON	keyin_recipe	verified-headless-safe	KEYIN:SET CONSTRAINTS ON				N	N	wave5 detailing/constraint/mdl	2026-07-31	2026-07-31	live batch probe 2026-07-31 (0.015s)
SET_CONSTRAINTS_OFF	keyin_recipe	verified-headless-safe	KEYIN:SET CONSTRAINTS OFF				N	N	wave5 detailing/constraint/mdl	2026-07-31	2026-07-31	live batch probe 2026-07-31 (0.022s)
PARAMETRIC_ON	keyin_recipe	verified-headless-safe	KEYIN:PARAMETRIC ON				N	N	wave5 detailing/constraint/mdl	2026-07-31	2026-07-31	live batch probe 2026-07-31 (0.065s)
PARAMETRIC_OFF	keyin_recipe	verified-headless-safe	KEYIN:PARAMETRIC OFF				N	N	wave5 detailing/constraint/mdl	2026-07-31	2026-07-31	live batch probe 2026-07-31 (0.016s)
VARIABLES_ON	keyin_recipe	verified-headless-safe	KEYIN:VARIABLES ON				N	N	wave5 detailing/constraint/mdl	2026-07-31	2026-07-31	live batch probe 2026-07-31 (0.049s)
VARIABLES_OFF	keyin_recipe	verified-headless-safe	KEYIN:VARIABLES OFF				N	N	wave5 detailing/constraint/mdl	2026-07-31	2026-07-31	live batch probe 2026-07-31 (0.035s)
EXPRESSIONS_ON	keyin_recipe	verified-headless-safe	KEYIN:EXPRESSIONS ON				N	N	wave5 detailing/constraint/mdl	2026-07-31	2026-07-31	live batch probe 2026-07-31 (0.017s)
EXPRESSIONS_OFF	keyin_recipe	verified-headless-safe	KEYIN:EXPRESSIONS OFF				N	N	wave5 detailing/constraint/mdl	2026-07-31	2026-07-31	live batch probe 2026-07-31 (0.021s)
MDL_SILENTLOAD_RASTER	keyin_recipe	unsafe-blocked	KEYIN:MDL SILENTLOAD RASTER				N	N	wave5 detailing/constraint/mdl	2026-07-31	2026-07-31	live batch probe 2026-07-31 (0.032s) | demoted 2026-07-31: MDL load/unload / design-history / expand / attach-all can crash session
MDL_UNLOAD_RASTER	keyin_recipe	unsafe-blocked	KEYIN:MDL UNLOAD RASTER				N	N	wave5 detailing/constraint/mdl	2026-07-31	2026-07-31	live batch probe 2026-07-31 (0.015s) | demoted 2026-07-31: MDL load/unload / design-history / expand / attach-all can crash session
MDL_SILENTLOAD_PRINTPREP	keyin_recipe	unsafe-blocked	KEYIN:MDL SILENTLOAD PRINTPREP				N	N	wave5 detailing/constraint/mdl	2026-07-31	2026-07-31	live batch probe 2026-07-31 (0.02s) | demoted 2026-07-31: MDL load/unload / design-history / expand / attach-all can crash session
MDL_UNLOAD_PRINTPREP	keyin_recipe	unsafe-blocked	KEYIN:MDL UNLOAD PRINTPREP				N	N	wave5 detailing/constraint/mdl	2026-07-31	2026-07-31	live batch probe 2026-07-31 (0.029s) | demoted 2026-07-31: MDL load/unload / design-history / expand / attach-all can crash session
MDL_SILENTLOAD_GEOCOORD	keyin_recipe	unsafe-blocked	KEYIN:MDL SILENTLOAD GEOCOORD				N	N	wave5 detailing/constraint/mdl	2026-07-31	2026-07-31	live batch probe 2026-07-31 (0.03s) | demoted 2026-07-31: MDL load/unload / design-history / expand / attach-all can crash session
MDL_LIST	keyin_recipe	unsafe-blocked	KEYIN:MDL LIST				N	N	wave5 detailing/constraint/mdl	2026-07-31	2026-07-31	live batch probe 2026-07-31 (0.015s) | demoted 2026-07-31: MDL load/unload / design-history / expand / attach-all can crash session
WORKSPACE_SHOW	keyin_recipe	verified-headless-safe	KEYIN:WORKSPACE SHOW				N	N	wave5 detailing/constraint/mdl	2026-07-31	2026-07-31	live batch probe 2026-07-31 (0.016s)
WORKSET_SHOW	keyin_recipe	verified-headless-safe	KEYIN:WORKSET SHOW				N	N	wave5 detailing/constraint/mdl	2026-07-31	2026-07-31	live batch probe 2026-07-31 (0.015s)
CONFIGURATION_SHOW	keyin_recipe	verified-headless-safe	KEYIN:CONFIGURATION SHOW				N	N	wave5 detailing/constraint/mdl	2026-07-31	2026-07-31	live batch probe 2026-07-31 (0.026s)
EXPAND_KEYIN	keyin_recipe	unsafe-blocked	KEYIN:EXPAND KEYIN				N	N	wave5 detailing/constraint/mdl	2026-07-31	2026-07-31	live batch probe 2026-07-31 (0.043s) | demoted 2026-07-31: MDL load/unload / design-history / expand / attach-all can crash session
DIALOG_CONSTRAINTS	keyin_recipe	unsafe-blocked	KEYIN:DIALOG CONSTRAINTS				N	N	wave5 detailing/constraint/mdl	2026-07-31		negative batch probe 2026-07-31: kind=dialog, not promotable
DIALOG_VARIABLES	keyin_recipe	unsafe-blocked	KEYIN:DIALOG VARIABLES				N	N	wave5 detailing/constraint/mdl	2026-07-31		negative batch probe 2026-07-31: kind=dialog, not promotable
PLACE_CALLOUT	keyin_recipe	unsafe-blocked	COMMAND:PLACE CALLOUT				N	N	wave5 detailing/constraint/mdl	2026-07-31		negative batch probe 2026-07-31: kind=tool, not promotable
PLACE_SECTION_CALL	keyin_recipe	unsafe-blocked	COMMAND:PLACE SECTION CALL				N	N	wave5 detailing/constraint/mdl	2026-07-31		negative batch probe 2026-07-31: kind=tool, not promotable
PLACE_DETAIL_CALL	keyin_recipe	unsafe-blocked	COMMAND:PLACE DETAIL CALL				N	N	wave5 detailing/constraint/mdl	2026-07-31		negative batch probe 2026-07-31: kind=tool, not promotable
LIGHTING_ON	keyin_recipe	verified-headless-safe	KEYIN:LIGHTING ON				N	N	wave5 detailing/constraint/mdl	2026-07-31	2026-07-31	live batch probe 2026-07-31 (0.015s)
LIGHTING_OFF	keyin_recipe	verified-headless-safe	KEYIN:LIGHTING OFF				N	N	wave5 detailing/constraint/mdl	2026-07-31	2026-07-31	live batch probe 2026-07-31 (0.015s)
MATERIALS_ON	keyin_recipe	verified-headless-safe	KEYIN:MATERIALS ON				N	N	wave5 detailing/constraint/mdl	2026-07-31	2026-07-31	live batch probe 2026-07-31 (0.021s)
MATERIALS_OFF	keyin_recipe	verified-headless-safe	KEYIN:MATERIALS OFF				N	N	wave5 detailing/constraint/mdl	2026-07-31	2026-07-31	live batch probe 2026-07-31 (0.017s)
ENVIRONMENT_ON	keyin_recipe	verified-headless-safe	KEYIN:ENVIRONMENT ON				N	N	wave5 detailing/constraint/mdl	2026-07-31	2026-07-31	live batch probe 2026-07-31 (0.016s)
ENVIRONMENT_OFF	keyin_recipe	verified-headless-safe	KEYIN:ENVIRONMENT OFF				N	N	wave5 detailing/constraint/mdl	2026-07-31	2026-07-31	live batch probe 2026-07-31 (0.015s)
DISPLAYPATH_ON	keyin_recipe	verified-headless-safe	KEYIN:DISPLAY PATH ON				N	N	wave5 detailing/constraint/mdl	2026-07-31	2026-07-31	live batch probe 2026-07-31 (0.016s)
DISPLAYPATH_OFF	keyin_recipe	verified-headless-safe	KEYIN:DISPLAY PATH OFF				N	N	wave5 detailing/constraint/mdl	2026-07-31	2026-07-31	live batch probe 2026-07-31 (0.016s)
ANIMATION_ON	keyin_recipe	verified-headless-safe	KEYIN:ANIMATION ON				N	N	wave5 detailing/constraint/mdl	2026-07-31	2026-07-31	live batch probe 2026-07-31 (0.022s)
ANIMATION_OFF	keyin_recipe	verified-headless-safe	KEYIN:ANIMATION OFF				N	N	wave5 detailing/constraint/mdl	2026-07-31	2026-07-31	live batch probe 2026-07-31 (0.016s)
SEQUENCE_ON	keyin_recipe	verified-headless-safe	KEYIN:SEQUENCE ON				N	N	wave5 detailing/constraint/mdl	2026-07-31	2026-07-31	live batch probe 2026-07-31 (0.022s)
SEQUENCE_OFF	keyin_recipe	verified-headless-safe	KEYIN:SEQUENCE OFF				N	N	wave5 detailing/constraint/mdl	2026-07-31	2026-07-31	live batch probe 2026-07-31 (0.019s)
SET_TAGS_DISPLAY_ON	keyin_recipe	verified-headless-safe	KEYIN:SET TAGS DISPLAY ON				N	N	wave5b tags/geo	2026-07-31	2026-07-31	live batch probe 2026-07-31 (0.017s)
SET_TAGS_DISPLAY_OFF	keyin_recipe	verified-headless-safe	KEYIN:SET TAGS DISPLAY OFF				N	N	wave5b tags/geo	2026-07-31	2026-07-31	live batch probe 2026-07-31 (0.014s)
TD_ON	keyin_recipe	verified-headless-safe	KEYIN:TD=ON				N	N	wave5b tags/geo	2026-07-31	2026-07-31	legacy tag display live batch probe 2026-07-31 (0.013s)
TD_OFF	keyin_recipe	verified-headless-safe	KEYIN:TD=OFF				N	N	wave5b tags/geo	2026-07-31	2026-07-31	legacy tag display live batch probe 2026-07-31 (0.015s)
DIALOG_TAG_DEFINITION	keyin_recipe	unsafe-blocked	KEYIN:DIALOG TAG DEFINITION				N	N	wave5b tags/geo	2026-07-31		negative batch probe 2026-07-31: kind=dialog, not promotable
PLACE_TAG_NOTE	keyin_recipe	unsafe-blocked	COMMAND:PLACE TAG NOTE				N	N	wave5b tags/geo	2026-07-31		negative batch probe 2026-07-31: kind=tool, not promotable
MODIFY_TAG	keyin_recipe	unsafe-blocked	COMMAND:MODIFY TAG				N	N	wave5b tags/geo	2026-07-31		negative batch probe 2026-07-31: kind=tool, not promotable
DELETE_TAG	keyin_recipe	unsafe-blocked	COMMAND:DELETE TAG				N	N	wave5b tags/geo	2026-07-31		negative batch probe 2026-07-31: kind=tool, not promotable
ITEMTYPE_ON	keyin_recipe	verified-headless-safe	KEYIN:ITEM TYPE ON				N	N	wave5b tags/geo	2026-07-31	2026-07-31	live batch probe 2026-07-31 (0.014s)
ITEMTYPE_OFF	keyin_recipe	verified-headless-safe	KEYIN:ITEM TYPE OFF				N	N	wave5b tags/geo	2026-07-31	2026-07-31	live batch probe 2026-07-31 (0.014s)
SET_ITEMTYPE_ON	keyin_recipe	verified-headless-safe	KEYIN:SET ITEM TYPE ON				N	N	wave5b tags/geo	2026-07-31	2026-07-31	live batch probe 2026-07-31 (0.014s)
SET_ITEMTYPE_OFF	keyin_recipe	verified-headless-safe	KEYIN:SET ITEM TYPE OFF				N	N	wave5b tags/geo	2026-07-31	2026-07-31	live batch probe 2026-07-31 (0.014s)
SET_ITEMTYPES_ON	keyin_recipe	verified-headless-safe	KEYIN:SET ITEMTYPES ON				N	N	wave5b tags/geo	2026-07-31	2026-07-31	live batch probe 2026-07-31 (0.014s)
SET_ITEMTYPES_OFF	keyin_recipe	verified-headless-safe	KEYIN:SET ITEMTYPES OFF				N	N	wave5b tags/geo	2026-07-31	2026-07-31	live batch probe 2026-07-31 (0.016s)
SET_ITEMTYPE_DISPLAY_ON	keyin_recipe	verified-headless-safe	KEYIN:SET ITEM TYPE DISPLAY ON				N	N	wave5b tags/geo	2026-07-31	2026-07-31	live batch probe 2026-07-31 (0.015s)
SET_ITEMTYPE_DISPLAY_OFF	keyin_recipe	verified-headless-safe	KEYIN:SET ITEM TYPE DISPLAY OFF				N	N	wave5b tags/geo	2026-07-31	2026-07-31	live batch probe 2026-07-31 (0.015s)
DIALOG_ITEMTYPE	keyin_recipe	unsafe-blocked	KEYIN:DIALOG ITEM TYPE				N	N	wave5b tags/geo	2026-07-31		negative batch probe 2026-07-31: kind=dialog, not promotable
PLACE_ITEMTYPE	keyin_recipe	unsafe-blocked	COMMAND:PLACE ITEM TYPE				N	N	wave5b tags/geo	2026-07-31		negative batch probe 2026-07-31: kind=tool, not promotable
GEOCOORDINATE_ON	keyin_recipe	verified-headless-safe	KEYIN:GEOCOORDINATE ON				N	N	wave5b tags/geo	2026-07-31	2026-07-31	live batch probe 2026-07-31 (0.019s)
GEOCOORDINATE_OFF	keyin_recipe	verified-headless-safe	KEYIN:GEOCOORDINATE OFF				N	N	wave5b tags/geo	2026-07-31	2026-07-31	live batch probe 2026-07-31 (0.014s)
SET_GEOCOORDINATE_ON	keyin_recipe	verified-headless-safe	KEYIN:SET GEOCOORDINATE ON				N	N	wave5b tags/geo	2026-07-31	2026-07-31	live batch probe 2026-07-31 (0.013s)
SET_GEOCOORDINATE_OFF	keyin_recipe	verified-headless-safe	KEYIN:SET GEOCOORDINATE OFF				N	N	wave5b tags/geo	2026-07-31	2026-07-31	live batch probe 2026-07-31 (0.014s)
GEOGRAPHIC_DISPLAY_ON	keyin_recipe	verified-headless-safe	KEYIN:GEOGRAPHIC DISPLAY ON				N	N	wave5b tags/geo	2026-07-31	2026-07-31	live batch probe 2026-07-31 (0.014s)
GEOGRAPHIC_DISPLAY_OFF	keyin_recipe	verified-headless-safe	KEYIN:GEOGRAPHIC DISPLAY OFF				N	N	wave5b tags/geo	2026-07-31	2026-07-31	live batch probe 2026-07-31 (0.014s)
DIALOG_GEOGRAPHIC	keyin_recipe	unsafe-blocked	KEYIN:DIALOG GEOGRAPHIC				N	N	wave5b tags/geo	2026-07-31		negative batch probe 2026-07-31: kind=dialog, not promotable
DIALOG_GEOCOORDINATE	keyin_recipe	unsafe-blocked	KEYIN:DIALOG GEOCOORDINATE				N	N	wave5b tags/geo	2026-07-31		negative batch probe 2026-07-31: kind=dialog, not promotable
MARKUP_ON	keyin_recipe	verified-headless-safe	KEYIN:MARKUP ON				N	N	wave5b tags/geo	2026-07-31	2026-07-31	live batch probe 2026-07-31 (0.014s)
MARKUP_OFF	keyin_recipe	verified-headless-safe	KEYIN:MARKUP OFF				N	N	wave5b tags/geo	2026-07-31	2026-07-31	live batch probe 2026-07-31 (0.014s)
REDLINE_ON	keyin_recipe	verified-headless-safe	KEYIN:REDLINE ON				N	N	wave5b tags/geo	2026-07-31	2026-07-31	live batch probe 2026-07-31 (0.014s)
REDLINE_OFF	keyin_recipe	verified-headless-safe	KEYIN:REDLINE OFF				N	N	wave5b tags/geo	2026-07-31	2026-07-31	live batch probe 2026-07-31 (0.014s)
SET_MARKUP_ON	keyin_recipe	verified-headless-safe	KEYIN:SET MARKUP ON				N	N	wave5b tags/geo	2026-07-31	2026-07-31	live batch probe 2026-07-31 (0.014s)
SET_MARKUP_OFF	keyin_recipe	verified-headless-safe	KEYIN:SET MARKUP OFF				N	N	wave5b tags/geo	2026-07-31	2026-07-31	live batch probe 2026-07-31 (0.013s)
SET_REDLINE_ON	keyin_recipe	verified-headless-safe	KEYIN:SET REDLINE ON				N	N	wave5b tags/geo	2026-07-31	2026-07-31	live batch probe 2026-07-31 (0.013s)
SET_REDLINE_OFF	keyin_recipe	verified-headless-safe	KEYIN:SET REDLINE OFF				N	N	wave5b tags/geo	2026-07-31	2026-07-31	live batch probe 2026-07-31 (0.014s)
MARKUPS_ON	keyin_recipe	verified-headless-safe	KEYIN:MARKUPS ON				N	N	wave5b tags/geo	2026-07-31	2026-07-31	live batch probe 2026-07-31 (0.013s)
MARKUPS_OFF	keyin_recipe	verified-headless-safe	KEYIN:MARKUPS OFF				N	N	wave5b tags/geo	2026-07-31	2026-07-31	live batch probe 2026-07-31 (0.013s)
REDLINES_ON	keyin_recipe	verified-headless-safe	KEYIN:REDLINES ON				N	N	wave5b tags/geo	2026-07-31	2026-07-31	live batch probe 2026-07-31 (0.014s)
REDLINES_OFF	keyin_recipe	verified-headless-safe	KEYIN:REDLINES OFF				N	N	wave5b tags/geo	2026-07-31	2026-07-31	live batch probe 2026-07-31 (0.014s)
DIALOG_REDLINE	keyin_recipe	unsafe-blocked	KEYIN:DIALOG REDLINE				N	N	wave5b tags/geo	2026-07-31		negative batch probe 2026-07-31: kind=dialog, not promotable
DIALOG_DESIGN_HISTORY	keyin_recipe	unsafe-blocked	KEYIN:DIALOG DESIGN HISTORY				N	N	wave5b tags/geo	2026-07-31		negative batch probe 2026-07-31: kind=dialog, not promotable
REPORT_TABLE_OFF	keyin_recipe	verified-headless-safe	KEYIN:REPORT TABLE OFF				N	N	wave5b tags/geo	2026-07-31	2026-07-31	live batch probe 2026-07-31 (0.014s)
SET_REPORT_TABLE_ON	keyin_recipe	verified-headless-safe	KEYIN:SET REPORT TABLE ON				N	N	wave5b tags/geo	2026-07-31	2026-07-31	live batch probe 2026-07-31 (0.013s)
SET_REPORT_TABLE_OFF	keyin_recipe	verified-headless-safe	KEYIN:SET REPORT TABLE OFF				N	N	wave5b tags/geo	2026-07-31	2026-07-31	live batch probe 2026-07-31 (0.013s)
RT_ON	keyin_recipe	verified-headless-safe	KEYIN:RT=ON				N	N	wave5b tags/geo	2026-07-31	2026-07-31	legacy report table live batch probe 2026-07-31 (0.024s)
RT_OFF	keyin_recipe	verified-headless-safe	KEYIN:RT=OFF				N	N	wave5b tags/geo	2026-07-31	2026-07-31	legacy report table live batch probe 2026-07-31 (0.016s)
SET_AE_ON	keyin_recipe	verified-headless-safe	KEYIN:SET AE ON				N	N	wave5b tags/geo	2026-07-31	2026-07-31	live batch probe 2026-07-31 (0.014s)
SET_AE_OFF	keyin_recipe	verified-headless-safe	KEYIN:SET AE OFF				N	N	wave5b tags/geo	2026-07-31	2026-07-31	live batch probe 2026-07-31 (0.015s)
SET_DA_ON	keyin_recipe	verified-headless-safe	KEYIN:SET DA ON				N	N	wave5b tags/geo	2026-07-31	2026-07-31	live batch probe 2026-07-31 (0.015s)
SET_DA_OFF	keyin_recipe	verified-headless-safe	KEYIN:SET DA OFF				N	N	wave5b tags/geo	2026-07-31	2026-07-31	live batch probe 2026-07-31 (0.017s)
DB_ON	keyin_recipe	verified-headless-safe	KEYIN:DB=ON				N	N	wave5b tags/geo	2026-07-31	2026-07-31	legacy database display live batch probe 2026-07-31 (0.015s)
DB_OFF	keyin_recipe	verified-headless-safe	KEYIN:DB=OFF				N	N	wave5b tags/geo	2026-07-31	2026-07-31	legacy database display live batch probe 2026-07-31 (0.017s)
SET_LINKAGE_DISPLAY_ON	keyin_recipe	verified-headless-safe	KEYIN:SET LINKAGE DISPLAY ON				N	N	wave5b tags/geo	2026-07-31	2026-07-31	live batch probe 2026-07-31 (0.015s)
SET_LINKAGE_DISPLAY_OFF	keyin_recipe	verified-headless-safe	KEYIN:SET LINKAGE DISPLAY OFF				N	N	wave5b tags/geo	2026-07-31	2026-07-31	live batch probe 2026-07-31 (0.014s)
DIALOG_DATABASE	keyin_recipe	unsafe-blocked	KEYIN:DIALOG DATABASE				N	N	wave5b tags/geo	2026-07-31		negative batch probe 2026-07-31: kind=dialog, not promotable
NAMEDVIEW_GO	keyin_recipe	verified-headless-safe	KEYIN:NAMED VIEW {name}		name		N	N	wave5b namedview/sheet	2026-07-31	2026-07-31	go to named view by name live batch probe 2026-07-31 (0.014s)
NAMEDVIEW_SAVE	keyin_recipe	verified-headless-safe	KEYIN:NAMED VIEW {name}		name		N	N	wave5b namedview/sheet	2026-07-31	2026-07-31	save current view as named view live batch probe 2026-07-31 (0.013s)
NAMEDVIEW_UPDATE	keyin_recipe	verified-headless-safe	KEYIN:NAMED VIEW {name}		name		N	N	wave5b namedview/sheet	2026-07-31	2026-07-31	update named view from current live batch probe 2026-07-31 (0.013s)
NAMEDVIEW_DELETE	keyin_recipe	verified-headless-safe	KEYIN:NAMED VIEW {name}		name		N	N	wave5b namedview/sheet	2026-07-31	2026-07-31	delete named view live batch probe 2026-07-31 (0.013s)
NAMEDVIEW_NEXT	keyin_recipe	verified-headless-safe	KEYIN:NAMED VIEW NEXT				N	N	wave5b namedview/sheet	2026-07-31	2026-07-31	cycle to next named view live batch probe 2026-07-31 (0.015s)
NAMEDVIEW_PREVIOUS	keyin_recipe	verified-headless-safe	KEYIN:NAMED VIEW PREVIOUS				N	N	wave5b namedview/sheet	2026-07-31	2026-07-31	cycle to previous named view live batch probe 2026-07-31 (0.014s)
NAMEDVIEW_ROTATE	keyin_recipe	verified-headless-safe	KEYIN:NAMED VIEW {name}		name		N	N	wave5b namedview/sheet	2026-07-31	2026-07-31	rotate view to named view orientation live batch probe 2026-07-31 (0.014s)
NAMEDVIEW_APPLY	keyin_recipe	verified-headless-safe	KEYIN:NAMED VIEW {name}		name		N	N	wave5b namedview/sheet	2026-07-31	2026-07-31	apply named view settings live batch probe 2026-07-31 (0.013s)
SAVEDVIEW_SAVE	keyin_recipe	verified-headless-safe	KEYIN:SAVED VIEW {name}		name		N	N	wave5b namedview/sheet	2026-07-31	2026-07-31	save current as saved view live batch probe 2026-07-31 (0.013s)
SAVEDVIEW_UPDATE	keyin_recipe	verified-headless-safe	KEYIN:SAVED VIEW {name}		name		N	N	wave5b namedview/sheet	2026-07-31	2026-07-31	update saved view from current live batch probe 2026-07-31 (0.013s)
SAVEDVIEW_DELETE	keyin_recipe	verified-headless-safe	KEYIN:SAVED VIEW {name}		name		N	N	wave5b namedview/sheet	2026-07-31	2026-07-31	delete saved view live batch probe 2026-07-31 (0.015s)
SAVEDVIEW_GO	keyin_recipe	verified-headless-safe	KEYIN:SAVED VIEW {name}		name		N	N	wave5b namedview/sheet	2026-07-31	2026-07-31	recall saved view by name live batch probe 2026-07-31 (0.013s)
SAVEDVIEW_NEXT	keyin_recipe	verified-headless-safe	KEYIN:SAVED VIEW NEXT				N	N	wave5b namedview/sheet	2026-07-31	2026-07-31	cycle to next saved view live batch probe 2026-07-31 (0.014s)
SAVEDVIEW_PREVIOUS	keyin_recipe	verified-headless-safe	KEYIN:SAVED VIEW PREVIOUS				N	N	wave5b namedview/sheet	2026-07-31	2026-07-31	cycle to previous saved view live batch probe 2026-07-31 (0.014s)
REFERENCE_SYNCHWITHSAVEDVIEW_VIEW_ALL	keyin_recipe	verified-headless-safe	KEYIN:REFERENCE SET SYNCHWITHSAVEDVIEW=VIEW ALL				N	N	wave5b namedview/sheet	2026-07-31	2026-07-31	synch references to saved view live batch probe 2026-07-31 (0.015s)
VI_FIT	keyin_recipe	verified-headless-safe	KEYIN:VI=FIT				N	N	wave5b namedview/sheet	2026-07-31	2026-07-31	legacy fit active view live batch probe 2026-07-31 (0.014s)
VI_UPDATE	keyin_recipe	verified-headless-safe	KEYIN:VI=UPDATE				N	N	wave5b namedview/sheet	2026-07-31	2026-07-31	legacy redraw active view live batch probe 2026-07-31 (0.014s)
VI_PREVIOUS	keyin_recipe	verified-headless-safe	KEYIN:VI=PREVIOUS				N	N	wave5b namedview/sheet	2026-07-31	2026-07-31	legacy restore previous view live batch probe 2026-07-31 (0.11s)
VI_NEXT	keyin_recipe	verified-headless-safe	KEYIN:VI=NEXT				N	N	wave5b namedview/sheet	2026-07-31	2026-07-31	legacy advance to next view live batch probe 2026-07-31 (0.107s)
SV_SAVE	keyin_recipe	verified-headless-safe	KEYIN:SV={name}		name		N	N	wave5b namedview/sheet	2026-07-31	2026-07-31	legacy save view syntax live batch probe 2026-07-31 (0.078s)
SV_GO	keyin_recipe	verified-headless-safe	KEYIN:SV={name}		name		N	N	wave5b namedview/sheet	2026-07-31	2026-07-31	legacy recall saved view live batch probe 2026-07-31 (0.074s)
DV_1	keyin_recipe	verified-headless-safe	KEYIN:DV=1				N	N	wave5b namedview/sheet	2026-07-31	2026-07-31	legacy activate dynamic view 1 live batch probe 2026-07-31 (0.013s)
SHEET_INDEX_UPDATE	keyin_recipe	verified-headless-safe	KEYIN:SHEET INDEX UPDATE				N	N	wave5b namedview/sheet	2026-07-31	2026-07-31	refresh sheet index display live batch probe 2026-07-31 (0.014s)
SHEET_INDEX_NEXT	keyin_recipe	verified-headless-safe	KEYIN:SHEET INDEX NEXT				N	N	wave5b namedview/sheet	2026-07-31	2026-07-31	advance to next sheet live batch probe 2026-07-31 (0.013s)
SHEET_INDEX_PREVIOUS	keyin_recipe	verified-headless-safe	KEYIN:SHEET INDEX PREVIOUS				N	N	wave5b namedview/sheet	2026-07-31	2026-07-31	go to previous sheet live batch probe 2026-07-31 (0.013s)
SHEET_INDEX_GO	keyin_recipe	verified-headless-safe	KEYIN:SHEET INDEX {sheetNum}		sheetNum		N	N	wave5b namedview/sheet	2026-07-31	2026-07-31	go to sheet by index number live batch probe 2026-07-31 (0.013s)
CLIPVOLUME_GO	keyin_recipe	verified-headless-safe	KEYIN:CLIP VOLUME {name}		name		N	N	wave5b namedview/sheet	2026-07-31	2026-07-31	activate clip volume by name live batch probe 2026-07-31 (0.013s)
CLIPVOLUME_ATTACH	keyin_recipe	verified-headless-safe	KEYIN:CLIP VOLUME {name}		name		N	N	wave5b namedview/sheet	2026-07-31	2026-07-31	attach clip volume to view live batch probe 2026-07-31 (0.014s)
CLIPVOLUME_DETACH	keyin_recipe	verified-headless-safe	KEYIN:CLIP VOLUME {name}		name		N	N	wave5b namedview/sheet	2026-07-31	2026-07-31	detach clip volume from view live batch probe 2026-07-31 (0.013s)
CLIPVOLUME_NEXT	keyin_recipe	verified-headless-safe	KEYIN:CLIP VOLUME NEXT				N	N	wave5b namedview/sheet	2026-07-31	2026-07-31	cycle to next clip volume live batch probe 2026-07-31 (0.013s)
CLIPVOLUME_PREVIOUS	keyin_recipe	verified-headless-safe	KEYIN:CLIP VOLUME PREVIOUS				N	N	wave5b namedview/sheet	2026-07-31	2026-07-31	cycle to previous clip volume live batch probe 2026-07-31 (0.014s)
CLIPVOLUME_ACTIVE_ON	keyin_recipe	verified-headless-safe	KEYIN:CLIP VOLUME ACTIVE ON				N	N	wave5b namedview/sheet	2026-07-31	2026-07-31	enable active clip volume live batch probe 2026-07-31 (0.013s)
CLIPVOLUME_ACTIVE_OFF	keyin_recipe	verified-headless-safe	KEYIN:CLIP VOLUME ACTIVE OFF				N	N	wave5b namedview/sheet	2026-07-31	2026-07-31	disable active clip volume live batch probe 2026-07-31 (0.013s)
CLIPVOLUME_CUT_ON	keyin_recipe	verified-headless-safe	KEYIN:CLIP VOLUME CUT ON				N	N	wave5b namedview/sheet	2026-07-31	2026-07-31	enable clip volume cut display live batch probe 2026-07-31 (0.013s)
CLIPVOLUME_CUT_OFF	keyin_recipe	verified-headless-safe	KEYIN:CLIP VOLUME CUT OFF				N	N	wave5b namedview/sheet	2026-07-31	2026-07-31	disable clip volume cut display live batch probe 2026-07-31 (0.014s)
NAMEDBOUNDARY_APPLY_ON	keyin_recipe	verified-headless-safe	KEYIN:NAMED BOUNDARY APPLY ON				N	N	wave5b namedview/sheet	2026-07-31	2026-07-31	apply named boundary to view live batch probe 2026-07-31 (0.015s)
NAMEDBOUNDARY_APPLY_OFF	keyin_recipe	verified-headless-safe	KEYIN:NAMED BOUNDARY APPLY OFF				N	N	wave5b namedview/sheet	2026-07-31	2026-07-31	stop applying named boundary live batch probe 2026-07-31 (0.013s)
NAMEDBOUNDARY_GO	keyin_recipe	verified-headless-safe	KEYIN:NAMED BOUNDARY {name}		name		N	N	wave5b namedview/sheet	2026-07-31	2026-07-31	go to named boundary by name live batch probe 2026-07-31 (0.015s)
NAMEDBOUNDARY_NEXT	keyin_recipe	verified-headless-safe	KEYIN:NAMED BOUNDARY NEXT				N	N	wave5b namedview/sheet	2026-07-31	2026-07-31	cycle to next named boundary live batch probe 2026-07-31 (0.014s)
NAMEDBOUNDARY_PREVIOUS	keyin_recipe	verified-headless-safe	KEYIN:NAMED BOUNDARY PREVIOUS				N	N	wave5b namedview/sheet	2026-07-31	2026-07-31	cycle to previous named boundary live batch probe 2026-07-31 (0.014s)
NAMEDBOUNDARY_ACTIVE_ON	keyin_recipe	verified-headless-safe	KEYIN:NAMED BOUNDARY ACTIVE ON				N	N	wave5b namedview/sheet	2026-07-31	2026-07-31	set active named boundary live batch probe 2026-07-31 (0.015s)
NAMEDBOUNDARY_ACTIVE_OFF	keyin_recipe	verified-headless-safe	KEYIN:NAMED BOUNDARY ACTIVE OFF				N	N	wave5b namedview/sheet	2026-07-31	2026-07-31	clear active named boundary live batch probe 2026-07-31 (0.014s)
PRINT_PATTERNS_ON	keyin_recipe	verified-headless-safe	KEYIN:PRINT PATTERNS ON				N	N	wave5b namedview/sheet	2026-07-31	2026-07-31	print fill patterns on live batch probe 2026-07-31 (0.014s)
PRINT_PATTERNS_OFF	keyin_recipe	verified-headless-safe	KEYIN:PRINT PATTERNS OFF				N	N	wave5b namedview/sheet	2026-07-31	2026-07-31	print fill patterns off live batch probe 2026-07-31 (0.016s)
PRINT_TEXT_ON	keyin_recipe	verified-headless-safe	KEYIN:PRINT TEXT ON				N	N	wave5b namedview/sheet	2026-07-31	2026-07-31	print text elements on live batch probe 2026-07-31 (0.014s)
PRINT_TEXT_OFF	keyin_recipe	verified-headless-safe	KEYIN:PRINT TEXT OFF				N	N	wave5b namedview/sheet	2026-07-31	2026-07-31	print text elements off live batch probe 2026-07-31 (0.014s)
PRINT_DIMENSIONS_ON	keyin_recipe	verified-headless-safe	KEYIN:PRINT DIMENSIONS ON				N	N	wave5b namedview/sheet	2026-07-31	2026-07-31	print dimensions on live batch probe 2026-07-31 (0.023s)
PRINT_DIMENSIONS_OFF	keyin_recipe	verified-headless-safe	KEYIN:PRINT DIMENSIONS OFF				N	N	wave5b namedview/sheet	2026-07-31	2026-07-31	print dimensions off live batch probe 2026-07-31 (0.014s)
PRINT_LINEWEIGHTS_ON	keyin_recipe	verified-headless-safe	KEYIN:PRINT LINEWEIGHTS ON				N	N	wave5b namedview/sheet	2026-07-31	2026-07-31	print lineweights on live batch probe 2026-07-31 (0.014s)
PRINT_LINEWEIGHTS_OFF	keyin_recipe	verified-headless-safe	KEYIN:PRINT LINEWEIGHTS OFF				N	N	wave5b namedview/sheet	2026-07-31	2026-07-31	print lineweights off live batch probe 2026-07-31 (0.015s)
PRINT_TRANSPARENCY_ON	keyin_recipe	verified-headless-safe	KEYIN:PRINT TRANSPARENCY ON				N	N	wave5b namedview/sheet	2026-07-31	2026-07-31	print transparency on live batch probe 2026-07-31 (0.014s)
PRINT_TRANSPARENCY_OFF	keyin_recipe	verified-headless-safe	KEYIN:PRINT TRANSPARENCY OFF				N	N	wave5b namedview/sheet	2026-07-31	2026-07-31	print transparency off live batch probe 2026-07-31 (0.015s)
PRINT_VIEWBORDER_ON	keyin_recipe	verified-headless-safe	KEYIN:PRINT VIEW BORDER ON				N	N	wave5b namedview/sheet	2026-07-31	2026-07-31	print view border on live batch probe 2026-07-31 (0.014s)
PRINT_VIEWBORDER_OFF	keyin_recipe	verified-headless-safe	KEYIN:PRINT VIEW BORDER OFF				N	N	wave5b namedview/sheet	2026-07-31	2026-07-31	print view border off live batch probe 2026-07-31 (0.014s)
PRINT_SHEET_ON	keyin_recipe	verified-headless-safe	KEYIN:PRINT SHEET ON				N	N	wave5b namedview/sheet	2026-07-31	2026-07-31	print sheet model on live batch probe 2026-07-31 (0.015s)
PRINT_SHEET_OFF	keyin_recipe	verified-headless-safe	KEYIN:PRINT SHEET OFF				N	N	wave5b namedview/sheet	2026-07-31	2026-07-31	print sheet model off live batch probe 2026-07-31 (0.014s)
PRINT_ROTATE_OFF	keyin_recipe	verified-headless-safe	KEYIN:PRINT ROTATE OFF				N	N	wave5b namedview/sheet	2026-07-31	2026-07-31	disable print rotation live batch probe 2026-07-31 (0.014s)
PLOT_ATTRIBUTES_ON	keyin_recipe	verified-headless-safe	KEYIN:PLOT ATTRIBUTES ON				N	N	wave5b namedview/sheet	2026-07-31	2026-07-31	plot element attributes on live batch probe 2026-07-31 (0.014s)
PLOT_ATTRIBUTES_OFF	keyin_recipe	verified-headless-safe	KEYIN:PLOT ATTRIBUTES OFF				N	N	wave5b namedview/sheet	2026-07-31	2026-07-31	plot element attributes off live batch probe 2026-07-31 (0.014s)
PLOT_RASTERIZED_ON	keyin_recipe	verified-headless-safe	KEYIN:PLOT RASTERIZED ON				N	N	wave5b namedview/sheet	2026-07-31	2026-07-31	plot rasterized output on live batch probe 2026-07-31 (0.014s)
PLOT_RASTERIZED_OFF	keyin_recipe	verified-headless-safe	KEYIN:PLOT RASTERIZED OFF				N	N	wave5b namedview/sheet	2026-07-31	2026-07-31	plot rasterized output off live batch probe 2026-07-31 (0.014s)
PLOT_MIRROR_ON	keyin_recipe	verified-headless-safe	KEYIN:PLOT MIRROR ON				N	N	wave5b namedview/sheet	2026-07-31	2026-07-31	plot mirror on live batch probe 2026-07-31 (0.014s)
PLOT_MIRROR_OFF	keyin_recipe	verified-headless-safe	KEYIN:PLOT MIRROR OFF				N	N	wave5b namedview/sheet	2026-07-31	2026-07-31	plot mirror off live batch probe 2026-07-31 (0.014s)
DIALOG_NAMEDVIEW	keyin_recipe	unsafe-blocked	KEYIN:DIALOG NAMED VIEW				N	N	wave5b namedview/sheet	2026-07-31		negative batch probe 2026-07-31: kind=dialog, not promotable
DIALOG_SAVEDVIEW	keyin_recipe	unsafe-blocked	KEYIN:DIALOG SAVED VIEW				N	N	wave5b namedview/sheet	2026-07-31		negative batch probe 2026-07-31: kind=dialog, not promotable
DIALOG_CLIPVOLUME	keyin_recipe	unsafe-blocked	KEYIN:DIALOG CLIP VOLUME				N	N	wave5b namedview/sheet	2026-07-31		negative batch probe 2026-07-31: kind=dialog, not promotable
DIALOG_NAMEDBOUNDARY	keyin_recipe	unsafe-blocked	KEYIN:DIALOG NAMED BOUNDARY				N	N	wave5b namedview/sheet	2026-07-31		negative batch probe 2026-07-31: kind=dialog, not promotable
DIALOG_SHEETINDEX	keyin_recipe	unsafe-blocked	KEYIN:DIALOG SHEET INDEX				N	N	wave5b namedview/sheet	2026-07-31		negative batch probe 2026-07-31: kind=dialog, not promotable
DETAIL_CALL_SETTINGS	keyin_recipe	unsafe-blocked	KEYIN:DETAIL CALL SETTINGS				N	N	wave5b detailing/mdl	2026-07-31		negative batch probe 2026-07-31: kind=dialog, not promotable
LEADER_SETTINGS	keyin_recipe	unsafe-blocked	KEYIN:LEADER SETTINGS				N	N	wave5b detailing/mdl	2026-07-31		negative batch probe 2026-07-31: kind=dialog, not promotable
KEYNOTE_SETTINGS	keyin_recipe	unsafe-blocked	KEYIN:KEYNOTE SETTINGS				N	N	wave5b detailing/mdl	2026-07-31		negative batch probe 2026-07-31: kind=dialog, not promotable
ANNOTATIONS_ON	keyin_recipe	verified-headless-safe	KEYIN:ANNOTATIONS ON				N	N	wave5b detailing/mdl	2026-07-31	2026-07-31	live batch probe 2026-07-31 (0.014s)
ANNOTATIONS_OFF	keyin_recipe	verified-headless-safe	KEYIN:ANNOTATIONS OFF				N	N	wave5b detailing/mdl	2026-07-31	2026-07-31	live batch probe 2026-07-31 (0.013s)
SET_ANNOTATIONS_ON	keyin_recipe	verified-headless-safe	KEYIN:SET ANNOTATIONS ON				N	N	wave5b detailing/mdl	2026-07-31	2026-07-31	live batch probe 2026-07-31 (0.014s)
SET_ANNOTATIONS_OFF	keyin_recipe	verified-headless-safe	KEYIN:SET ANNOTATIONS OFF				N	N	wave5b detailing/mdl	2026-07-31	2026-07-31	live batch probe 2026-07-31 (0.013s)
DETAILING_ON	keyin_recipe	verified-headless-safe	KEYIN:DETAILING ON				N	N	wave5b detailing/mdl	2026-07-31	2026-07-31	live batch probe 2026-07-31 (0.015s)
DETAILING_OFF	keyin_recipe	verified-headless-safe	KEYIN:DETAILING OFF				N	N	wave5b detailing/mdl	2026-07-31	2026-07-31	live batch probe 2026-07-31 (0.014s)
CALLOUTS_ON	keyin_recipe	verified-headless-safe	KEYIN:CALLOUTS ON				N	N	wave5b detailing/mdl	2026-07-31	2026-07-31	live batch probe 2026-07-31 (0.014s)
CALLOUTS_OFF	keyin_recipe	verified-headless-safe	KEYIN:CALLOUTS OFF				N	N	wave5b detailing/mdl	2026-07-31	2026-07-31	live batch probe 2026-07-31 (0.014s)
SECTION_CALLS_ON	keyin_recipe	verified-headless-safe	KEYIN:SECTION CALLS ON				N	N	wave5b detailing/mdl	2026-07-31	2026-07-31	live batch probe 2026-07-31 (0.014s)
SECTION_CALLS_OFF	keyin_recipe	verified-headless-safe	KEYIN:SECTION CALLS OFF				N	N	wave5b detailing/mdl	2026-07-31	2026-07-31	live batch probe 2026-07-31 (0.014s)
DETAIL_CALLS_ON	keyin_recipe	verified-headless-safe	KEYIN:DETAIL CALLS ON				N	N	wave5b detailing/mdl	2026-07-31	2026-07-31	live batch probe 2026-07-31 (0.014s)
DETAIL_CALLS_OFF	keyin_recipe	verified-headless-safe	KEYIN:DETAIL CALLS OFF				N	N	wave5b detailing/mdl	2026-07-31	2026-07-31	live batch probe 2026-07-31 (0.015s)
LEADERS_ON	keyin_recipe	verified-headless-safe	KEYIN:LEADERS ON				N	N	wave5b detailing/mdl	2026-07-31	2026-07-31	live batch probe 2026-07-31 (0.019s)
LEADERS_OFF	keyin_recipe	verified-headless-safe	KEYIN:LEADERS OFF				N	N	wave5b detailing/mdl	2026-07-31	2026-07-31	live batch probe 2026-07-31 (0.018s)
KEYNOTES_ON	keyin_recipe	verified-headless-safe	KEYIN:KEYNOTES ON				N	N	wave5b detailing/mdl	2026-07-31	2026-07-31	live batch probe 2026-07-31 (0.017s)
KEYNOTES_OFF	keyin_recipe	verified-headless-safe	KEYIN:KEYNOTES OFF				N	N	wave5b detailing/mdl	2026-07-31	2026-07-31	live batch probe 2026-07-31 (0.017s)
REVISION_CLOUDS_ON	keyin_recipe	verified-headless-safe	KEYIN:REVISION CLOUDS ON				N	N	wave5b detailing/mdl	2026-07-31	2026-07-31	live batch probe 2026-07-31 (0.014s)
REVISION_CLOUDS_OFF	keyin_recipe	verified-headless-safe	KEYIN:REVISION CLOUDS OFF				N	N	wave5b detailing/mdl	2026-07-31	2026-07-31	live batch probe 2026-07-31 (0.013s)
CONSTRAINT_ICONS_ON	keyin_recipe	verified-headless-safe	KEYIN:CONSTRAINT ICONS ON				N	N	wave5b detailing/mdl	2026-07-31	2026-07-31	live batch probe 2026-07-31 (0.022s)
CONSTRAINT_ICONS_OFF	keyin_recipe	verified-headless-safe	KEYIN:CONSTRAINT ICONS OFF				N	N	wave5b detailing/mdl	2026-07-31	2026-07-31	live batch probe 2026-07-31 (0.014s)
PARAMETRIC_ICONS_ON	keyin_recipe	verified-headless-safe	KEYIN:PARAMETRIC ICONS ON				N	N	wave5b detailing/mdl	2026-07-31	2026-07-31	live batch probe 2026-07-31 (0.022s)
PARAMETRIC_ICONS_OFF	keyin_recipe	verified-headless-safe	KEYIN:PARAMETRIC ICONS OFF				N	N	wave5b detailing/mdl	2026-07-31	2026-07-31	live batch probe 2026-07-31 (0.013s)
VARIABLE_ICONS_ON	keyin_recipe	verified-headless-safe	KEYIN:VARIABLE ICONS ON				N	N	wave5b detailing/mdl	2026-07-31	2026-07-31	live batch probe 2026-07-31 (0.014s)
VARIABLE_ICONS_OFF	keyin_recipe	verified-headless-safe	KEYIN:VARIABLE ICONS OFF				N	N	wave5b detailing/mdl	2026-07-31	2026-07-31	live batch probe 2026-07-31 (0.015s)
EXPRESSION_ICONS_ON	keyin_recipe	verified-headless-safe	KEYIN:EXPRESSION ICONS ON				N	N	wave5b detailing/mdl	2026-07-31	2026-07-31	live batch probe 2026-07-31 (0.014s)
EXPRESSION_ICONS_OFF	keyin_recipe	verified-headless-safe	KEYIN:EXPRESSION ICONS OFF				N	N	wave5b detailing/mdl	2026-07-31	2026-07-31	live batch probe 2026-07-31 (0.015s)
LOCK_CONSTRAINTS_ON	keyin_recipe	verified-headless-safe	KEYIN:LOCK CONSTRAINTS ON				N	N	wave5b detailing/mdl	2026-07-31	2026-07-31	live batch probe 2026-07-31 (0.013s)
LOCK_CONSTRAINTS_OFF	keyin_recipe	verified-headless-safe	KEYIN:LOCK CONSTRAINTS OFF				N	N	wave5b detailing/mdl	2026-07-31	2026-07-31	live batch probe 2026-07-31 (0.014s)
LOCK_PARAMETRIC_ON	keyin_recipe	verified-headless-safe	KEYIN:LOCK PARAMETRIC ON				N	N	wave5b detailing/mdl	2026-07-31	2026-07-31	live batch probe 2026-07-31 (0.025s)
LOCK_PARAMETRIC_OFF	keyin_recipe	verified-headless-safe	KEYIN:LOCK PARAMETRIC OFF				N	N	wave5b detailing/mdl	2026-07-31	2026-07-31	live batch probe 2026-07-31 (0.015s)
SET_LIGHTING_ON	keyin_recipe	verified-headless-safe	KEYIN:SET LIGHTING ON				N	N	wave5b detailing/mdl	2026-07-31	2026-07-31	live batch probe 2026-07-31 (0.015s)
SET_LIGHTING_OFF	keyin_recipe	verified-headless-safe	KEYIN:SET LIGHTING OFF				N	N	wave5b detailing/mdl	2026-07-31	2026-07-31	live batch probe 2026-07-31 (0.016s)
SET_MATERIALS_ON	keyin_recipe	verified-headless-safe	KEYIN:SET MATERIALS ON				N	N	wave5b detailing/mdl	2026-07-31	2026-07-31	live batch probe 2026-07-31 (0.015s)
SET_MATERIALS_OFF	keyin_recipe	verified-headless-safe	KEYIN:SET MATERIALS OFF				N	N	wave5b detailing/mdl	2026-07-31	2026-07-31	live batch probe 2026-07-31 (0.016s)
SET_ENVIRONMENT_ON	keyin_recipe	verified-headless-safe	KEYIN:SET ENVIRONMENT ON				N	N	wave5b detailing/mdl	2026-07-31	2026-07-31	live batch probe 2026-07-31 (0.015s)
SET_ENVIRONMENT_OFF	keyin_recipe	verified-headless-safe	KEYIN:SET ENVIRONMENT OFF				N	N	wave5b detailing/mdl	2026-07-31	2026-07-31	live batch probe 2026-07-31 (0.015s)
WORKSPACE_LIST	keyin_recipe	verified-headless-safe	KEYIN:WORKSPACE LIST				N	N	wave5b detailing/mdl	2026-07-31	2026-07-31	live batch probe 2026-07-31 (0.015s)
WORKSET_LIST	keyin_recipe	verified-headless-safe	KEYIN:WORKSET LIST				N	N	wave5b detailing/mdl	2026-07-31	2026-07-31	live batch probe 2026-07-31 (0.015s)
CONFIGURATION_LIST	keyin_recipe	verified-headless-safe	KEYIN:CONFIGURATION LIST				N	N	wave5b detailing/mdl	2026-07-31	2026-07-31	live batch probe 2026-07-31 (0.015s)
KEYFRAMES_ON	keyin_recipe	verified-headless-safe	KEYIN:KEYFRAMES ON				N	N	wave5b detailing/mdl	2026-07-31	2026-07-31	live batch probe 2026-07-31 (0.014s)
KEYFRAMES_OFF	keyin_recipe	verified-headless-safe	KEYIN:KEYFRAMES OFF				N	N	wave5b detailing/mdl	2026-07-31	2026-07-31	live batch probe 2026-07-31 (0.013s)
PLACE_KEYNOTE	keyin_recipe	unsafe-blocked	COMMAND:PLACE KEYNOTE				N	N	wave5b detailing/mdl	2026-07-31		negative batch probe 2026-07-31: kind=tool, not promotable
PLACE_REVISION_CLOUD	keyin_recipe	unsafe-blocked	COMMAND:PLACE REVISION CLOUD				N	N	wave5b detailing/mdl	2026-07-31		negative batch probe 2026-07-31: kind=tool, not promotable
ACS_ON	keyin_recipe	verified-headless-safe	KEYIN:ACS ON				N	N	wave6 seed	2026-07-31	2026-07-31	live batch probe 2026-07-31 (0.02s)
ACS_OFF	keyin_recipe	verified-headless-safe	KEYIN:ACS OFF				N	N	wave6 seed	2026-07-31	2026-07-31	live batch probe 2026-07-31 (0.017s)
ACS_DISPLAY_ON	keyin_recipe	verified-headless-safe	KEYIN:ACS DISPLAY ON				N	N	wave6 seed	2026-07-31	2026-07-31	live batch probe 2026-07-31 (0.014s)
ACS_DISPLAY_OFF	keyin_recipe	verified-headless-safe	KEYIN:ACS DISPLAY OFF				N	N	wave6 seed	2026-07-31	2026-07-31	live batch probe 2026-07-31 (0.015s)
ACTIVE_ACS_TOP	keyin_recipe	verified-headless-safe	KEYIN:ACTIVE ACS TOP				N	N	wave6 seed	2026-07-31	2026-07-31	live batch probe 2026-07-31 (0.015s)
ACTIVE_ACS_FRONT	keyin_recipe	verified-headless-safe	KEYIN:ACTIVE ACS FRONT				N	N	wave6 seed	2026-07-31	2026-07-31	live batch probe 2026-07-31 (0.017s)
ACTIVE_ACS_RIGHT	keyin_recipe	verified-headless-safe	KEYIN:ACTIVE ACS RIGHT				N	N	wave6 seed	2026-07-31	2026-07-31	live batch probe 2026-07-31 (0.017s)
ACTIVE_ACS_VIEW	keyin_recipe	verified-headless-safe	KEYIN:ACTIVE ACS VIEW				N	N	wave6 seed	2026-07-31	2026-07-31	live batch probe 2026-07-31 (0.015s)
AC_ON	keyin_recipe	verified-headless-safe	KEYIN:AC=ON				N	N	wave6 seed	2026-07-31	2026-07-31	legacy ACS live batch probe 2026-07-31 (2.45s)
AC_OFF	keyin_recipe	verified-headless-safe	KEYIN:AC=OFF				N	N	wave6 seed	2026-07-31	2026-07-31	live batch probe 2026-07-31 (0.016s)
FENCE_DISPLAY_ON	keyin_recipe	verified-headless-safe	KEYIN:FENCE DISPLAY ON				N	N	wave6 seed	2026-07-31	2026-07-31	live batch probe 2026-07-31 (0.039s)
FENCE_DISPLAY_OFF	keyin_recipe	verified-headless-safe	KEYIN:FENCE DISPLAY OFF				N	N	wave6 seed	2026-07-31	2026-07-31	live batch probe 2026-07-31 (0.015s)
SET_FENCE_ON	keyin_recipe	verified-headless-safe	KEYIN:SET FENCE ON				N	N	wave6 seed	2026-07-31	2026-07-31	live batch probe 2026-07-31 (0.017s)
SET_FENCE_OFF	keyin_recipe	verified-headless-safe	KEYIN:SET FENCE OFF				N	N	wave6 seed	2026-07-31	2026-07-31	live batch probe 2026-07-31 (0.014s)
FENCE_MODE_INSIDE	keyin_recipe	verified-headless-safe	KEYIN:FENCE MODE INSIDE				N	N	wave6 seed	2026-07-31	2026-07-31	live batch probe 2026-07-31 (0.014s)
FENCE_MODE_OVERLAP	keyin_recipe	verified-headless-safe	KEYIN:FENCE MODE OVERLAP				N	N	wave6 seed	2026-07-31	2026-07-31	live batch probe 2026-07-31 (0.013s)
FENCE_MODE_CLIP	keyin_recipe	verified-headless-safe	KEYIN:FENCE MODE CLIP				N	N	wave6 seed	2026-07-31	2026-07-31	live batch probe 2026-07-31 (0.014s)
FENCE_MODE_VOID	keyin_recipe	verified-headless-safe	KEYIN:FENCE MODE VOID				N	N	wave6 seed	2026-07-31	2026-07-31	live batch probe 2026-07-31 (0.014s)
LOCK_FENCE_ON	keyin_recipe	verified-headless-safe	KEYIN:LOCK FENCE ON				N	N	wave6 seed	2026-07-31	2026-07-31	live batch probe 2026-07-31 (0.014s)
ACTIVE_PATTERN_SCALE_1	keyin_recipe	verified-headless-safe	KEYIN:ACTIVE PATTERN SCALE 1				N	N	wave6 seed	2026-07-31	2026-07-31	live batch probe 2026-07-31 (0.038s)
ACTIVE_PATTERN_ANGLE_0	keyin_recipe	verified-headless-safe	KEYIN:ACTIVE PATTERN ANGLE 0				N	N	wave6 seed	2026-07-31	2026-07-31	live batch probe 2026-07-31 (0.014s)
ACTIVE_PATTERN_ANGLE_45	keyin_recipe	verified-headless-safe	KEYIN:ACTIVE PATTERN ANGLE 45				N	N	wave6 seed	2026-07-31	2026-07-31	live batch probe 2026-07-31 (0.015s)
ACTIVE_HATCH_SPACING_1	keyin_recipe	verified-headless-safe	KEYIN:ACTIVE HATCH SPACING 1				N	N	wave6 seed	2026-07-31	2026-07-31	live batch probe 2026-07-31 (0.013s)
ACTIVE_HATCH_ANGLE_0	keyin_recipe	verified-headless-safe	KEYIN:ACTIVE HATCH ANGLE 0				N	N	wave6 seed	2026-07-31	2026-07-31	live batch probe 2026-07-31 (0.012s)
ACTIVE_HATCH_ANGLE_45	keyin_recipe	verified-headless-safe	KEYIN:ACTIVE HATCH ANGLE 45				N	N	wave6 seed	2026-07-31	2026-07-31	live batch probe 2026-07-31 (0.014s)
AP_SCALE_1	keyin_recipe	verified-headless-safe	KEYIN:AP=1				N	N	wave6 seed	2026-07-31	2026-07-31	legacy pattern scale live batch probe 2026-07-31 (0.016s)
AH_ANGLE_0	keyin_recipe	verified-headless-safe	KEYIN:AH=0				N	N	wave6 seed	2026-07-31	2026-07-31	legacy hatch angle live batch probe 2026-07-31 (0.013s)
ACTIVE_FILLTYPE_NONE	keyin_recipe	verified-headless-safe	KEYIN:ACTIVE FILLTYPE NONE				N	N	wave6 seed	2026-07-31	2026-07-31	live batch probe 2026-07-31 (0.014s)
ACTIVE_FILLTYPE_OPAQUE	keyin_recipe	verified-headless-safe	KEYIN:ACTIVE FILLTYPE OPAQUE				N	N	wave6 seed	2026-07-31	2026-07-31	live batch probe 2026-07-31 (0.015s)
ACTIVE_FILLTYPE_OUTLINED	keyin_recipe	verified-headless-safe	KEYIN:ACTIVE FILLTYPE OUTLINED				N	N	wave6 seed	2026-07-31	2026-07-31	live batch probe 2026-07-31 (0.015s)
ACTIVE_LINESTYLE_0	keyin_recipe	verified-headless-safe	KEYIN:ACTIVE LINESTYLE 0				N	N	wave6 seed	2026-07-31	2026-07-31	live batch probe 2026-07-31 (0.014s)
ACTIVE_LINESTYLE_1	keyin_recipe	verified-headless-safe	KEYIN:ACTIVE LINESTYLE 1				N	N	wave6 seed	2026-07-31	2026-07-31	live batch probe 2026-07-31 (0.015s)
ACTIVE_LINESTYLE_2	keyin_recipe	verified-headless-safe	KEYIN:ACTIVE LINESTYLE 2				N	N	wave6 seed	2026-07-31	2026-07-31	live batch probe 2026-07-31 (0.61s)
ACTIVE_LINESTYLE_3	keyin_recipe	verified-headless-safe	KEYIN:ACTIVE LINESTYLE 3				N	N	wave6 seed	2026-07-31	2026-07-31	live batch probe 2026-07-31 (0.159s)
ACTIVE_LINESTYLE_4	keyin_recipe	verified-headless-safe	KEYIN:ACTIVE LINESTYLE 4				N	N	wave6 seed	2026-07-31	2026-07-31	live batch probe 2026-07-31 (0.169s)
ACTIVE_LINESTYLE_5	keyin_recipe	verified-headless-safe	KEYIN:ACTIVE LINESTYLE 5				N	N	wave6 seed	2026-07-31	2026-07-31	live batch probe 2026-07-31 (0.161s)
ACTIVE_LINESTYLE_6	keyin_recipe	verified-headless-safe	KEYIN:ACTIVE LINESTYLE 6				N	N	wave6 seed	2026-07-31	2026-07-31	live batch probe 2026-07-31 (0.145s)
ACTIVE_LINESTYLE_7	keyin_recipe	verified-headless-safe	KEYIN:ACTIVE LINESTYLE 7				N	N	wave6 seed	2026-07-31	2026-07-31	live batch probe 2026-07-31 (0.118s)
LS_0	keyin_recipe	verified-headless-safe	KEYIN:LS=0				N	N	wave6 seed	2026-07-31	2026-07-31	live batch probe 2026-07-31 (0.016s)
LS_1	keyin_recipe	verified-headless-safe	KEYIN:LS=1				N	N	wave6 seed	2026-07-31	2026-07-31	live batch probe 2026-07-31 (0.016s)
LS_2	keyin_recipe	verified-headless-safe	KEYIN:LS=2				N	N	wave6 seed	2026-07-31	2026-07-31	live batch probe 2026-07-31 (0.015s)
LC_0	keyin_recipe	verified-headless-safe	KEYIN:LC=0				N	N	wave6 seed	2026-07-31	2026-07-31	live batch probe 2026-07-31 (0.018s)
LC_1	keyin_recipe	verified-headless-safe	KEYIN:LC=1				N	N	wave6 seed	2026-07-31	2026-07-31	live batch probe 2026-07-31 (0.015s)
ACTIVE_WEIGHT_0	keyin_recipe	verified-headless-safe	KEYIN:ACTIVE WEIGHT 0				N	N	wave6 seed	2026-07-31	2026-07-31	live batch probe 2026-07-31 (0.014s)
ACTIVE_WEIGHT_1	keyin_recipe	verified-headless-safe	KEYIN:ACTIVE WEIGHT 1				N	N	wave6 seed	2026-07-31	2026-07-31	live batch probe 2026-07-31 (0.014s)
ACTIVE_WEIGHT_2	keyin_recipe	verified-headless-safe	KEYIN:ACTIVE WEIGHT 2				N	N	wave6 seed	2026-07-31	2026-07-31	live batch probe 2026-07-31 (0.029s)
ACTIVE_WEIGHT_3	keyin_recipe	verified-headless-safe	KEYIN:ACTIVE WEIGHT 3				N	N	wave6 seed	2026-07-31	2026-07-31	live batch probe 2026-07-31 (0.016s)
WT_0	keyin_recipe	verified-headless-safe	KEYIN:WT=0				N	N	wave6 seed	2026-07-31	2026-07-31	live batch probe 2026-07-31 (0.016s)
WT_1	keyin_recipe	verified-headless-safe	KEYIN:WT=1				N	N	wave6 seed	2026-07-31	2026-07-31	live batch probe 2026-07-31 (0.015s)
WT_2	keyin_recipe	verified-headless-safe	KEYIN:WT=2				N	N	wave6 seed	2026-07-31	2026-07-31	live batch probe 2026-07-31 (0.016s)
ACTIVE_COLOR_0	keyin_recipe	verified-headless-safe	KEYIN:ACTIVE COLOR 0				N	N	wave6 seed	2026-07-31	2026-07-31	live batch probe 2026-07-31 (0.015s)
ACTIVE_COLOR_1	keyin_recipe	verified-headless-safe	KEYIN:ACTIVE COLOR 1				N	N	wave6 seed	2026-07-31	2026-07-31	live batch probe 2026-07-31 (0.014s)
ACTIVE_COLOR_2	keyin_recipe	verified-headless-safe	KEYIN:ACTIVE COLOR 2				N	N	wave6 seed	2026-07-31	2026-07-31	live batch probe 2026-07-31 (0.018s)
ACTIVE_COLOR_3	keyin_recipe	verified-headless-safe	KEYIN:ACTIVE COLOR 3				N	N	wave6 seed	2026-07-31	2026-07-31	live batch probe 2026-07-31 (0.014s)
ACTIVE_COLOR_4	keyin_recipe	verified-headless-safe	KEYIN:ACTIVE COLOR 4				N	N	wave6 seed	2026-07-31	2026-07-31	live batch probe 2026-07-31 (0.017s)
ACTIVE_COLOR_5	keyin_recipe	verified-headless-safe	KEYIN:ACTIVE COLOR 5				N	N	wave6 seed	2026-07-31	2026-07-31	live batch probe 2026-07-31 (0.017s)
ACTIVE_COLOR_6	keyin_recipe	verified-headless-safe	KEYIN:ACTIVE COLOR 6				N	N	wave6 seed	2026-07-31	2026-07-31	live batch probe 2026-07-31 (0.015s)
CO_0	keyin_recipe	verified-headless-safe	KEYIN:CO=0				N	N	wave6 seed	2026-07-31	2026-07-31	live batch probe 2026-07-31 (0.014s)
CO_1	keyin_recipe	verified-headless-safe	KEYIN:CO=1				N	N	wave6 seed	2026-07-31	2026-07-31	live batch probe 2026-07-31 (0.015s)
CO_2	keyin_recipe	verified-headless-safe	KEYIN:CO=2				N	N	wave6 seed	2026-07-31	2026-07-31	live batch probe 2026-07-31 (0.015s)
LEVEL_SYMBOLOGY_ON	keyin_recipe	verified-headless-safe	KEYIN:LEVEL SYMBOLOGY ON				N	N	wave6 seed	2026-07-31	2026-07-31	live batch probe 2026-07-31 (0.014s)
LEVEL_SYMBOLOGY_OFF	keyin_recipe	verified-headless-safe	KEYIN:LEVEL SYMBOLOGY OFF				N	N	wave6 seed	2026-07-31	2026-07-31	live batch probe 2026-07-31 (0.013s)
SET_LEVEL_SYMBOLOGY_ON	keyin_recipe	unsafe-blocked	KEYIN:SET LEVEL SYMBOLOGY ON				N	N	wave6 seed	2026-07-31		live batch probe 2026-07-31 (0.064s) | false-OK audit 2026-08-02: ARMED — left CommandName='Level Display On' prompt='Select view' (baseline='Element Selection'). Old keyin_batch probe SendReset masked this; refusing headless execution.
SET_LEVEL_SYMBOLOGY_OFF	keyin_recipe	unsafe-blocked	KEYIN:SET LEVEL SYMBOLOGY OFF				N	N	wave6 seed	2026-07-31		live batch probe 2026-07-31 (0.078s) | false-OK audit 2026-08-02: ARMED — left CommandName='Level Display Off' prompt='Select view' (baseline='Element Selection'). Old keyin_batch probe SendReset masked this; refusing headless execution.
OVERRIDE_LEVEL_SYMBOLOGY_ON	keyin_recipe	verified-headless-safe	KEYIN:OVERRIDE LEVEL SYMBOLOGY ON				N	N	wave6 seed	2026-07-31	2026-07-31	live batch probe 2026-07-31 (0.015s)
OVERRIDE_LEVEL_SYMBOLOGY_OFF	keyin_recipe	verified-headless-safe	KEYIN:OVERRIDE LEVEL SYMBOLOGY OFF				N	N	wave6 seed	2026-07-31	2026-07-31	live batch probe 2026-07-31 (0.014s)
DISPLAY_PRIORITY_ON	keyin_recipe	verified-headless-safe	KEYIN:DISPLAY PRIORITY ON				N	N	wave6 seed	2026-07-31	2026-07-31	live batch probe 2026-07-31 (0.014s)
DISPLAY_PRIORITY_OFF	keyin_recipe	verified-headless-safe	KEYIN:DISPLAY PRIORITY OFF				N	N	wave6 seed	2026-07-31	2026-07-31	live batch probe 2026-07-31 (0.016s)
SET_DISPLAY_PRIORITY_ON	keyin_recipe	verified-headless-safe	KEYIN:SET DISPLAY PRIORITY ON				N	N	wave6 seed	2026-07-31	2026-07-31	live batch probe 2026-07-31 (0.016s)
SET_DISPLAY_PRIORITY_OFF	keyin_recipe	verified-headless-safe	KEYIN:SET DISPLAY PRIORITY OFF				N	N	wave6 seed	2026-07-31	2026-07-31	live batch probe 2026-07-31 (0.022s)
TRANSPARENCY_ON	keyin_recipe	verified-headless-safe	KEYIN:TRANSPARENCY ON				N	N	wave6 seed	2026-07-31	2026-07-31	live batch probe 2026-07-31 (0.015s)
TRANSPARENCY_OFF	keyin_recipe	verified-headless-safe	KEYIN:TRANSPARENCY OFF				N	N	wave6 seed	2026-07-31	2026-07-31	live batch probe 2026-07-31 (0.016s)
THEMATIC_DISPLAY_ON	keyin_recipe	verified-headless-safe	KEYIN:THEMATIC DISPLAY ON				N	N	wave6 seed	2026-07-31	2026-07-31	live batch probe 2026-07-31 (0.013s)
THEMATIC_DISPLAY_OFF	keyin_recipe	verified-headless-safe	KEYIN:THEMATIC DISPLAY OFF				N	N	wave6 seed	2026-07-31	2026-07-31	live batch probe 2026-07-31 (0.015s)
DISPLAY_STYLE_FROM_VIEW	keyin_recipe	verified-headless-safe	KEYIN:DISPLAY STYLE FROM VIEW				N	N	wave6 seed	2026-07-31	2026-07-31	live batch probe 2026-07-31 (0.015s)
CAMERA_LENSANGLE_30	keyin_recipe	verified-headless-safe	KEYIN:CAMERA LENSANGLE 30				N	N	wave6 seed	2026-07-31	2026-07-31	live batch probe 2026-07-31 (0.014s)
CAMERA_LENSANGLE_50	keyin_recipe	verified-headless-safe	KEYIN:CAMERA LENSANGLE 50				N	N	wave6 seed	2026-07-31	2026-07-31	live batch probe 2026-07-31 (0.028s)
CAMERA_LENSANGLE_90	keyin_recipe	verified-headless-safe	KEYIN:CAMERA LENSANGLE 90				N	N	wave6 seed	2026-07-31	2026-07-31	live batch probe 2026-07-31 (0.015s)
RASTER_DISPLAY_ON	keyin_recipe	verified-headless-safe	KEYIN:RASTER DISPLAY ON				N	N	wave6 seed	2026-07-31	2026-07-31	live batch probe 2026-07-31 (0.062s)
RASTER_DISPLAY_OFF	keyin_recipe	verified-headless-safe	KEYIN:RASTER DISPLAY OFF				N	N	wave6 seed	2026-07-31	2026-07-31	live batch probe 2026-07-31 (0.024s)
RASTERREF_DISPLAY_ON	keyin_recipe	verified-headless-safe	KEYIN:RASTERREF DISPLAY ON				N	N	wave6 seed	2026-07-31	2026-07-31	live batch probe 2026-07-31 (0.015s)
RASTERREF_DISPLAY_OFF	keyin_recipe	verified-headless-safe	KEYIN:RASTERREF DISPLAY OFF				N	N	wave6 seed	2026-07-31	2026-07-31	live batch probe 2026-07-31 (0.015s)
POINTCLOUD_DISPLAY_ON	keyin_recipe	verified-headless-safe	KEYIN:POINTCLOUD DISPLAY ON				N	N	wave6 seed	2026-07-31	2026-07-31	live batch probe 2026-07-31 (0.015s)
POINTCLOUD_DISPLAY_OFF	keyin_recipe	verified-headless-safe	KEYIN:POINTCLOUD DISPLAY OFF				N	N	wave6 seed	2026-07-31	2026-07-31	live batch probe 2026-07-31 (0.015s)
REALITYMESH_DISPLAY_ON	keyin_recipe	verified-headless-safe	KEYIN:REALITY MESH DISPLAY ON				N	N	wave6 seed	2026-07-31	2026-07-31	live batch probe 2026-07-31 (0.015s)
REALITYMESH_DISPLAY_OFF	keyin_recipe	verified-headless-safe	KEYIN:REALITY MESH DISPLAY OFF				N	N	wave6 seed	2026-07-31	2026-07-31	live batch probe 2026-07-31 (0.015s)
SET_POINTCLOUD_ON	keyin_recipe	verified-headless-safe	KEYIN:SET POINTCLOUD ON				N	N	wave6 seed	2026-07-31	2026-07-31	live batch probe 2026-07-31 (0.015s)
SET_POINTCLOUD_OFF	keyin_recipe	verified-headless-safe	KEYIN:SET POINTCLOUD OFF				N	N	wave6 seed	2026-07-31	2026-07-31	live batch probe 2026-07-31 (0.014s)
SET_REALITYMESH_ON	keyin_recipe	verified-headless-safe	KEYIN:SET REALITYMESH ON				N	N	wave6 seed	2026-07-31	2026-07-31	live batch probe 2026-07-31 (0.015s)
SET_REALITYMESH_OFF	keyin_recipe	verified-headless-safe	KEYIN:SET REALITYMESH OFF				N	N	wave6 seed	2026-07-31	2026-07-31	live batch probe 2026-07-31 (0.015s)
MODEL_LIST	keyin_recipe	verified-headless-safe	KEYIN:MODEL LIST				N	N	wave6 seed	2026-07-31	2026-07-31	live batch probe 2026-07-31 (0.014s)
ACTIVE_MODEL_DEFAULT	keyin_recipe	verified-headless-safe	KEYIN:ACTIVE MODEL DEFAULT				N	N	wave6 seed	2026-07-31	2026-07-31	live batch probe 2026-07-31 (0.014s)
VIEWGROUP_LIST	keyin_recipe	verified-headless-safe	KEYIN:VIEWGROUP LIST				N	N	wave6 seed	2026-07-31	2026-07-31	live batch probe 2026-07-31 (0.014s)
VIEWGROUP_NEXT	keyin_recipe	verified-headless-safe	KEYIN:VIEWGROUP NEXT				N	N	wave6 seed	2026-07-31	2026-07-31	live batch probe 2026-07-31 (0.014s)
VIEWGROUP_PREVIOUS	keyin_recipe	verified-headless-safe	KEYIN:VIEWGROUP PREVIOUS				N	N	wave6 seed	2026-07-31	2026-07-31	live batch probe 2026-07-31 (0.015s)
UNIT_MASTER_FEET	keyin_recipe	verified-headless-safe	KEYIN:ACTIVE UNIT MASTER FEET				N	N	wave6 seed	2026-07-31	2026-07-31	live batch probe 2026-07-31 (0.015s)
UNIT_MASTER_METERS	keyin_recipe	verified-headless-safe	KEYIN:ACTIVE UNIT MASTER METERS				N	N	wave6 seed	2026-07-31	2026-07-31	live batch probe 2026-07-31 (0.014s)
UNIT_SUB_INCHES	keyin_recipe	verified-headless-safe	KEYIN:ACTIVE UNIT SUB INCHES				N	N	wave6 seed	2026-07-31	2026-07-31	live batch probe 2026-07-31 (0.014s)
UNIT_SUB_MM	keyin_recipe	verified-headless-safe	KEYIN:ACTIVE UNIT SUB MILLIMETERS				N	N	wave6 seed	2026-07-31	2026-07-31	live batch probe 2026-07-31 (0.014s)
COORDSYS_DISPLAY_ON	keyin_recipe	verified-headless-safe	KEYIN:COORDSYS DISPLAY ON				N	N	wave6 seed	2026-07-31	2026-07-31	live batch probe 2026-07-31 (0.014s)
COORDSYS_DISPLAY_OFF	keyin_recipe	verified-headless-safe	KEYIN:COORDSYS DISPLAY OFF				N	N	wave6 seed	2026-07-31	2026-07-31	live batch probe 2026-07-31 (0.013s)
SET_COORDSYS_ON	keyin_recipe	verified-headless-safe	KEYIN:SET COORDSYS ON				N	N	wave6 seed	2026-07-31	2026-07-31	live batch probe 2026-07-31 (0.013s)
SET_COORDSYS_OFF	keyin_recipe	verified-headless-safe	KEYIN:SET COORDSYS OFF				N	N	wave6 seed	2026-07-31	2026-07-31	live batch probe 2026-07-31 (0.014s)
SECTION_CLIP_DISPLAY_ON	keyin_recipe	verified-headless-safe	KEYIN:SECTION CLIP DISPLAY ON				N	N	wave6 seed	2026-07-31	2026-07-31	live batch probe 2026-07-31 (0.014s)
SECTION_CLIP_DISPLAY_OFF	keyin_recipe	verified-headless-safe	KEYIN:SECTION CLIP DISPLAY OFF				N	N	wave6 seed	2026-07-31	2026-07-31	live batch probe 2026-07-31 (0.013s)
DRAWING_BOUNDARY_DISPLAY_ON	keyin_recipe	verified-headless-safe	KEYIN:DRAWING BOUNDARY DISPLAY ON				N	N	wave6 seed	2026-07-31	2026-07-31	live batch probe 2026-07-31 (0.02s)
DRAWING_BOUNDARY_DISPLAY_OFF	keyin_recipe	verified-headless-safe	KEYIN:DRAWING BOUNDARY DISPLAY OFF				N	N	wave6 seed	2026-07-31	2026-07-31	live batch probe 2026-07-31 (0.014s)
HYPERLINK_DISPLAY_ON	keyin_recipe	verified-headless-safe	KEYIN:HYPERLINK DISPLAY ON				N	N	wave6 seed	2026-07-31	2026-07-31	live batch probe 2026-07-31 (0.014s)
HYPERLINK_DISPLAY_OFF	keyin_recipe	verified-headless-safe	KEYIN:HYPERLINK DISPLAY OFF				N	N	wave6 seed	2026-07-31	2026-07-31	live batch probe 2026-07-31 (0.014s)
ELEMENT_TEMPLATES_ON	keyin_recipe	verified-headless-safe	KEYIN:ELEMENT TEMPLATES ON				N	N	wave6 seed	2026-07-31	2026-07-31	live batch probe 2026-07-31 (0.015s)
ELEMENT_TEMPLATES_OFF	keyin_recipe	verified-headless-safe	KEYIN:ELEMENT TEMPLATES OFF				N	N	wave6 seed	2026-07-31	2026-07-31	live batch probe 2026-07-31 (0.014s)
FEATURES_ON	keyin_recipe	verified-headless-safe	KEYIN:FEATURES ON				N	N	wave6 seed	2026-07-31	2026-07-31	live batch probe 2026-07-31 (0.013s)
FEATURES_OFF	keyin_recipe	verified-headless-safe	KEYIN:FEATURES OFF				N	N	wave6 seed	2026-07-31	2026-07-31	live batch probe 2026-07-31 (0.013s)
SOLIDS_DISPLAY_ON	keyin_recipe	verified-headless-safe	KEYIN:SOLIDS DISPLAY ON				N	N	wave6 seed	2026-07-31	2026-07-31	live batch probe 2026-07-31 (0.027s)
SOLIDS_DISPLAY_OFF	keyin_recipe	verified-headless-safe	KEYIN:SOLIDS DISPLAY OFF				N	N	wave6 seed	2026-07-31	2026-07-31	live batch probe 2026-07-31 (0.014s)
SURFACES_DISPLAY_ON	keyin_recipe	verified-headless-safe	KEYIN:SURFACES DISPLAY ON				N	N	wave6 seed	2026-07-31	2026-07-31	live batch probe 2026-07-31 (0.014s)
SURFACES_DISPLAY_OFF	keyin_recipe	verified-headless-safe	KEYIN:SURFACES DISPLAY OFF				N	N	wave6 seed	2026-07-31	2026-07-31	live batch probe 2026-07-31 (0.014s)
MESHES_DISPLAY_ON	keyin_recipe	verified-headless-safe	KEYIN:MESHES DISPLAY ON				N	N	wave6 seed	2026-07-31	2026-07-31	live batch probe 2026-07-31 (0.014s)
MESHES_DISPLAY_OFF	keyin_recipe	verified-headless-safe	KEYIN:MESHES DISPLAY OFF				N	N	wave6 seed	2026-07-31	2026-07-31	live batch probe 2026-07-31 (0.014s)
COMPLEX_DISPLAY_ON	keyin_recipe	verified-headless-safe	KEYIN:COMPLEX DISPLAY ON				N	N	wave6 seed	2026-07-31	2026-07-31	live batch probe 2026-07-31 (0.013s)
COMPLEX_DISPLAY_OFF	keyin_recipe	verified-headless-safe	KEYIN:COMPLEX DISPLAY OFF				N	N	wave6 seed	2026-07-31	2026-07-31	live batch probe 2026-07-31 (0.013s)
DIALOG_FENCE	keyin_recipe	unsafe-blocked	KEYIN:DIALOG FENCE				N	N	wave6 seed	2026-07-31		negative batch probe 2026-07-31: kind=dialog, not promotable
DIALOG_PATTERN	keyin_recipe	unsafe-blocked	KEYIN:DIALOG PATTERN				N	N	wave6 seed	2026-07-31		negative batch probe 2026-07-31: kind=dialog, not promotable
DIALOG_HATCH	keyin_recipe	unsafe-blocked	KEYIN:DIALOG HATCH				N	N	wave6 seed	2026-07-31		negative batch probe 2026-07-31: kind=dialog, not promotable
DIALOG_LINESTYLE	keyin_recipe	unsafe-blocked	KEYIN:DIALOG LINESTYLE				N	N	wave6 seed	2026-07-31		negative batch probe 2026-07-31: kind=dialog, not promotable
DIALOG_UNITS	keyin_recipe	unsafe-blocked	KEYIN:DIALOG UNITS				N	N	wave6 seed	2026-07-31		negative batch probe 2026-07-31: kind=dialog, not promotable
DIALOG_RASTER	keyin_recipe	unsafe-blocked	KEYIN:DIALOG RASTER				N	N	wave6 seed	2026-07-31		negative batch probe 2026-07-31: kind=dialog, not promotable
DIALOG_POINTCLOUD	keyin_recipe	unsafe-blocked	KEYIN:DIALOG POINTCLOUD				N	N	wave6 seed	2026-07-31		negative batch probe 2026-07-31: kind=dialog, not promotable
PLACE_HATCH	keyin_recipe	unsafe-blocked	COMMAND:PLACE HATCH				N	N	wave6 seed	2026-07-31		negative batch probe 2026-07-31: kind=tool, not promotable
PLACE_PATTERN	keyin_recipe	unsafe-blocked	COMMAND:PLACE PATTERN				N	N	wave6 seed	2026-07-31		negative batch probe 2026-07-31: kind=tool, not promotable
XY_DATAPOINT	keyin_recipe	unsafe-blocked	KEYIN:XY=0,0				N	N	wave6 seed	2026-07-31		negative batch probe 2026-07-31: kind=datapoint, not promotable
DI_DATAPOINT	keyin_recipe	unsafe-blocked	KEYIN:DI=10				N	N	wave6 seed	2026-07-31		negative batch probe 2026-07-31: kind=datapoint, not promotable
MODEL_CREATE	keyin_recipe	unsafe-blocked	KEYIN:MODEL CREATE				N	N	wave6 seed	2026-07-31		negative batch probe 2026-07-31: kind=file, not promotable
ATTACH_RASTER_FILE	keyin_recipe	unsafe-blocked	KEYIN:ATTACH RASTER				N	N	wave6 seed	2026-07-31		negative batch probe 2026-07-31: kind=file, not promotable
ACS_SAVE	keyin_recipe	verified-headless-safe	KEYIN:ACS {acsName}		acsName		N	N	wave6 acs/fence/units	2026-07-31	2026-07-31	save named ACS to file live batch probe 2026-07-31 (0.016s)
ACS_RESTORE	keyin_recipe	verified-headless-safe	KEYIN:ACS {acsName}		acsName		N	N	wave6 acs/fence/units	2026-07-31	2026-07-31	restore named ACS from file live batch probe 2026-07-31 (0.015s)
ACS_NEXT	keyin_recipe	verified-headless-safe	KEYIN:ACS NEXT				N	N	wave6 acs/fence/units	2026-07-31	2026-07-31	cycle to next ACS in list live batch probe 2026-07-31 (0.015s)
ACS_PREVIOUS	keyin_recipe	verified-headless-safe	KEYIN:ACS PREVIOUS				N	N	wave6 acs/fence/units	2026-07-31	2026-07-31	cycle to previous ACS in list live batch probe 2026-07-31 (0.014s)
ACS_GO	keyin_recipe	verified-headless-safe	KEYIN:ACS {acsName}		acsName		N	N	wave6 acs/fence/units	2026-07-31	2026-07-31	activate ACS by name live batch probe 2026-07-31 (0.016s)
ACS_SET_NAME	keyin_recipe	verified-headless-safe	KEYIN:ACS {acsName}		acsName		N	N	wave6 acs/fence/units	2026-07-31	2026-07-31	set active ACS by name live batch probe 2026-07-31 (0.016s)
ACS_LIST	keyin_recipe	verified-headless-safe	KEYIN:ACS LIST				N	N	wave6 acs/fence/units	2026-07-31	2026-07-31	list defined ACS names live batch probe 2026-07-31 (0.015s)
ACS_COPY	keyin_recipe	verified-headless-safe	KEYIN:ACS {fromName,toName}		fromName,toName		N	N	wave6 acs/fence/units	2026-07-31	2026-07-31	copy ACS definition live batch probe 2026-07-31 (0.016s)
ACS_RENAME	keyin_recipe	verified-headless-safe	KEYIN:ACS {oldName,newName}		oldName,newName		N	N	wave6 acs/fence/units	2026-07-31	2026-07-31	rename ACS definition live batch probe 2026-07-31 (0.014s)
ACS_READ	keyin_recipe	verified-headless-safe	KEYIN:ACS {filePath}		filePath		N	N	wave6 acs/fence/units	2026-07-31	2026-07-31	read ACS from external file live batch probe 2026-07-31 (0.013s)
ACS_WRITE	keyin_recipe	verified-headless-safe	KEYIN:ACS {filePath}		filePath		N	N	wave6 acs/fence/units	2026-07-31	2026-07-31	write ACS to external file live batch probe 2026-07-31 (0.014s)
ACS_SET_ORIGIN	keyin_recipe	verified-headless-safe	KEYIN:ACS SET ORIGIN				N	N	wave6 acs/fence/units	2026-07-31	2026-07-31	align ACS origin to tentative point live batch probe 2026-07-31 (0.014s)
ACS_SET_XAXIS	keyin_recipe	verified-headless-safe	KEYIN:ACS SET XAXIS				N	N	wave6 acs/fence/units	2026-07-31	2026-07-31	align ACS X axis to tentative live batch probe 2026-07-31 (0.015s)
ACS_SET_YAXIS	keyin_recipe	verified-headless-safe	KEYIN:ACS SET YAXIS				N	N	wave6 acs/fence/units	2026-07-31	2026-07-31	align ACS Y axis to tentative live batch probe 2026-07-31 (0.015s)
ACS_SET_ZAXIS	keyin_recipe	verified-headless-safe	KEYIN:ACS SET ZAXIS				N	N	wave6 acs/fence/units	2026-07-31	2026-07-31	align ACS Z axis to tentative live batch probe 2026-07-31 (0.014s)
ACS_EQ_WORLD	keyin_recipe	verified-headless-safe	KEYIN:ACS=WORLD				N	N	wave6 acs/fence/units	2026-07-31	2026-07-31	shorthand for ACS SET WORLD live batch probe 2026-07-31 (0.014s)
ACS_EQ_VIEW	keyin_recipe	verified-headless-safe	KEYIN:ACS=VIEW				N	N	wave6 acs/fence/units	2026-07-31	2026-07-31	shorthand for ACS SET VIEW live batch probe 2026-07-31 (0.014s)
ACS_EQ_TOP	keyin_recipe	verified-headless-safe	KEYIN:ACS=TOP				N	N	wave6 acs/fence/units	2026-07-31	2026-07-31	shorthand for ACS SET TOP live batch probe 2026-07-31 (0.014s)
ACS_EQ_FRONT	keyin_recipe	verified-headless-safe	KEYIN:ACS=FRONT				N	N	wave6 acs/fence/units	2026-07-31	2026-07-31	shorthand for ACS SET FRONT live batch probe 2026-07-31 (0.014s)
ACS_EQ_SIDE	keyin_recipe	verified-headless-safe	KEYIN:ACS=SIDE				N	N	wave6 acs/fence/units	2026-07-31	2026-07-31	shorthand for ACS SET SIDE live batch probe 2026-07-31 (0.014s)
ACS_EQ_NAME	keyin_recipe	verified-headless-safe	KEYIN:ACS={acsName}		acsName		N	N	wave6 acs/fence/units	2026-07-31	2026-07-31	shorthand activate named ACS live batch probe 2026-07-31 (0.014s)
SET_ACS_DISPLAY_ON	keyin_recipe	verified-headless-safe	KEYIN:SET ACS DISPLAY ON				N	N	wave6 acs/fence/units	2026-07-31	2026-07-31	persist ACS display on live batch probe 2026-07-31 (0.014s)
SET_ACS_DISPLAY_OFF	keyin_recipe	verified-headless-safe	KEYIN:SET ACS DISPLAY OFF				N	N	wave6 acs/fence/units	2026-07-31	2026-07-31	persist ACS display off live batch probe 2026-07-31 (0.015s)
VIEW_ACS_ON	keyin_recipe	verified-headless-safe	KEYIN:VIEW ACS ON				N	N	wave6 acs/fence/units	2026-07-31	2026-07-31	show ACS in active view live batch probe 2026-07-31 (0.028s)
VIEW_ACS_OFF	keyin_recipe	verified-headless-safe	KEYIN:VIEW ACS OFF				N	N	wave6 acs/fence/units	2026-07-31	2026-07-31	hide ACS in active view live batch probe 2026-07-31 (0.015s)
SET_AUXILIARYINPUT_ON	keyin_recipe	verified-headless-safe	KEYIN:SET AUXILIARYINPUT ON				N	N	wave6 acs/fence/units	2026-07-31	2026-07-31	enable auxiliary coordinate input field live batch probe 2026-07-31 (0.014s)
AUXILIARY_ON	keyin_recipe	verified-headless-safe	KEYIN:AUXILIARY ON				N	N	wave6 acs/fence/units	2026-07-31	2026-07-31	long-form auxiliary coords on live batch probe 2026-07-31 (0.014s)
AUXILIARY_OFF	keyin_recipe	verified-headless-safe	KEYIN:AUXILIARY OFF				N	N	wave6 acs/fence/units	2026-07-31	2026-07-31	long-form auxiliary coords off live batch probe 2026-07-31 (0.016s)
ACS_RESET	keyin_recipe	verified-headless-safe	KEYIN:ACS RESET				N	N	wave6 acs/fence/units	2026-07-31	2026-07-31	reset active ACS to default orientation live batch probe 2026-07-31 (0.013s)
ACS_ORIENT_VIEW	keyin_recipe	verified-headless-safe	KEYIN:ACS ORIENT VIEW				N	N	wave6 acs/fence/units	2026-07-31	2026-07-31	orient view to active ACS live batch probe 2026-07-31 (0.014s)
LOCK_ACSPLANE_TOGGLE	keyin_recipe	verified-headless-safe	KEYIN:LOCK ACSPLANE TOGGLE				N	N	wave6 acs/fence/units	2026-07-31	2026-07-31	toggle ACS plane lock live batch probe 2026-07-31 (0.014s)
FENCE_ON	keyin_recipe	verified-headless-safe	KEYIN:FENCE ON				N	N	wave6 acs/fence/units	2026-07-31	2026-07-31	enable fence mode live batch probe 2026-07-31 (0.014s)
FENCE_OFF	keyin_recipe	verified-headless-safe	KEYIN:FENCE OFF				N	N	wave6 acs/fence/units	2026-07-31	2026-07-31	disable fence mode live batch probe 2026-07-31 (0.014s)
VIEW_FENCE_ON	keyin_recipe	verified-headless-safe	KEYIN:VIEW FENCE ON				N	N	wave6 acs/fence/units	2026-07-31	2026-07-31	show fence in active view live batch probe 2026-07-31 (0.014s)
VIEW_FENCE_OFF	keyin_recipe	verified-headless-safe	KEYIN:VIEW FENCE OFF				N	N	wave6 acs/fence/units	2026-07-31	2026-07-31	hide fence in active view live batch probe 2026-07-31 (0.015s)
SET_FENCE_DISPLAY_ON	keyin_recipe	verified-headless-safe	KEYIN:SET FENCE DISPLAY ON				N	N	wave6 acs/fence/units	2026-07-31	2026-07-31	persist fence display on live batch probe 2026-07-31 (0.015s)
SET_FENCE_DISPLAY_OFF	keyin_recipe	verified-headless-safe	KEYIN:SET FENCE DISPLAY OFF				N	N	wave6 acs/fence/units	2026-07-31	2026-07-31	persist fence display off live batch probe 2026-07-31 (0.014s)
FENCE_CLIP_ON	keyin_recipe	verified-headless-safe	KEYIN:FENCE CLIP ON				N	N	wave6 acs/fence/units	2026-07-31	2026-07-31	fence clip mode on live batch probe 2026-07-31 (0.015s)
FENCE_VOID_ON	keyin_recipe	verified-headless-safe	KEYIN:FENCE VOID ON				N	N	wave6 acs/fence/units	2026-07-31	2026-07-31	fence void mode on live batch probe 2026-07-31 (0.015s)
FENCE_OVERLAP_ON	keyin_recipe	verified-headless-safe	KEYIN:FENCE OVERLAP ON				N	N	wave6 acs/fence/units	2026-07-31	2026-07-31	fence overlap mode on live batch probe 2026-07-31 (0.015s)
FENCE_SAVE	keyin_recipe	verified-headless-safe	KEYIN:FENCE {fenceName}		fenceName		N	N	wave6 acs/fence/units	2026-07-31	2026-07-31	save current fence shape live batch probe 2026-07-31 (0.017s)
FENCE_RESTORE	keyin_recipe	verified-headless-safe	KEYIN:FENCE {fenceName}		fenceName		N	N	wave6 acs/fence/units	2026-07-31	2026-07-31	restore saved fence shape live batch probe 2026-07-31 (0.014s)
FENCE_HIGHLIGHT_ON	keyin_recipe	verified-headless-safe	KEYIN:FENCE HIGHLIGHT ON				N	N	wave6 acs/fence/units	2026-07-31	2026-07-31	highlight fence boundary live batch probe 2026-07-31 (0.014s)
FENCE_HIGHLIGHT_OFF	keyin_recipe	verified-headless-safe	KEYIN:FENCE HIGHLIGHT OFF				N	N	wave6 acs/fence/units	2026-07-31	2026-07-31	stop fence highlight live batch probe 2026-07-31 (0.014s)
LOCK_FENCE_TOGGLE	keyin_recipe	verified-headless-safe	KEYIN:LOCK FENCE TOGGLE				N	N	wave6 acs/fence/units	2026-07-31	2026-07-31	toggle fence lock live batch probe 2026-07-31 (0.014s)
FENCE_ORIENT_VIEW	keyin_recipe	verified-headless-safe	KEYIN:FENCE ORIENT VIEW				N	N	wave6 acs/fence/units	2026-07-31	2026-07-31	orient view to fence extents live batch probe 2026-07-31 (0.013s)
ACTIVE_UNITS_WORKING	keyin_recipe	verified-headless-safe	KEYIN:ACTIVE UNITS WORKING				N	N	wave6 acs/fence/units	2026-07-31	2026-07-31	keyin/display uses working units live batch probe 2026-07-31 (0.014s)
ACTIVE_UNITS_STORAGE	keyin_recipe	verified-headless-safe	KEYIN:ACTIVE UNITS STORAGE				N	N	wave6 acs/fence/units	2026-07-31	2026-07-31	keyin/display uses storage units live batch probe 2026-07-31 (0.015s)
ACTIVE_UNITS_DESIGN	keyin_recipe	verified-headless-safe	KEYIN:ACTIVE UNITS DESIGN				N	N	wave6 acs/fence/units	2026-07-31	2026-07-31	keyin/display uses design units live batch probe 2026-07-31 (0.014s)
UNITS_MASTER	keyin_recipe	verified-headless-safe	KEYIN:UNITS MASTER				N	N	wave6 acs/fence/units	2026-07-31	2026-07-31	set display to master units live batch probe 2026-07-31 (0.013s)
UNITS_SUB	keyin_recipe	verified-headless-safe	KEYIN:UNITS SUB				N	N	wave6 acs/fence/units	2026-07-31	2026-07-31	set display to sub units live batch probe 2026-07-31 (0.013s)
UNITS_WORKING	keyin_recipe	verified-headless-safe	KEYIN:UNITS WORKING				N	N	wave6 acs/fence/units	2026-07-31	2026-07-31	set display to working units live batch probe 2026-07-31 (0.013s)
UNITS_STORAGE	keyin_recipe	verified-headless-safe	KEYIN:UNITS STORAGE				N	N	wave6 acs/fence/units	2026-07-31	2026-07-31	set display to storage units live batch probe 2026-07-31 (0.014s)
SET_UNITS_MASTER	keyin_recipe	verified-headless-safe	KEYIN:SET UNITS MASTER				N	N	wave6 acs/fence/units	2026-07-31	2026-07-31	persist master unit mode live batch probe 2026-07-31 (0.015s)
SET_UNITS_SUB	keyin_recipe	verified-headless-safe	KEYIN:SET UNITS SUB				N	N	wave6 acs/fence/units	2026-07-31	2026-07-31	persist sub unit mode live batch probe 2026-07-31 (0.014s)
SET_UNITS_WORKING	keyin_recipe	verified-headless-safe	KEYIN:SET UNITS WORKING				N	N	wave6 acs/fence/units	2026-07-31	2026-07-31	persist working unit mode live batch probe 2026-07-31 (0.014s)
SET_UNITS_STORAGE	keyin_recipe	verified-headless-safe	KEYIN:SET UNITS STORAGE				N	N	wave6 acs/fence/units	2026-07-31	2026-07-31	persist storage unit mode live batch probe 2026-07-31 (0.015s)
WU_EQ	keyin_recipe	verified-headless-safe	KEYIN:WU={workingUnit}		workingUnit		N	N	wave6 acs/fence/units	2026-07-31	2026-07-31	two-letter working unit setting live batch probe 2026-07-31 (0.014s)
TU_EQ	keyin_recipe	verified-headless-safe	KEYIN:TU={storageUnit}		storageUnit		N	N	wave6 acs/fence/units	2026-07-31	2026-07-31	two-letter storage unit setting live batch probe 2026-07-31 (0.029s)
DIMENSION_UNITS_WORKING	keyin_recipe	verified-headless-safe	KEYIN:DIMENSION UNITS WORKING				N	N	wave6 acs/fence/units	2026-07-31	2026-07-31	dimension label working units live batch probe 2026-07-31 (0.015s)
DIMENSION_UNITS_STORAGE	keyin_recipe	verified-headless-safe	KEYIN:DIMENSION UNITS STORAGE				N	N	wave6 acs/fence/units	2026-07-31	2026-07-31	dimension label storage units live batch probe 2026-07-31 (0.014s)
DISPLAY_UNITS_MASTER	keyin_recipe	verified-headless-safe	KEYIN:DISPLAY UNITS MASTER				N	N	wave6 acs/fence/units	2026-07-31	2026-07-31	status bar master units live batch probe 2026-07-31 (0.016s)
DISPLAY_UNITS_SUB	keyin_recipe	verified-headless-safe	KEYIN:DISPLAY UNITS SUB				N	N	wave6 acs/fence/units	2026-07-31	2026-07-31	status bar sub units live batch probe 2026-07-31 (0.014s)
COORDINATE_READOUT_ON	keyin_recipe	verified-headless-safe	KEYIN:COORDINATE READOUT ON				N	N	wave6 acs/fence/units	2026-07-31	2026-07-31	enable coordinate readout live batch probe 2026-07-31 (0.014s)
COORDINATE_READOUT_OFF	keyin_recipe	verified-headless-safe	KEYIN:COORDINATE READOUT OFF				N	N	wave6 acs/fence/units	2026-07-31	2026-07-31	disable coordinate readout live batch probe 2026-07-31 (0.017s)
SET_COORDINATE_READOUT_ON	keyin_recipe	verified-headless-safe	KEYIN:SET COORDINATE READOUT ON				N	N	wave6 acs/fence/units	2026-07-31	2026-07-31	persist readout on live batch probe 2026-07-31 (0.017s)
SET_COORDINATE_READOUT_OFF	keyin_recipe	verified-headless-safe	KEYIN:SET COORDINATE READOUT OFF				N	N	wave6 acs/fence/units	2026-07-31	2026-07-31	persist readout off live batch probe 2026-07-31 (0.014s)
COORDINATE_READOUT_ACS	keyin_recipe	verified-headless-safe	KEYIN:COORDINATE READOUT ACS				N	N	wave6 acs/fence/units	2026-07-31	2026-07-31	readout in ACS coordinates live batch probe 2026-07-31 (0.014s)
COORDINATE_READOUT_DESIGN	keyin_recipe	verified-headless-safe	KEYIN:COORDINATE READOUT DESIGN				N	N	wave6 acs/fence/units	2026-07-31	2026-07-31	readout in design coordinates live batch probe 2026-07-31 (0.014s)
COORDINATE_READOUT_MASTER	keyin_recipe	verified-headless-safe	KEYIN:COORDINATE READOUT MASTER				N	N	wave6 acs/fence/units	2026-07-31	2026-07-31	readout in master units live batch probe 2026-07-31 (0.014s)
COORDINATE_READOUT_SUB	keyin_recipe	verified-headless-safe	KEYIN:COORDINATE READOUT SUB				N	N	wave6 acs/fence/units	2026-07-31	2026-07-31	readout in sub units live batch probe 2026-07-31 (0.014s)
COORDINATE_READOUT_WORKING	keyin_recipe	verified-headless-safe	KEYIN:COORDINATE READOUT WORKING				N	N	wave6 acs/fence/units	2026-07-31	2026-07-31	readout in working units live batch probe 2026-07-31 (0.014s)
COORDINATE_READOUT_STORAGE	keyin_recipe	verified-headless-safe	KEYIN:COORDINATE READOUT STORAGE				N	N	wave6 acs/fence/units	2026-07-31	2026-07-31	readout in storage units live batch probe 2026-07-31 (0.015s)
SET_COORDINATE_READOUT_ACS	keyin_recipe	verified-headless-safe	KEYIN:SET COORDINATE READOUT ACS				N	N	wave6 acs/fence/units	2026-07-31	2026-07-31	persist ACS readout mode live batch probe 2026-07-31 (0.014s)
SET_COORDINATE_READOUT_DESIGN	keyin_recipe	verified-headless-safe	KEYIN:SET COORDINATE READOUT DESIGN				N	N	wave6 acs/fence/units	2026-07-31	2026-07-31	persist design readout mode live batch probe 2026-07-31 (0.014s)
SET_COORDINATE_READOUT_MASTER	keyin_recipe	verified-headless-safe	KEYIN:SET COORDINATE READOUT MASTER				N	N	wave6 acs/fence/units	2026-07-31	2026-07-31	persist master readout mode live batch probe 2026-07-31 (0.014s)
SET_COORDINATE_READOUT_SUB	keyin_recipe	verified-headless-safe	KEYIN:SET COORDINATE READOUT SUB				N	N	wave6 acs/fence/units	2026-07-31	2026-07-31	persist sub readout mode live batch probe 2026-07-31 (0.013s)
COORDSYS_ON	keyin_recipe	verified-headless-safe	KEYIN:COORDSYS ON				N	N	wave6 acs/fence/units	2026-07-31	2026-07-31	show coordinate system indicator live batch probe 2026-07-31 (0.014s)
COORDSYS_OFF	keyin_recipe	verified-headless-safe	KEYIN:COORDSYS OFF				N	N	wave6 acs/fence/units	2026-07-31	2026-07-31	hide coordinate system indicator live batch probe 2026-07-31 (0.014s)
SET_KEYIN_ABSOLUTE	keyin_recipe	verified-headless-safe	KEYIN:SET KEYIN ABSOLUTE				N	N	wave6 acs/fence/units	2026-07-31	2026-07-31	precision keyin absolute mode live batch probe 2026-07-31 (0.015s)
SET_KEYIN_RELATIVE	keyin_recipe	verified-headless-safe	KEYIN:SET KEYIN RELATIVE				N	N	wave6 acs/fence/units	2026-07-31	2026-07-31	precision keyin relative mode live batch probe 2026-07-31 (0.015s)
SET_KEYIN_DELTA	keyin_recipe	verified-headless-safe	KEYIN:SET KEYIN DELTA				N	N	wave6 acs/fence/units	2026-07-31	2026-07-31	precision keyin delta mode live batch probe 2026-07-31 (0.015s)
ABSOLUTE_ON	keyin_recipe	verified-headless-safe	KEYIN:ABSOLUTE ON				N	N	wave6 acs/fence/units	2026-07-31	2026-07-31	absolute coordinate entry mode live batch probe 2026-07-31 (0.014s)
RELATIVE_ON	keyin_recipe	verified-headless-safe	KEYIN:RELATIVE ON				N	N	wave6 acs/fence/units	2026-07-31	2026-07-31	relative coordinate entry mode live batch probe 2026-07-31 (0.015s)
DELTA_ON	keyin_recipe	verified-headless-safe	KEYIN:DELTA ON				N	N	wave6 acs/fence/units	2026-07-31	2026-07-31	delta/stream coordinate entry mode live batch probe 2026-07-31 (0.014s)
ABSOLUTE_OFF	keyin_recipe	verified-headless-safe	KEYIN:ABSOLUTE OFF				N	N	wave6 acs/fence/units	2026-07-31	2026-07-31	exit absolute entry mode live batch probe 2026-07-31 (0.014s)
RELATIVE_OFF	keyin_recipe	verified-headless-safe	KEYIN:RELATIVE OFF				N	N	wave6 acs/fence/units	2026-07-31	2026-07-31	exit relative entry mode live batch probe 2026-07-31 (0.014s)
DELTA_OFF	keyin_recipe	verified-headless-safe	KEYIN:DELTA OFF				N	N	wave6 acs/fence/units	2026-07-31	2026-07-31	exit delta entry mode live batch probe 2026-07-31 (0.015s)
DL_EQ	keyin_recipe	verified-headless-safe	KEYIN:DL={distance}		distance		N	N	wave6 acs/fence/units	2026-07-31	2026-07-31	distance lock increment setting live batch probe 2026-07-31 (0.014s)
PO_EQ	keyin_recipe	verified-headless-safe	KEYIN:PO={x,y,z}		coords		N	N	wave6 acs/fence/units	2026-07-31	2026-07-31	relative keyin origin point setting live batch probe 2026-07-31 (0.014s)
MODIFY_FENCE	keyin_recipe	unsafe-blocked	COMMAND:MODIFY FENCE				N	N	wave6 acs/fence/units	2026-07-31		negative batch probe 2026-07-31: kind=tool, not promotable
DIALOG_COORDINATE_READOUT	keyin_recipe	unsafe-blocked	KEYIN:DIALOG COORDINATE READOUT				N	N	wave6 acs/fence/units	2026-07-31		negative batch probe 2026-07-31: kind=dialog, not promotable
FENCE_CREATE	keyin_recipe	unsafe-blocked	COMMAND:FENCE CREATE				N	N	wave6 acs/fence/units	2026-07-31		negative batch probe 2026-07-31: kind=tool, not promotable
DISPLAYSTYLE_LIST	keyin_recipe	verified-headless-safe	KEYIN:DISPLAYSTYLE LIST				N	N	wave6 display/render	2026-07-31	2026-07-31	list available display styles live batch probe 2026-07-31 (0.017s)
DISPLAYSTYLE_APPLY	keyin_recipe	verified-headless-safe	KEYIN:DISPLAYSTYLE APPLY {styleName}		styleName		N	N	wave6 display/render	2026-07-31	2026-07-31	apply named display style live batch probe 2026-07-31 (0.029s)
DISPLAYSTYLE_SET_MONOCHROME	keyin_recipe	verified-headless-safe	KEYIN:DISPLAYSTYLE SET MONOCHROME				N	N	wave6 display/render	2026-07-31	2026-07-31	set display style to monochrome live batch probe 2026-07-31 (0.014s)
DISPLAYSTYLE_SET_PHOTOREALISTIC	keyin_recipe	verified-headless-safe	KEYIN:DISPLAYSTYLE SET PHOTOREALISTIC				N	N	wave6 display/render	2026-07-31	2026-07-31	set display style to photorealistic live batch probe 2026-07-31 (0.015s)
DISPLAYSTYLE_SET_CONSTANT_SHADING	keyin_recipe	verified-headless-safe	KEYIN:DISPLAYSTYLE SET CONSTANT SHADING				N	N	wave6 display/render	2026-07-31	2026-07-31	set display style to constant shading live batch probe 2026-07-31 (0.014s)
DISPLAYSTYLE_SET_HIDDEN_LINE	keyin_recipe	verified-headless-safe	KEYIN:DISPLAYSTYLE SET HIDDEN LINE				N	N	wave6 display/render	2026-07-31	2026-07-31	set display style to hidden line live batch probe 2026-07-31 (0.014s)
DISPLAYSTYLE_SET_FILLED_HIDDEN_LINE	keyin_recipe	verified-headless-safe	KEYIN:DISPLAYSTYLE SET FILLED HIDDEN LINE				N	N	wave6 display/render	2026-07-31	2026-07-31	set display style to filled hidden line live batch probe 2026-07-31 (0.015s)
DISPLAYSTYLE_SET_SMOOTH	keyin_recipe	verified-headless-safe	KEYIN:DISPLAYSTYLE SET SMOOTH				N	N	wave6 display/render	2026-07-31	2026-07-31	set display style to smooth live batch probe 2026-07-31 (0.014s)
VIEW_MONOCHROME	keyin_recipe	verified-headless-safe	KEYIN:VIEW MONOCHROME				N	N	wave6 display/render	2026-07-31	2026-07-31	switch active view to monochrome live batch probe 2026-07-31 (0.015s)
VIEW_PHOTOREALISTIC	keyin_recipe	verified-headless-safe	KEYIN:VIEW PHOTOREALISTIC				N	N	wave6 display/render	2026-07-31	2026-07-31	switch active view to photorealistic live batch probe 2026-07-31 (0.02s)
VIEW_CONSTANT_SHADING	keyin_recipe	verified-headless-safe	KEYIN:VIEW CONSTANT SHADING				N	N	wave6 display/render	2026-07-31	2026-07-31	switch active view to constant shading live batch probe 2026-07-31 (0.014s)
SET_RENDERMODE_MONOCHROME	keyin_recipe	verified-headless-safe	KEYIN:SET RENDERMODE MONOCHROME				N	N	wave6 display/render	2026-07-31	2026-07-31	set render mode monochrome live batch probe 2026-07-31 (0.014s)
SET_RENDERMODE_PHOTOREALISTIC	keyin_recipe	verified-headless-safe	KEYIN:SET RENDERMODE PHOTOREALISTIC				N	N	wave6 display/render	2026-07-31	2026-07-31	set render mode photorealistic live batch probe 2026-07-31 (0.013s)
SET_RENDERMODE_CONSTANT	keyin_recipe	verified-headless-safe	KEYIN:SET RENDERMODE CONSTANT				N	N	wave6 display/render	2026-07-31	2026-07-31	set render mode constant shading live batch probe 2026-07-31 (0.014s)
SET_RENDERMODE_ILLUSTRATION	keyin_recipe	verified-headless-safe	KEYIN:SET RENDERMODE ILLUSTRATION				N	N	wave6 display/render	2026-07-31	2026-07-31	set render mode illustration live batch probe 2026-07-31 (0.014s)
THEMATIC_ON	keyin_recipe	verified-headless-safe	KEYIN:THEMATIC ON				N	N	wave6 display/render	2026-07-31	2026-07-31	enable thematic display live batch probe 2026-07-31 (0.014s)
THEMATIC_OFF	keyin_recipe	verified-headless-safe	KEYIN:THEMATIC OFF				N	N	wave6 display/render	2026-07-31	2026-07-31	disable thematic display live batch probe 2026-07-31 (0.014s)
SET_THEMATIC_ON	keyin_recipe	verified-headless-safe	KEYIN:SET THEMATIC ON				N	N	wave6 display/render	2026-07-31	2026-07-31	enable thematic display setting live batch probe 2026-07-31 (0.014s)
SET_THEMATIC_OFF	keyin_recipe	verified-headless-safe	KEYIN:SET THEMATIC OFF				N	N	wave6 display/render	2026-07-31	2026-07-31	disable thematic display setting live batch probe 2026-07-31 (0.014s)
THEMATIC_LEGEND_ON	keyin_recipe	verified-headless-safe	KEYIN:THEMATIC LEGEND ON				N	N	wave6 display/render	2026-07-31	2026-07-31	show thematic legend in view live batch probe 2026-07-31 (0.014s)
THEMATIC_LEGEND_OFF	keyin_recipe	verified-headless-safe	KEYIN:THEMATIC LEGEND OFF				N	N	wave6 display/render	2026-07-31	2026-07-31	hide thematic legend in view live batch probe 2026-07-31 (0.014s)
SET_FIELDOFVIEW	keyin_recipe	verified-headless-safe	KEYIN:SET FIELDOFVIEW {degrees}		degrees		N	N	wave6 display/render	2026-07-31	2026-07-31	set camera field of view angle live batch probe 2026-07-31 (0.014s)
SET_CAMERALENS	keyin_recipe	verified-headless-safe	KEYIN:SET CAMERALENS {mm}		mm		N	N	wave6 display/render	2026-07-31	2026-07-31	set camera lens focal length live batch probe 2026-07-31 (0.014s)
SET_FOCUS	keyin_recipe	verified-headless-safe	KEYIN:SET FOCUS {distance}		distance		N	N	wave6 display/render	2026-07-31	2026-07-31	set camera focus distance live batch probe 2026-07-31 (0.013s)
SET_DEPTHOFFIELD_ON	keyin_recipe	verified-headless-safe	KEYIN:SET DEPTHOFFIELD ON				N	N	wave6 display/render	2026-07-31	2026-07-31	enable depth of field effect live batch probe 2026-07-31 (0.014s)
SET_DEPTHOFFIELD_OFF	keyin_recipe	verified-headless-safe	KEYIN:SET DEPTHOFFIELD OFF				N	N	wave6 display/render	2026-07-31	2026-07-31	disable depth of field effect live batch probe 2026-07-31 (0.014s)
SET_STEREO_ON	keyin_recipe	verified-headless-safe	KEYIN:SET STEREO ON				N	N	wave6 display/render	2026-07-31	2026-07-31	enable stereo display live batch probe 2026-07-31 (0.014s)
SET_STEREO_OFF	keyin_recipe	verified-headless-safe	KEYIN:SET STEREO OFF				N	N	wave6 display/render	2026-07-31	2026-07-31	disable stereo display live batch probe 2026-07-31 (0.013s)
VIEW_STEREO_ON	keyin_recipe	verified-headless-safe	KEYIN:VIEW STEREO ON				N	N	wave6 display/render	2026-07-31	2026-07-31	enable stereo in active view live batch probe 2026-07-31 (0.014s)
VIEW_STEREO_OFF	keyin_recipe	verified-headless-safe	KEYIN:VIEW STEREO OFF				N	N	wave6 display/render	2026-07-31	2026-07-31	disable stereo in active view live batch probe 2026-07-31 (0.014s)
SET_REFLECTIONS_ON	keyin_recipe	verified-headless-safe	KEYIN:SET REFLECTIONS ON				N	N	wave6 display/render	2026-07-31	2026-07-31	enable material reflections live batch probe 2026-07-31 (0.014s)
SET_REFLECTIONS_OFF	keyin_recipe	verified-headless-safe	KEYIN:SET REFLECTIONS OFF				N	N	wave6 display/render	2026-07-31	2026-07-31	disable material reflections live batch probe 2026-07-31 (0.015s)
SET_BUMPS_ON	keyin_recipe	verified-headless-safe	KEYIN:SET BUMPS ON				N	N	wave6 display/render	2026-07-31	2026-07-31	enable bump mapping live batch probe 2026-07-31 (0.015s)
SET_BUMPS_OFF	keyin_recipe	verified-headless-safe	KEYIN:SET BUMPS OFF				N	N	wave6 display/render	2026-07-31	2026-07-31	disable bump mapping live batch probe 2026-07-31 (0.015s)
SET_GLOBALILLUMINATION_ON	keyin_recipe	verified-headless-safe	KEYIN:SET GLOBALILLUMINATION ON				N	N	wave6 display/render	2026-07-31	2026-07-31	enable global illumination live batch probe 2026-07-31 (0.016s)
SET_GLOBALILLUMINATION_OFF	keyin_recipe	verified-headless-safe	KEYIN:SET GLOBALILLUMINATION OFF				N	N	wave6 display/render	2026-07-31	2026-07-31	disable global illumination live batch probe 2026-07-31 (0.016s)
SET_AMBIENTOCCLUSION_ON	keyin_recipe	verified-headless-safe	KEYIN:SET AMBIENTOCCLUSION ON				N	N	wave6 display/render	2026-07-31	2026-07-31	enable ambient occlusion live batch probe 2026-07-31 (0.028s)
SET_AMBIENTOCCLUSION_OFF	keyin_recipe	verified-headless-safe	KEYIN:SET AMBIENTOCCLUSION OFF				N	N	wave6 display/render	2026-07-31	2026-07-31	disable ambient occlusion live batch probe 2026-07-31 (0.014s)
SET_FOG_ON	keyin_recipe	verified-headless-safe	KEYIN:SET FOG ON				N	N	wave6 display/render	2026-07-31	2026-07-31	enable atmospheric fog live batch probe 2026-07-31 (0.014s)
SET_FOG_OFF	keyin_recipe	verified-headless-safe	KEYIN:SET FOG OFF				N	N	wave6 display/render	2026-07-31	2026-07-31	disable atmospheric fog live batch probe 2026-07-31 (0.014s)
SET_SKY_ON	keyin_recipe	verified-headless-safe	KEYIN:SET SKY ON				N	N	wave6 display/render	2026-07-31	2026-07-31	enable sky background live batch probe 2026-07-31 (0.014s)
SET_SKY_OFF	keyin_recipe	verified-headless-safe	KEYIN:SET SKY OFF				N	N	wave6 display/render	2026-07-31	2026-07-31	disable sky background live batch probe 2026-07-31 (0.014s)
SET_CLOUDS_ON	keyin_recipe	verified-headless-safe	KEYIN:SET CLOUDS ON				N	N	wave6 display/render	2026-07-31	2026-07-31	enable cloud rendering live batch probe 2026-07-31 (0.014s)
SET_CLOUDS_OFF	keyin_recipe	verified-headless-safe	KEYIN:SET CLOUDS OFF				N	N	wave6 display/render	2026-07-31	2026-07-31	disable cloud rendering live batch probe 2026-07-31 (0.014s)
SET_GROUNDPLANE_ON	keyin_recipe	verified-headless-safe	KEYIN:SET GROUNDPLANE ON				N	N	wave6 display/render	2026-07-31	2026-07-31	enable ground plane display live batch probe 2026-07-31 (0.014s)
SET_GROUNDPLANE_OFF	keyin_recipe	verified-headless-safe	KEYIN:SET GROUNDPLANE OFF				N	N	wave6 display/render	2026-07-31	2026-07-31	disable ground plane display live batch probe 2026-07-31 (0.015s)
SET_SILHOUETTE_ON	keyin_recipe	verified-headless-safe	KEYIN:SET SILHOUETTE ON				N	N	wave6 display/render	2026-07-31	2026-07-31	enable silhouette edges live batch probe 2026-07-31 (0.014s)
SET_SILHOUETTE_OFF	keyin_recipe	verified-headless-safe	KEYIN:SET SILHOUETTE OFF				N	N	wave6 display/render	2026-07-31	2026-07-31	disable silhouette edges live batch probe 2026-07-31 (0.014s)
SET_CONTOUR_ON	keyin_recipe	verified-headless-safe	KEYIN:SET CONTOUR ON				N	N	wave6 display/render	2026-07-31	2026-07-31	enable contour lines live batch probe 2026-07-31 (0.014s)
SET_CONTOUR_OFF	keyin_recipe	verified-headless-safe	KEYIN:SET CONTOUR OFF				N	N	wave6 display/render	2026-07-31	2026-07-31	disable contour lines live batch probe 2026-07-31 (0.015s)
SET_HALO_ON	keyin_recipe	verified-headless-safe	KEYIN:SET HALO ON				N	N	wave6 display/render	2026-07-31	2026-07-31	enable edge halo effect live batch probe 2026-07-31 (0.014s)
SET_HALO_OFF	keyin_recipe	verified-headless-safe	KEYIN:SET HALO OFF				N	N	wave6 display/render	2026-07-31	2026-07-31	disable edge halo effect live batch probe 2026-07-31 (0.014s)
SET_DISPLAYPRIORITY_ON	keyin_recipe	verified-headless-safe	KEYIN:SET DISPLAYPRIORITY ON				N	N	wave6 display/render	2026-07-31	2026-07-31	enable display priority symbology live batch probe 2026-07-31 (0.014s)
SET_DISPLAYPRIORITY_OFF	keyin_recipe	verified-headless-safe	KEYIN:SET DISPLAYPRIORITY OFF				N	N	wave6 display/render	2026-07-31	2026-07-31	disable display priority symbology live batch probe 2026-07-31 (0.014s)
DISPLAY_PRIORITY	keyin_recipe	verified-headless-safe	KEYIN:DISPLAY PRIORITY {priority}		priority		N	N	wave6 display/render	2026-07-31	2026-07-31	set display priority value live batch probe 2026-07-31 (0.015s)
DISPLAYSET_SAVE	keyin_recipe	verified-headless-safe	KEYIN:DISPLAYSET SAVE {name}		name		N	N	wave6 display/render	2026-07-31	2026-07-31	save current display settings live batch probe 2026-07-31 (0.014s)
DISPLAYSET_LOAD	keyin_recipe	verified-headless-safe	KEYIN:DISPLAYSET LOAD {name}		name		N	N	wave6 display/render	2026-07-31	2026-07-31	load saved display settings live batch probe 2026-07-31 (0.014s)
DISPLAYSET_APPLY	keyin_recipe	verified-headless-safe	KEYIN:DISPLAYSET APPLY {name}		name		N	N	wave6 display/render	2026-07-31	2026-07-31	apply named display set live batch probe 2026-07-31 (0.014s)
DISPLAYSET_LIST	keyin_recipe	verified-headless-safe	KEYIN:DISPLAYSET LIST				N	N	wave6 display/render	2026-07-31	2026-07-31	list available display sets live batch probe 2026-07-31 (0.013s)
VIEW_GROUP_ON	keyin_recipe	verified-headless-safe	KEYIN:VIEW GROUP ON				N	N	wave6 display/render	2026-07-31	2026-07-31	enable view group display live batch probe 2026-07-31 (0.014s)
VIEW_GROUP_OFF	keyin_recipe	verified-headless-safe	KEYIN:VIEW GROUP OFF				N	N	wave6 display/render	2026-07-31	2026-07-31	disable view group display live batch probe 2026-07-31 (0.013s)
VIEW_GROUP_SAVE	keyin_recipe	verified-headless-safe	KEYIN:VIEW GROUP SAVE {name}		name		N	N	wave6 display/render	2026-07-31	2026-07-31	save current view group live batch probe 2026-07-31 (0.014s)
VIEW_GROUP_LOAD	keyin_recipe	verified-headless-safe	KEYIN:VIEW GROUP LOAD {name}		name		N	N	wave6 display/render	2026-07-31	2026-07-31	load saved view group live batch probe 2026-07-31 (0.014s)
VIEW_GROUP_LIST	keyin_recipe	verified-headless-safe	KEYIN:VIEW GROUP LIST				N	N	wave6 display/render	2026-07-31	2026-07-31	list available view groups live batch probe 2026-07-31 (0.014s)
VIEW_GROUP_NEXT	keyin_recipe	verified-headless-safe	KEYIN:VIEW GROUP NEXT				N	N	wave6 display/render	2026-07-31	2026-07-31	cycle to next view group live batch probe 2026-07-31 (0.013s)
VIEW_GROUP_PREVIOUS	keyin_recipe	verified-headless-safe	KEYIN:VIEW GROUP PREVIOUS				N	N	wave6 display/render	2026-07-31	2026-07-31	cycle to previous view group live batch probe 2026-07-31 (0.014s)
SET_TEMPLATE_ON	keyin_recipe	verified-headless-safe	KEYIN:SET TEMPLATE ON				N	N	wave6 display/render	2026-07-31	2026-07-31	show element templates live batch probe 2026-07-31 (0.014s)
SET_TEMPLATE_OFF	keyin_recipe	verified-headless-safe	KEYIN:SET TEMPLATE OFF				N	N	wave6 display/render	2026-07-31	2026-07-31	hide element templates live batch probe 2026-07-31 (0.014s)
TEMPLATE_DISPLAY_ON	keyin_recipe	verified-headless-safe	KEYIN:TEMPLATE DISPLAY ON				N	N	wave6 display/render	2026-07-31	2026-07-31	display template symbology in view live batch probe 2026-07-31 (0.014s)
TEMPLATE_DISPLAY_OFF	keyin_recipe	verified-headless-safe	KEYIN:TEMPLATE DISPLAY OFF				N	N	wave6 display/render	2026-07-31	2026-07-31	hide template symbology in view live batch probe 2026-07-31 (0.015s)
SET_FASTFILL_ON	keyin_recipe	verified-headless-safe	KEYIN:SET FASTFILL ON				N	N	wave6 display/render	2026-07-31	2026-07-31	enable fast fill display mode live batch probe 2026-07-31 (0.016s)
SET_FASTFILL_OFF	keyin_recipe	verified-headless-safe	KEYIN:SET FASTFILL OFF				N	N	wave6 display/render	2026-07-31	2026-07-31	disable fast fill display mode live batch probe 2026-07-31 (0.031s)
SET_FASTREFRESH_ON	keyin_recipe	verified-headless-safe	KEYIN:SET FASTREFRESH ON				N	N	wave6 display/render	2026-07-31	2026-07-31	enable fast refresh mode live batch probe 2026-07-31 (0.014s)
SET_FASTREFRESH_OFF	keyin_recipe	verified-headless-safe	KEYIN:SET FASTREFRESH OFF				N	N	wave6 display/render	2026-07-31	2026-07-31	disable fast refresh mode live batch probe 2026-07-31 (0.014s)
VIEW_DYNAMIC_ON	keyin_recipe	verified-headless-safe	KEYIN:VIEW DYNAMIC ON				N	N	wave6 display/render	2026-07-31	2026-07-31	enable dynamic view update live batch probe 2026-07-31 (0.014s)
VIEW_DYNAMIC_OFF	keyin_recipe	verified-headless-safe	KEYIN:VIEW DYNAMIC OFF				N	N	wave6 display/render	2026-07-31	2026-07-31	disable dynamic view update live batch probe 2026-07-31 (0.013s)
SET_VIEWCUBE_ON	keyin_recipe	verified-headless-safe	KEYIN:SET VIEWCUBE ON				N	N	wave6 display/render	2026-07-31	2026-07-31	show view cube widget live batch probe 2026-07-31 (0.014s)
SET_VIEWCUBE_OFF	keyin_recipe	verified-headless-safe	KEYIN:SET VIEWCUBE OFF				N	N	wave6 display/render	2026-07-31	2026-07-31	hide view cube widget live batch probe 2026-07-31 (0.014s)
SET_NAVIGATOR_ON	keyin_recipe	verified-headless-safe	KEYIN:SET NAVIGATOR ON				N	N	wave6 display/render	2026-07-31	2026-07-31	show navigator panel live batch probe 2026-07-31 (0.014s)
SET_NAVIGATOR_OFF	keyin_recipe	verified-headless-safe	KEYIN:SET NAVIGATOR OFF				N	N	wave6 display/render	2026-07-31	2026-07-31	hide navigator panel live batch probe 2026-07-31 (0.014s)
SET_SCALEBAR_ON	keyin_recipe	verified-headless-safe	KEYIN:SET SCALEBAR ON				N	N	wave6 display/render	2026-07-31	2026-07-31	show scale bar in view live batch probe 2026-07-31 (0.014s)
SET_SCALEBAR_OFF	keyin_recipe	verified-headless-safe	KEYIN:SET SCALEBAR OFF				N	N	wave6 display/render	2026-07-31	2026-07-31	hide scale bar in view live batch probe 2026-07-31 (0.015s)
LEVEL_BYVIEW_ON	keyin_recipe	verified-headless-safe	KEYIN:LEVEL BYVIEW ON				N	N	wave6 display/render	2026-07-31	2026-07-31	enable per-view level display live batch probe 2026-07-31 (0.014s)
LEVEL_BYVIEW_OFF	keyin_recipe	verified-headless-safe	KEYIN:LEVEL BYVIEW OFF				N	N	wave6 display/render	2026-07-31	2026-07-31	disable per-view level display live batch probe 2026-07-31 (0.013s)
SET_VIEWFLAGS_ON	keyin_recipe	verified-headless-safe	KEYIN:SET VIEWFLAGS ON				N	N	wave6 display/render	2026-07-31	2026-07-31	enable view flags symbology live batch probe 2026-07-31 (0.013s)
SET_VIEWFLAGS_OFF	keyin_recipe	verified-headless-safe	KEYIN:SET VIEWFLAGS OFF				N	N	wave6 display/render	2026-07-31	2026-07-31	disable view flags symbology live batch probe 2026-07-31 (0.014s)
POINT_CLOUD_ON	keyin_recipe	verified-headless-safe	KEYIN:POINT CLOUD ON				N	N	wave6 display/render	2026-07-31	2026-07-31	display point cloud elements live batch probe 2026-07-31 (0.014s)
POINT_CLOUD_OFF	keyin_recipe	verified-headless-safe	KEYIN:POINT CLOUD OFF				N	N	wave6 display/render	2026-07-31	2026-07-31	hide point cloud elements live batch probe 2026-07-31 (0.014s)
REALITY_MESH_ON	keyin_recipe	verified-headless-safe	KEYIN:REALITY MESH ON				N	N	wave6 display/render	2026-07-31	2026-07-31	display reality mesh elements live batch probe 2026-07-31 (0.016s)
REALITY_MESH_OFF	keyin_recipe	verified-headless-safe	KEYIN:REALITY MESH OFF				N	N	wave6 display/render	2026-07-31	2026-07-31	hide reality mesh elements live batch probe 2026-07-31 (0.015s)
DIALOG_RENDER	keyin_recipe	unsafe-blocked	KEYIN:DIALOG RENDER				N	N	wave6 display/render	2026-07-31		negative batch probe 2026-07-31: kind=dialog, not promotable
DIALOG_THEMATIC	keyin_recipe	unsafe-blocked	KEYIN:DIALOG THEMATIC				N	N	wave6 display/render	2026-07-31		negative batch probe 2026-07-31: kind=dialog, not promotable
DIALOG_VIEW_GROUP	keyin_recipe	unsafe-blocked	KEYIN:DIALOG VIEW GROUP				N	N	wave6 display/render	2026-07-31		negative batch probe 2026-07-31: kind=dialog, not promotable
DIALOG_DISPLAY_SET	keyin_recipe	unsafe-blocked	KEYIN:DIALOG DISPLAY SET				N	N	wave6 display/render	2026-07-31		negative batch probe 2026-07-31: kind=dialog, not promotable
DIALOG_CAMERA	keyin_recipe	unsafe-blocked	KEYIN:DIALOG CAMERA				N	N	wave6 display/render	2026-07-31		negative batch probe 2026-07-31: kind=dialog, not promotable
DIALOG_MATERIAL	keyin_recipe	unsafe-blocked	KEYIN:DIALOG MATERIAL				N	N	wave6 display/render	2026-07-31		negative batch probe 2026-07-31: kind=dialog, not promotable
RENDER_IMAGE	keyin_recipe	unsafe-blocked	COMMAND:RENDER IMAGE				N	N	wave6 display/render	2026-07-31		negative batch probe 2026-07-31: kind=tool, not promotable
WALKTHROUGH	keyin_recipe	unsafe-blocked	COMMAND:WALKTHROUGH				N	N	wave6 display/render	2026-07-31		negative batch probe 2026-07-31: kind=tool, not promotable
MODEL_GO	keyin_recipe	verified-headless-safe	KEYIN:MODEL {modelName}		modelName		N	N	wave6 model/raster/reality	2026-07-31	2026-07-31	activate model by name live batch probe 2026-07-31 (0.015s)
MODEL_NEXT	keyin_recipe	verified-headless-safe	KEYIN:MODEL NEXT				N	N	wave6 model/raster/reality	2026-07-31	2026-07-31	cycle to next model live batch probe 2026-07-31 (0.014s)
MODEL_PREVIOUS	keyin_recipe	verified-headless-safe	KEYIN:MODEL PREVIOUS				N	N	wave6 model/raster/reality	2026-07-31	2026-07-31	cycle to previous model live batch probe 2026-07-31 (0.014s)
ACTIVE_MODEL	keyin_recipe	verified-headless-safe	KEYIN:ACTIVE {modelName}		modelName		N	N	wave6 model/raster/reality	2026-07-31	2026-07-31	set active model by name live batch probe 2026-07-31 (0.015s)
MODEL_ACTIVATE	keyin_recipe	verified-headless-safe	KEYIN:MODEL {modelName}		modelName		N	N	wave6 model/raster/reality	2026-07-31	2026-07-31	activate named model live batch probe 2026-07-31 (0.016s)
MODEL_CYCLE	keyin_recipe	verified-headless-safe	KEYIN:MODEL CYCLE				N	N	wave6 model/raster/reality	2026-07-31	2026-07-31	cycle active model live batch probe 2026-07-31 (0.014s)
SET_MODEL_ON	keyin_recipe	verified-headless-safe	KEYIN:SET MODEL ON				N	N	wave6 model/raster/reality	2026-07-31	2026-07-31	enable model display category live batch probe 2026-07-31 (0.014s)
SET_MODEL_OFF	keyin_recipe	verified-headless-safe	KEYIN:SET MODEL OFF				N	N	wave6 model/raster/reality	2026-07-31	2026-07-31	disable model display category live batch probe 2026-07-31 (0.014s)
AM_EQ	keyin_recipe	verified-headless-safe	KEYIN:AM={modelName}		modelName		N	N	wave6 model/raster/reality	2026-07-31	2026-07-31	legacy active model syntax live batch probe 2026-07-31 (0.014s)
SET_RASTERREF_ON	keyin_recipe	verified-headless-safe	KEYIN:SET RASTER REF ON				N	N	wave6 model/raster/reality	2026-07-31	2026-07-31	enable raster reference display live batch probe 2026-07-31 (0.014s)
SET_RASTERREF_OFF	keyin_recipe	verified-headless-safe	KEYIN:SET RASTER REF OFF				N	N	wave6 model/raster/reality	2026-07-31	2026-07-31	disable raster reference display live batch probe 2026-07-31 (0.014s)
RASTER_MONOCHROME_ON	keyin_recipe	verified-headless-safe	KEYIN:RASTER MONOCHROME ON				N	N	wave6 model/raster/reality	2026-07-31	2026-07-31	display rasters monochrome live batch probe 2026-07-31 (0.014s)
RASTER_MONOCHROME_OFF	keyin_recipe	verified-headless-safe	KEYIN:RASTER MONOCHROME OFF				N	N	wave6 model/raster/reality	2026-07-31	2026-07-31	display rasters in color live batch probe 2026-07-31 (0.014s)
RASTER_TRANSPARENCY_ON	keyin_recipe	verified-headless-safe	KEYIN:RASTER TRANSPARENCY ON				N	N	wave6 model/raster/reality	2026-07-31	2026-07-31	enable raster transparency live batch probe 2026-07-31 (0.015s)
RASTER_TRANSPARENCY_OFF	keyin_recipe	verified-headless-safe	KEYIN:RASTER TRANSPARENCY OFF				N	N	wave6 model/raster/reality	2026-07-31	2026-07-31	disable raster transparency live batch probe 2026-07-31 (0.027s)
RASTER_CLIP_ON	keyin_recipe	verified-headless-safe	KEYIN:RASTER CLIP ON				N	N	wave6 model/raster/reality	2026-07-31	2026-07-31	enable raster clipping live batch probe 2026-07-31 (0.016s)
RASTER_CLIP_OFF	keyin_recipe	verified-headless-safe	KEYIN:RASTER CLIP OFF				N	N	wave6 model/raster/reality	2026-07-31	2026-07-31	disable raster clipping live batch probe 2026-07-31 (0.014s)
POINTCLOUD_ON	keyin_recipe	verified-headless-safe	KEYIN:POINT CLOUD ON				N	N	wave6 model/raster/reality	2026-07-31	2026-07-31	turn point cloud visibility on live batch probe 2026-07-31 (0.014s)
POINTCLOUD_OFF	keyin_recipe	verified-headless-safe	KEYIN:POINT CLOUD OFF				N	N	wave6 model/raster/reality	2026-07-31	2026-07-31	turn point cloud visibility off live batch probe 2026-07-31 (0.014s)
POINTCLOUD_CLASSIFICATION_ON	keyin_recipe	verified-headless-safe	KEYIN:POINT CLOUD CLASSIFICATION ON				N	N	wave6 model/raster/reality	2026-07-31	2026-07-31	show point cloud classification colors live batch probe 2026-07-31 (0.014s)
POINTCLOUD_CLASSIFICATION_OFF	keyin_recipe	verified-headless-safe	KEYIN:POINT CLOUD CLASSIFICATION OFF				N	N	wave6 model/raster/reality	2026-07-31	2026-07-31	hide point cloud classification colors live batch probe 2026-07-31 (0.014s)
POINTCLOUD_DENSITY_MEDIUM	keyin_recipe	verified-headless-safe	KEYIN:POINT CLOUD DENSITY MEDIUM				N	N	wave6 model/raster/reality	2026-07-31	2026-07-31	set point cloud density medium live batch probe 2026-07-31 (0.014s)
POINTCLOUD_COLORBY_INTENSITY	keyin_recipe	verified-headless-safe	KEYIN:POINT CLOUD COLOR BY INTENSITY				N	N	wave6 model/raster/reality	2026-07-31	2026-07-31	color point cloud by intensity live batch probe 2026-07-31 (0.014s)
SET_REALITYDATA_ON	keyin_recipe	verified-headless-safe	KEYIN:SET REALITY DATA ON				N	N	wave6 model/raster/reality	2026-07-31	2026-07-31	enable reality data display live batch probe 2026-07-31 (0.014s)
SET_REALITYDATA_OFF	keyin_recipe	verified-headless-safe	KEYIN:SET REALITY DATA OFF				N	N	wave6 model/raster/reality	2026-07-31	2026-07-31	disable reality data display live batch probe 2026-07-31 (0.014s)
REALITYDATA_DISPLAY_ON	keyin_recipe	verified-headless-safe	KEYIN:REALITY DATA DISPLAY ON				N	N	wave6 model/raster/reality	2026-07-31	2026-07-31	show reality data in view live batch probe 2026-07-31 (0.014s)
REALITYDATA_DISPLAY_OFF	keyin_recipe	verified-headless-safe	KEYIN:REALITY DATA DISPLAY OFF				N	N	wave6 model/raster/reality	2026-07-31	2026-07-31	hide reality data in view live batch probe 2026-07-31 (0.013s)
REFERENCE_SET_DISPLAY_OFF_ALL	keyin_recipe	verified-headless-safe	KEYIN:REFERENCE SET DISPLAY=OFF ALL				N	N	wave6 model/raster/reality	2026-07-31	2026-07-31	turn display off for all references live batch probe 2026-07-31 (0.026s)
REFERENCE_SET_SNAP_OFF_ALL	keyin_recipe	verified-headless-safe	KEYIN:REFERENCE SET SNAP=OFF ALL				N	N	wave6 model/raster/reality	2026-07-31	2026-07-31	turn snap off for all references live batch probe 2026-07-31 (0.015s)
REFERENCE_SET_LOCATE_OFF_ALL	keyin_recipe	verified-headless-safe	KEYIN:REFERENCE SET LOCATE=OFF ALL				N	N	wave6 model/raster/reality	2026-07-31	2026-07-31	turn locate off for all references live batch probe 2026-07-31 (0.015s)
REFERENCE_SET_DISPLAYRASTERREFS_OFF_ALL	keyin_recipe	verified-headless-safe	KEYIN:REFERENCE SET DISPLAYRASTERREFS=OFF ALL				N	N	wave6 model/raster/reality	2026-07-31	2026-07-31	hide nested raster refs for all references live batch probe 2026-07-31 (0.04s)
REFERENCE_SET_SCALELINESTYLES_OFF_ALL	keyin_recipe	verified-headless-safe	KEYIN:REFERENCE SET SCALELINESTYLES=OFF ALL				N	N	wave6 model/raster/reality	2026-07-31	2026-07-31	disable scale line styles for all references live batch probe 2026-07-31 (0.014s)
REFERENCE_SET_ROTATECLIPPING_ON_ALL	keyin_recipe	verified-headless-safe	KEYIN:REFERENCE SET ROTATECLIPPING=ON ALL				N	N	wave6 model/raster/reality	2026-07-31	2026-07-31	enable rotate clipping for all references live batch probe 2026-07-31 (0.014s)
REFERENCE_SET_TREATASELEMENT_ON_ALL	keyin_recipe	verified-headless-safe	KEYIN:REFERENCE SET TREATASELEMENT=ON ALL				N	N	wave6 model/raster/reality	2026-07-31	2026-07-31	treat reference as element for all references live batch probe 2026-07-31 (0.014s)
REFERENCE_SET_USELIGHTS_OFF_ALL	keyin_recipe	verified-headless-safe	KEYIN:REFERENCE SET USELIGHTS=OFF ALL				N	N	wave6 model/raster/reality	2026-07-31	2026-07-31	disable reference lighting for all references live batch probe 2026-07-31 (0.014s)
REFERENCE_SET_USEVIEWFLAGS_OFF_ALL	keyin_recipe	verified-headless-safe	KEYIN:REFERENCE SET USEVIEWFLAGS=OFF ALL				N	N	wave6 model/raster/reality	2026-07-31	2026-07-31	disable reference view flags for all references live batch probe 2026-07-31 (0.015s)
REFERENCE_SET_NESTOVERRIDES_DENY_ALL	keyin_recipe	verified-headless-safe	KEYIN:REFERENCE SET NESTOVERRIDES=DENY ALL				N	N	wave6 model/raster/reality	2026-07-31	2026-07-31	deny nested reference overrides for all live batch probe 2026-07-31 (0.015s)
REFERENCE_SET_GLOBALLSSCALE_REFERENCE_ALL	keyin_recipe	verified-headless-safe	KEYIN:REFERENCE SET GLOBALLSSCALE=REFERENCE ALL				N	N	wave6 model/raster/reality	2026-07-31	2026-07-31	use reference global line scale for all live batch probe 2026-07-31 (0.046s)
REFERENCE_SET_SYNCHWITHSAVEDVIEW_SAVEDVIEW_ALL	keyin_recipe	verified-headless-safe	KEYIN:REFERENCE SET SYNCHWITHSAVEDVIEW=SAVEDVIEW ALL				N	N	wave6 model/raster/reality	2026-07-31	2026-07-31	synch references to saved view for all live batch probe 2026-07-31 (0.014s)
REFERENCE_SET_IGNOREWHENNESTING_ON_ALL	keyin_recipe	verified-headless-safe	KEYIN:REFERENCE SET IGNOREWHENNESTING=ON ALL				N	N	wave6 model/raster/reality	2026-07-31	2026-07-31	ignore reference when nesting for all live batch probe 2026-07-31 (0.015s)
REFERENCE_SNAP_ON_ALL	keyin_recipe	verified-headless-safe	KEYIN:REFERENCE SNAP ON ALL				N	N	wave6 model/raster/reality	2026-07-31	2026-07-31	enable snap on all references live batch probe 2026-07-31 (0.014s)
REFERENCE_SNAP_OFF_ALL	keyin_recipe	verified-headless-safe	KEYIN:REFERENCE SNAP OFF ALL				N	N	wave6 model/raster/reality	2026-07-31	2026-07-31	disable snap on all references live batch probe 2026-07-31 (0.014s)
REFERENCE_LOCATE_ON_ALL	keyin_recipe	verified-headless-safe	KEYIN:REFERENCE LOCATE ON ALL				N	N	wave6 model/raster/reality	2026-07-31	2026-07-31	enable locate on all references live batch probe 2026-07-31 (0.015s)
REFERENCE_LOCATE_OFF_ALL	keyin_recipe	verified-headless-safe	KEYIN:REFERENCE LOCATE OFF ALL				N	N	wave6 model/raster/reality	2026-07-31	2026-07-31	disable locate on all references live batch probe 2026-07-31 (0.014s)
REFERENCE_SET_LOGICALNESTED_ON_ALL	keyin_recipe	verified-headless-safe	KEYIN:REFERENCE SET LOGICALNESTED=ON ALL				N	N	wave6 model/raster/reality	2026-07-31	2026-07-31	enable logical nesting for all references live batch probe 2026-07-31 (0.013s)
REFERENCE_SET_LOGICALNESTED_OFF_ALL	keyin_recipe	verified-headless-safe	KEYIN:REFERENCE SET LOGICALNESTED=OFF ALL				N	N	wave6 model/raster/reality	2026-07-31	2026-07-31	disable logical nesting for all references live batch probe 2026-07-31 (0.014s)
REFERENCE_SET_HIDENESTEDLEVELS_ON_ALL	keyin_recipe	verified-headless-safe	KEYIN:REFERENCE SET HIDENESTEDLEVELS=ON ALL				N	N	wave6 model/raster/reality	2026-07-31	2026-07-31	hide nested levels for all references live batch probe 2026-07-31 (0.014s)
REFERENCE_SET_HIDENESTEDLEVELS_OFF_ALL	keyin_recipe	verified-headless-safe	KEYIN:REFERENCE SET HIDENESTEDLEVELS=OFF ALL				N	N	wave6 model/raster/reality	2026-07-31	2026-07-31	show nested levels for all references live batch probe 2026-07-31 (0.014s)
REFERENCE_SET_DONOTNEST_ON_ALL	keyin_recipe	verified-headless-safe	KEYIN:REFERENCE SET DONOTNEST=ON ALL				N	N	wave6 model/raster/reality	2026-07-31	2026-07-31	prevent nesting for all references live batch probe 2026-07-31 (0.013s)
REFERENCE_SET_DONOTNEST_OFF_ALL	keyin_recipe	verified-headless-safe	KEYIN:REFERENCE SET DONOTNEST=OFF ALL				N	N	wave6 model/raster/reality	2026-07-31	2026-07-31	allow nesting for all references live batch probe 2026-07-31 (0.014s)
REFERENCE_SET_MONITOR_ON_ALL	keyin_recipe	verified-headless-safe	KEYIN:REFERENCE SET MONITOR=ON ALL				N	N	wave6 model/raster/reality	2026-07-31	2026-07-31	enable reference monitor for all references live batch probe 2026-07-31 (0.014s)
REFERENCE_SET_MONITOR_OFF_ALL	keyin_recipe	verified-headless-safe	KEYIN:REFERENCE SET MONITOR=OFF ALL				N	N	wave6 model/raster/reality	2026-07-31	2026-07-31	disable reference monitor for all references live batch probe 2026-07-31 (0.014s)
REFERENCE_HIGHLIGHT_ON	keyin_recipe	verified-headless-safe	KEYIN:REFERENCE HIGHLIGHT ON				N	N	wave6 model/raster/reality	2026-07-31	2026-07-31	highlight reference boundaries live batch probe 2026-07-31 (0.038s)
REFERENCE_HIGHLIGHT_OFF	keyin_recipe	verified-headless-safe	KEYIN:REFERENCE HIGHLIGHT OFF				N	N	wave6 model/raster/reality	2026-07-31	2026-07-31	stop highlighting reference boundaries live batch probe 2026-07-31 (0.014s)
REFERENCE_BOUNDARY_ON	keyin_recipe	verified-headless-safe	KEYIN:REFERENCE BOUNDARY ON				N	N	wave6 model/raster/reality	2026-07-31	2026-07-31	show reference clip boundaries live batch probe 2026-07-31 (0.013s)
REFERENCE_BOUNDARY_OFF	keyin_recipe	verified-headless-safe	KEYIN:REFERENCE BOUNDARY OFF				N	N	wave6 model/raster/reality	2026-07-31	2026-07-31	hide reference clip boundaries live batch probe 2026-07-31 (0.014s)
REFERENCE_CLIP_BOUNDARY_ON_ALL	keyin_recipe	unsafe-blocked	KEYIN:REFERENCE CLIP BOUNDARY ON ALL				N	N	wave6 model/raster/reality	2026-07-31		enable clip boundary for all references live batch probe 2026-07-31 (0.089s) | false-OK audit 2026-08-02: ARMED — left CommandName='Set Reference Clip Element' prompt='Identify Clipping Element' (baseline='Element Selection'). Old keyin_batch probe SendReset masked this; refusing headless execution.
REFERENCE_CLIP_MASK_ON_ALL	keyin_recipe	verified-headless-safe	KEYIN:REFERENCE CLIP MASK ON ALL				N	N	wave6 model/raster/reality	2026-07-31	2026-07-31	enable clip mask for all references live batch probe 2026-07-31 (0.017s)
DRAWINGBOUNDARY_DISPLAY_ON	keyin_recipe	verified-headless-safe	KEYIN:DRAWING BOUNDARY DISPLAY ON				N	N	wave6 model/raster/reality	2026-07-31	2026-07-31	show drawing boundary graphics live batch probe 2026-07-31 (0.017s)
DRAWINGBOUNDARY_DISPLAY_OFF	keyin_recipe	verified-headless-safe	KEYIN:DRAWING BOUNDARY DISPLAY OFF				N	N	wave6 model/raster/reality	2026-07-31	2026-07-31	hide drawing boundary graphics live batch probe 2026-07-31 (0.017s)
DRAWINGBOUNDARY_APPLY_ON	keyin_recipe	verified-headless-safe	KEYIN:DRAWING BOUNDARY APPLY ON				N	N	wave6 model/raster/reality	2026-07-31	2026-07-31	apply drawing boundary to view live batch probe 2026-07-31 (0.016s)
DRAWINGBOUNDARY_APPLY_OFF	keyin_recipe	verified-headless-safe	KEYIN:DRAWING BOUNDARY APPLY OFF				N	N	wave6 model/raster/reality	2026-07-31	2026-07-31	stop applying drawing boundary live batch probe 2026-07-31 (0.014s)
DRAWINGBOUNDARY_ACTIVE_ON	keyin_recipe	verified-headless-safe	KEYIN:DRAWING BOUNDARY ACTIVE ON				N	N	wave6 model/raster/reality	2026-07-31	2026-07-31	set active drawing boundary live batch probe 2026-07-31 (0.014s)
DRAWINGBOUNDARY_ACTIVE_OFF	keyin_recipe	verified-headless-safe	KEYIN:DRAWING BOUNDARY ACTIVE OFF				N	N	wave6 model/raster/reality	2026-07-31	2026-07-31	clear active drawing boundary live batch probe 2026-07-31 (0.014s)
DRAWINGBOUNDARY_NEXT	keyin_recipe	verified-headless-safe	KEYIN:DRAWING BOUNDARY NEXT				N	N	wave6 model/raster/reality	2026-07-31	2026-07-31	cycle to next drawing boundary live batch probe 2026-07-31 (0.015s)
DRAWINGBOUNDARY_PREVIOUS	keyin_recipe	verified-headless-safe	KEYIN:DRAWING BOUNDARY PREVIOUS				N	N	wave6 model/raster/reality	2026-07-31	2026-07-31	cycle to previous drawing boundary live batch probe 2026-07-31 (0.014s)
SECTIONCLIP_DISPLAY_ON	keyin_recipe	verified-headless-safe	KEYIN:SECTION CLIP DISPLAY ON				N	N	wave6 model/raster/reality	2026-07-31	2026-07-31	show section clip graphics live batch probe 2026-07-31 (0.014s)
SECTIONCLIP_DISPLAY_OFF	keyin_recipe	verified-headless-safe	KEYIN:SECTION CLIP DISPLAY OFF				N	N	wave6 model/raster/reality	2026-07-31	2026-07-31	hide section clip graphics live batch probe 2026-07-31 (0.014s)
SECTIONCLIP_APPLY_ON	keyin_recipe	verified-headless-safe	KEYIN:SECTION CLIP APPLY ON				N	N	wave6 model/raster/reality	2026-07-31	2026-07-31	apply section clip to view live batch probe 2026-07-31 (0.015s)
SECTIONCLIP_APPLY_OFF	keyin_recipe	verified-headless-safe	KEYIN:SECTION CLIP APPLY OFF				N	N	wave6 model/raster/reality	2026-07-31	2026-07-31	stop applying section clip live batch probe 2026-07-31 (0.014s)
SECTIONCLIP_ACTIVE_ON	keyin_recipe	verified-headless-safe	KEYIN:SECTION CLIP ACTIVE ON				N	N	wave6 model/raster/reality	2026-07-31	2026-07-31	set active section clip live batch probe 2026-07-31 (0.014s)
SECTIONCLIP_ACTIVE_OFF	keyin_recipe	verified-headless-safe	KEYIN:SECTION CLIP ACTIVE OFF				N	N	wave6 model/raster/reality	2026-07-31	2026-07-31	clear active section clip live batch probe 2026-07-31 (0.014s)
SECTIONCLIP_CUT_ON	keyin_recipe	verified-headless-safe	KEYIN:SECTION CLIP CUT ON				N	N	wave6 model/raster/reality	2026-07-31	2026-07-31	enable section clip cut display live batch probe 2026-07-31 (0.014s)
SECTIONCLIP_CUT_OFF	keyin_recipe	verified-headless-safe	KEYIN:SECTION CLIP CUT OFF				N	N	wave6 model/raster/reality	2026-07-31	2026-07-31	disable section clip cut display live batch probe 2026-07-31 (0.013s)
ATTACH_RASTER	keyin_recipe	unsafe-blocked	KEYIN:ATTACH {filePath}		filePath		N	N	wave6 model/raster/reality	2026-07-31		negative batch probe 2026-07-31: kind=file, not promotable
DIALOG_MODEL	keyin_recipe	unsafe-blocked	KEYIN:DIALOG MODEL				N	N	wave6 model/raster/reality	2026-07-31		negative batch probe 2026-07-31: kind=dialog, not promotable
DIALOG_REALITYMESH	keyin_recipe	unsafe-blocked	KEYIN:DIALOG REALITY MESH				N	N	wave6 model/raster/reality	2026-07-31		negative batch probe 2026-07-31: kind=dialog, not promotable
PLACE_RASTERREF	keyin_recipe	unsafe-blocked	COMMAND:PLACE RASTER REFERENCE				N	N	wave6 model/raster/reality	2026-07-31		negative batch probe 2026-07-31: kind=tool, not promotable
REFERENCE_ATTACH	keyin_recipe	unsafe-blocked	KEYIN:REFERENCE {filePath}		filePath		N	N	wave6 model/raster/reality	2026-07-31		negative batch probe 2026-07-31: kind=file, not promotable
AP_EQ	keyin_recipe	verified-headless-safe	KEYIN:AP={pattern}		pattern		N	N	wave6 hatch/linestyle	2026-07-31	2026-07-31	two-letter active pattern cell live batch probe 2026-07-31 (0.016s)
LT_EQ	keyin_recipe	verified-headless-safe	KEYIN:LT={terminator}		terminator		N	N	wave6 hatch/linestyle	2026-07-31	2026-07-31	two-letter active line terminator cell live batch probe 2026-07-31 (0.017s)
LD_EQ	keyin_recipe	verified-headless-safe	KEYIN:LD={level}		level		N	N	wave6 hatch/linestyle	2026-07-31	2026-07-31	two-letter dimension level live batch probe 2026-07-31 (0.014s)
PT_EQ	keyin_recipe	verified-headless-safe	KEYIN:PT={point}		point		N	N	wave6 hatch/linestyle	2026-07-31	2026-07-31	two-letter active point cell live batch probe 2026-07-31 (0.016s)
ACTIVE_HATCH	keyin_recipe	verified-headless-safe	KEYIN:ACTIVE HATCH {pattern}		pattern		N	N	wave6 hatch/linestyle	2026-07-31	2026-07-31	long-form active hatch pattern live batch probe 2026-07-31 (0.014s)
ACTIVE_HATCHANGLE	keyin_recipe	verified-headless-safe	KEYIN:ACTIVE HATCHANGLE {angleDeg}		angleDeg		N	N	wave6 hatch/linestyle	2026-07-31	2026-07-31	active hatch angle degrees live batch probe 2026-07-31 (0.014s)
ACTIVE_HATCHSCALE	keyin_recipe	verified-headless-safe	KEYIN:ACTIVE HATCHSCALE {scale}		scale		N	N	wave6 hatch/linestyle	2026-07-31	2026-07-31	active hatch scale factor live batch probe 2026-07-31 (0.015s)
ACTIVE_HATCHSPACING	keyin_recipe	verified-headless-safe	KEYIN:ACTIVE HATCHSPACING {spacing}		spacing		N	N	wave6 hatch/linestyle	2026-07-31	2026-07-31	active hatch line spacing live batch probe 2026-07-31 (0.032s)
ACTIVE_PATTERNORIGIN	keyin_recipe	verified-headless-safe	KEYIN:ACTIVE PATTERNORIGIN {origin}		origin		N	N	wave6 hatch/linestyle	2026-07-31	2026-07-31	active pattern origin coordinates live batch probe 2026-07-31 (0.014s)
ACTIVE_PATTERNROWS	keyin_recipe	verified-headless-safe	KEYIN:ACTIVE PATTERNROWS {rows}		rows		N	N	wave6 hatch/linestyle	2026-07-31	2026-07-31	crosshatch row count live batch probe 2026-07-31 (0.014s)
ACTIVE_PATTERNCOLUMNS	keyin_recipe	verified-headless-safe	KEYIN:ACTIVE PATTERNCOLUMNS {columns}		columns		N	N	wave6 hatch/linestyle	2026-07-31	2026-07-31	crosshatch column count live batch probe 2026-07-31 (0.013s)
ACTIVE_FILLCOLOR	keyin_recipe	verified-headless-safe	KEYIN:ACTIVE FILLCOLOR {color}		color		N	N	wave6 hatch/linestyle	2026-07-31	2026-07-31	active fill color index live batch probe 2026-07-31 (0.02s)
ACTIVE_LINESTYLESCALE	keyin_recipe	verified-headless-safe	KEYIN:ACTIVE LINESTYLESCALE {scale}		scale		N	N	wave6 hatch/linestyle	2026-07-31	2026-07-31	active linestyle scale multiplier live batch probe 2026-07-31 (0.014s)
ACTIVE_LINEWEIGHT	keyin_recipe	verified-headless-safe	KEYIN:ACTIVE LINEWEIGHT {weight}		weight		N	N	wave6 hatch/linestyle	2026-07-31	2026-07-31	long-form active lineweight live batch probe 2026-07-31 (0.016s)
ACTIVE_TERMINATORSCALE	keyin_recipe	verified-headless-safe	KEYIN:ACTIVE TERMINATORSCALE {scale}		scale		N	N	wave6 hatch/linestyle	2026-07-31	2026-07-31	long-form terminator scale live batch probe 2026-07-31 (0.015s)
ACTIVE_AREAFILL	keyin_recipe	verified-headless-safe	KEYIN:ACTIVE AREAFILL {pattern}		pattern		N	N	wave6 hatch/linestyle	2026-07-31	2026-07-31	active area fill pattern name live batch probe 2026-07-31 (0.015s)
SET_HATCH_ON	keyin_recipe	verified-headless-safe	KEYIN:SET HATCH ON				N	N	wave6 hatch/linestyle	2026-07-31	2026-07-31	display hatch elements on live batch probe 2026-07-31 (0.017s)
SET_HATCH_OFF	keyin_recipe	verified-headless-safe	KEYIN:SET HATCH OFF				N	N	wave6 hatch/linestyle	2026-07-31	2026-07-31	display hatch elements off live batch probe 2026-07-31 (0.014s)
SET_HATCH_FILL_ON	keyin_recipe	verified-headless-safe	KEYIN:SET HATCH FILL ON				N	N	wave6 hatch/linestyle	2026-07-31	2026-07-31	hatch fill display on live batch probe 2026-07-31 (0.013s)
SET_HATCH_FILL_OFF	keyin_recipe	verified-headless-safe	KEYIN:SET HATCH FILL OFF				N	N	wave6 hatch/linestyle	2026-07-31	2026-07-31	hatch fill display off live batch probe 2026-07-31 (0.014s)
SET_HATCH_BOUNDARY_ON	keyin_recipe	verified-headless-safe	KEYIN:SET HATCH BOUNDARY ON				N	N	wave6 hatch/linestyle	2026-07-31	2026-07-31	hatch boundary display on live batch probe 2026-07-31 (0.013s)
SET_HATCH_BOUNDARY_OFF	keyin_recipe	verified-headless-safe	KEYIN:SET HATCH BOUNDARY OFF				N	N	wave6 hatch/linestyle	2026-07-31	2026-07-31	hatch boundary display off live batch probe 2026-07-31 (0.014s)
SET_CROSSHATCH_ON	keyin_recipe	verified-headless-safe	KEYIN:SET CROSSHATCH ON				N	N	wave6 hatch/linestyle	2026-07-31	2026-07-31	display crosshatch elements on live batch probe 2026-07-31 (0.014s)
SET_CROSSHATCH_OFF	keyin_recipe	verified-headless-safe	KEYIN:SET CROSSHATCH OFF				N	N	wave6 hatch/linestyle	2026-07-31	2026-07-31	display crosshatch elements off live batch probe 2026-07-31 (0.014s)
SET_PATTERN_ASSOCIATIVE_ON	keyin_recipe	verified-headless-safe	KEYIN:SET PATTERN ASSOCIATIVE ON				N	N	wave6 hatch/linestyle	2026-07-31	2026-07-31	associative pattern placement on live batch probe 2026-07-31 (0.014s)
SET_PATTERN_ASSOCIATIVE_OFF	keyin_recipe	verified-headless-safe	KEYIN:SET PATTERN ASSOCIATIVE OFF				N	N	wave6 hatch/linestyle	2026-07-31	2026-07-31	associative pattern placement off live batch probe 2026-07-31 (0.014s)
SET_HATCH_ASSOCIATIVE_ON	keyin_recipe	verified-headless-safe	KEYIN:SET HATCH ASSOCIATIVE ON				N	N	wave6 hatch/linestyle	2026-07-31	2026-07-31	associative hatch on live batch probe 2026-07-31 (0.013s)
SET_HATCH_ASSOCIATIVE_OFF	keyin_recipe	verified-headless-safe	KEYIN:SET HATCH ASSOCIATIVE OFF				N	N	wave6 hatch/linestyle	2026-07-31	2026-07-31	associative hatch off live batch probe 2026-07-31 (0.013s)
SET_PATTERN_ISLAND_ON	keyin_recipe	verified-headless-safe	KEYIN:SET PATTERN ISLAND ON				N	N	wave6 hatch/linestyle	2026-07-31	2026-07-31	pattern island detection on live batch probe 2026-07-31 (0.014s)
SET_PATTERN_ISLAND_OFF	keyin_recipe	verified-headless-safe	KEYIN:SET PATTERN ISLAND OFF				N	N	wave6 hatch/linestyle	2026-07-31	2026-07-31	pattern island detection off live batch probe 2026-07-31 (0.014s)
SET_PATTERN_CROSS_ON	keyin_recipe	verified-headless-safe	KEYIN:SET PATTERN CROSS ON				N	N	wave6 hatch/linestyle	2026-07-31	2026-07-31	cross pattern mode on live batch probe 2026-07-31 (0.014s)
SET_PATTERN_CROSS_OFF	keyin_recipe	verified-headless-safe	KEYIN:SET PATTERN CROSS OFF				N	N	wave6 hatch/linestyle	2026-07-31	2026-07-31	cross pattern mode off live batch probe 2026-07-31 (0.015s)
SET_SOLID_FILL_ON	keyin_recipe	verified-headless-safe	KEYIN:SET SOLID FILL ON				N	N	wave6 hatch/linestyle	2026-07-31	2026-07-31	solid fill display on live batch probe 2026-07-31 (0.016s)
SET_SOLID_FILL_OFF	keyin_recipe	verified-headless-safe	KEYIN:SET SOLID FILL OFF				N	N	wave6 hatch/linestyle	2026-07-31	2026-07-31	solid fill display off live batch probe 2026-07-31 (0.016s)
SET_LINESTYLE_SCALE_ON	keyin_recipe	verified-headless-safe	KEYIN:SET LINESTYLE SCALE ON				N	N	wave6 hatch/linestyle	2026-07-31	2026-07-31	scale linestyles in views on live batch probe 2026-07-31 (0.015s)
SET_LINESTYLE_SCALE_OFF	keyin_recipe	verified-headless-safe	KEYIN:SET LINESTYLE SCALE OFF				N	N	wave6 hatch/linestyle	2026-07-31	2026-07-31	scale linestyles in views off live batch probe 2026-07-31 (0.014s)
SET_SCALELINESTYLES_ON	keyin_recipe	verified-headless-safe	KEYIN:SET SCALELINESTYLES ON				N	N	wave6 hatch/linestyle	2026-07-31	2026-07-31	global scale linestyles display on live batch probe 2026-07-31 (0.014s)
SET_SCALELINESTYLES_OFF	keyin_recipe	verified-headless-safe	KEYIN:SET SCALELINESTYLES OFF				N	N	wave6 hatch/linestyle	2026-07-31	2026-07-31	global scale linestyles display off live batch probe 2026-07-31 (0.015s)
SET_LINEWEIGHTS_ON	keyin_recipe	verified-headless-safe	KEYIN:SET LINEWEIGHTS ON				N	N	wave6 hatch/linestyle	2026-07-31	2026-07-31	lineweight display on in views live batch probe 2026-07-31 (0.015s)
SET_LINEWEIGHTS_OFF	keyin_recipe	verified-headless-safe	KEYIN:SET LINEWEIGHTS OFF				N	N	wave6 hatch/linestyle	2026-07-31	2026-07-31	lineweight display off in views live batch probe 2026-07-31 (0.014s)
COLOR_BYLEVEL_ON	keyin_recipe	verified-headless-safe	KEYIN:COLOR BYLEVEL ON				N	N	wave6 hatch/linestyle	2026-07-31	2026-07-31	active color follows level symbology live batch probe 2026-07-31 (0.014s)
COLOR_BYLEVEL_OFF	keyin_recipe	verified-headless-safe	KEYIN:COLOR BYLEVEL OFF				N	N	wave6 hatch/linestyle	2026-07-31	2026-07-31	active color independent of level live batch probe 2026-07-31 (0.014s)
WEIGHT_BYLEVEL_ON	keyin_recipe	verified-headless-safe	KEYIN:WEIGHT BYLEVEL ON				N	N	wave6 hatch/linestyle	2026-07-31	2026-07-31	active weight follows level symbology live batch probe 2026-07-31 (0.03s)
WEIGHT_BYLEVEL_OFF	keyin_recipe	verified-headless-safe	KEYIN:WEIGHT BYLEVEL OFF				N	N	wave6 hatch/linestyle	2026-07-31	2026-07-31	active weight independent of level live batch probe 2026-07-31 (0.014s)
STYLE_BYLEVEL_ON	keyin_recipe	verified-headless-safe	KEYIN:STYLE BYLEVEL ON				N	N	wave6 hatch/linestyle	2026-07-31	2026-07-31	active linestyle follows level symbology live batch probe 2026-07-31 (0.015s)
STYLE_BYLEVEL_OFF	keyin_recipe	verified-headless-safe	KEYIN:STYLE BYLEVEL OFF				N	N	wave6 hatch/linestyle	2026-07-31	2026-07-31	active linestyle independent of level live batch probe 2026-07-31 (0.014s)
PATTERN_BYLEVEL_ON	keyin_recipe	verified-headless-safe	KEYIN:PATTERN BYLEVEL ON				N	N	wave6 hatch/linestyle	2026-07-31	2026-07-31	active pattern follows level symbology live batch probe 2026-07-31 (0.014s)
PATTERN_BYLEVEL_OFF	keyin_recipe	verified-headless-safe	KEYIN:PATTERN BYLEVEL OFF				N	N	wave6 hatch/linestyle	2026-07-31	2026-07-31	active pattern independent of level live batch probe 2026-07-31 (0.014s)
FILL_BYLEVEL_ON	keyin_recipe	verified-headless-safe	KEYIN:FILL BYLEVEL ON				N	N	wave6 hatch/linestyle	2026-07-31	2026-07-31	active fill follows level symbology live batch probe 2026-07-31 (0.014s)
FILL_BYLEVEL_OFF	keyin_recipe	verified-headless-safe	KEYIN:FILL BYLEVEL OFF				N	N	wave6 hatch/linestyle	2026-07-31	2026-07-31	active fill independent of level live batch probe 2026-07-31 (0.015s)
LEVEL_SET_COLOR	keyin_recipe	verified-headless-safe	KEYIN:LEVEL SET COLOR {level} {color}		level,color		N	N	wave6 hatch/linestyle	2026-07-31	2026-07-31	set level symbology color override live batch probe 2026-07-31 (0.014s)
LEVEL_SET_WEIGHT	keyin_recipe	verified-headless-safe	KEYIN:LEVEL SET WEIGHT {level} {weight}		level,weight		N	N	wave6 hatch/linestyle	2026-07-31	2026-07-31	set level symbology weight override live batch probe 2026-07-31 (0.014s)
LEVEL_SET_STYLE	keyin_recipe	verified-headless-safe	KEYIN:LEVEL SET STYLE {level} {style}		level,style		N	N	wave6 hatch/linestyle	2026-07-31	2026-07-31	set level symbology style override live batch probe 2026-07-31 (0.014s)
LEVEL_SET_PATTERN	keyin_recipe	verified-headless-safe	KEYIN:LEVEL SET PATTERN {level} {pattern}		level,pattern		N	N	wave6 hatch/linestyle	2026-07-31	2026-07-31	set level symbology pattern override live batch probe 2026-07-31 (0.014s)
LEVEL_SET_FILL	keyin_recipe	verified-headless-safe	KEYIN:LEVEL SET FILL {level} {fill}		level,fill		N	N	wave6 hatch/linestyle	2026-07-31	2026-07-31	set level symbology fill override live batch probe 2026-07-31 (0.015s)
LEVEL_OVERRIDE_COLOR_ON	keyin_recipe	verified-headless-safe	KEYIN:LEVEL OVERRIDE COLOR ON				N	N	wave6 hatch/linestyle	2026-07-31	2026-07-31	apply level color overrides in view live batch probe 2026-07-31 (0.015s)
LEVEL_OVERRIDE_COLOR_OFF	keyin_recipe	verified-headless-safe	KEYIN:LEVEL OVERRIDE COLOR OFF				N	N	wave6 hatch/linestyle	2026-07-31	2026-07-31	disable level color overrides live batch probe 2026-07-31 (0.014s)
LEVEL_OVERRIDE_WEIGHT_ON	keyin_recipe	verified-headless-safe	KEYIN:LEVEL OVERRIDE WEIGHT ON				N	N	wave6 hatch/linestyle	2026-07-31	2026-07-31	apply level weight overrides in view live batch probe 2026-07-31 (0.014s)
LEVEL_OVERRIDE_WEIGHT_OFF	keyin_recipe	verified-headless-safe	KEYIN:LEVEL OVERRIDE WEIGHT OFF				N	N	wave6 hatch/linestyle	2026-07-31	2026-07-31	disable level weight overrides live batch probe 2026-07-31 (0.013s)
LEVEL_OVERRIDE_STYLE_ON	keyin_recipe	verified-headless-safe	KEYIN:LEVEL OVERRIDE STYLE ON				N	N	wave6 hatch/linestyle	2026-07-31	2026-07-31	apply level style overrides in view live batch probe 2026-07-31 (0.014s)
LEVEL_OVERRIDE_STYLE_OFF	keyin_recipe	verified-headless-safe	KEYIN:LEVEL OVERRIDE STYLE OFF				N	N	wave6 hatch/linestyle	2026-07-31	2026-07-31	disable level style overrides live batch probe 2026-07-31 (0.014s)
LEVEL_OVERRIDE_PATTERN_ON	keyin_recipe	verified-headless-safe	KEYIN:LEVEL OVERRIDE PATTERN ON				N	N	wave6 hatch/linestyle	2026-07-31	2026-07-31	apply level pattern overrides in view live batch probe 2026-07-31 (0.014s)
LEVEL_OVERRIDE_PATTERN_OFF	keyin_recipe	verified-headless-safe	KEYIN:LEVEL OVERRIDE PATTERN OFF				N	N	wave6 hatch/linestyle	2026-07-31	2026-07-31	disable level pattern overrides live batch probe 2026-07-31 (0.014s)
LEVEL_OVERRIDE_FILL_ON	keyin_recipe	verified-headless-safe	KEYIN:LEVEL OVERRIDE FILL ON				N	N	wave6 hatch/linestyle	2026-07-31	2026-07-31	apply level fill overrides in view live batch probe 2026-07-31 (0.014s)
LEVEL_OVERRIDE_FILL_OFF	keyin_recipe	verified-headless-safe	KEYIN:LEVEL OVERRIDE FILL OFF				N	N	wave6 hatch/linestyle	2026-07-31	2026-07-31	disable level fill overrides live batch probe 2026-07-31 (0.015s)
REFERENCE_SCALELINESTYLES_OFF_ALL	keyin_recipe	verified-headless-safe	KEYIN:REFERENCE SET SCALELINESTYLES=OFF ALL				N	N	wave6 hatch/linestyle	2026-07-31	2026-07-31	disable reference linestyle scaling all refs live batch probe 2026-07-31 (0.015s)
ARRAY_ROWS	keyin_recipe	verified-headless-safe	KEYIN:ARRAY ROWS {rows}		rows		N	N	wave6 hatch/linestyle	2026-07-31	2026-07-31	array tool row count setting live batch probe 2026-07-31 (0.1s)
ARRAY_COLUMNS	keyin_recipe	verified-headless-safe	KEYIN:ARRAY COLUMNS {columns}		columns		N	N	wave6 hatch/linestyle	2026-07-31	2026-07-31	array tool column count setting live batch probe 2026-07-31 (0.078s)
ARRAY_ROW_SPACING	keyin_recipe	verified-headless-safe	KEYIN:ARRAY ROW SPACING {spacing}		spacing		N	N	wave6 hatch/linestyle	2026-07-31	2026-07-31	array tool row spacing setting live batch probe 2026-07-31 (0.081s)
ARRAY_COLUMN_SPACING	keyin_recipe	verified-headless-safe	KEYIN:ARRAY COLUMN SPACING {spacing}		spacing		N	N	wave6 hatch/linestyle	2026-07-31	2026-07-31	array tool column spacing setting live batch probe 2026-07-31 (0.085s)
ARRAY_ANGLE	keyin_recipe	verified-headless-safe	KEYIN:ARRAY ANGLE {angleDeg}		angleDeg		N	N	wave6 hatch/linestyle	2026-07-31	2026-07-31	array tool rotation angle setting live batch probe 2026-07-31 (0.073s)
SET_ARRAY_COPY_ON	keyin_recipe	verified-headless-safe	KEYIN:SET ARRAY COPY ON				N	N	wave6 hatch/linestyle	2026-07-31	2026-07-31	array copy mode on live batch probe 2026-07-31 (0.015s)
SET_ARRAY_COPY_OFF	keyin_recipe	verified-headless-safe	KEYIN:SET ARRAY COPY OFF				N	N	wave6 hatch/linestyle	2026-07-31	2026-07-31	array copy mode off live batch probe 2026-07-31 (0.014s)
MIRROR_COPY_ON	keyin_recipe	verified-headless-safe	KEYIN:MIRROR COPY ON				N	N	wave6 hatch/linestyle	2026-07-31	2026-07-31	mirror copy mode on live batch probe 2026-07-31 (0.014s)
MIRROR_COPY_OFF	keyin_recipe	verified-headless-safe	KEYIN:MIRROR COPY OFF				N	N	wave6 hatch/linestyle	2026-07-31	2026-07-31	mirror copy mode off live batch probe 2026-07-31 (0.015s)
SET_MIRROR_COPY_ON	keyin_recipe	verified-headless-safe	KEYIN:SET MIRROR COPY ON				N	N	wave6 hatch/linestyle	2026-07-31	2026-07-31	mirror tool copy setting on live batch probe 2026-07-31 (0.015s)
SET_MIRROR_COPY_OFF	keyin_recipe	verified-headless-safe	KEYIN:SET MIRROR COPY OFF				N	N	wave6 hatch/linestyle	2026-07-31	2026-07-31	mirror tool copy setting off live batch probe 2026-07-31 (0.017s)
DIALOG_FILL	keyin_recipe	unsafe-blocked	KEYIN:DIALOG FILL				N	N	wave6 hatch/linestyle	2026-07-31		negative batch probe 2026-07-31: kind=dialog, not promotable
DIALOG_LEVEL_SYMBYOLOGY	keyin_recipe	unsafe-blocked	KEYIN:DIALOG LEVEL SYMBYOLOGY				N	N	wave6 hatch/linestyle	2026-07-31		negative batch probe 2026-07-31: kind=dialog, not promotable
HATCH_ICON	keyin_recipe	unsafe-blocked	COMMAND:HATCH ICON|DATAPOINT:{seedX},{seedY}|DATAPOINT:{seedX},{seedY}|RESET		seedX|seedY		Y	N	wave6;LegacyElements.bas;live probe 2026-08-02	2026-07-31		CadInputQueue HATCH ICON returns +0 elements headlessly on DELETE.dgn (Legacy twin-seed unreliable). Use HATCH_ELEMENT / PLACE_WORKSPACE Element API instead.
ARRAY_ELEMENT	direct_api	verified-headless-safe		ExecArrayElementByID	elementId|count|spacingX|spacingY	ownElementOnly	Y	Y	WZTCExec.ExecArrayElementByID;Clone+Move loop	2026-08-02	2026-08-02	Rectangular copies via Clone+Move. Replaces bare COMMAND:ARRAY ELEMENT blocked row. Call via ARRAY_ELEMENT bridge op.
ACTIVE_CELL_SCALE_1	keyin_recipe	verified-headless-safe	KEYIN:ACTIVE CELL SCALE 1				N	N	wave7 partial	2026-07-31	2026-07-31	from hung-batch log live batch probe 2026-07-31 (0.0s)
ACTIVE_CELL_SCALE_2	keyin_recipe	verified-headless-safe	KEYIN:ACTIVE CELL SCALE 2				N	N	wave7 partial	2026-07-31	2026-07-31	from hung-batch log live batch probe 2026-07-31 (0.0s)
ACTIVE_CELL_ANGLE_0	keyin_recipe	verified-headless-safe	KEYIN:ACTIVE CELL ANGLE 0				N	N	wave7 partial	2026-07-31	2026-07-31	from hung-batch log live batch probe 2026-07-31 (0.0s)
ACTIVE_CELL_ANGLE_90	keyin_recipe	verified-headless-safe	KEYIN:ACTIVE CELL ANGLE 90				N	N	wave7 partial	2026-07-31	2026-07-31	from hung-batch log live batch probe 2026-07-31 (0.0s)
AS_1	keyin_recipe	verified-headless-safe	KEYIN:AS=1				N	N	wave7 partial	2026-07-31	2026-07-31	from hung-batch log live batch probe 2026-07-31 (0.0s)
AA_CELL_0	keyin_recipe	verified-headless-safe	KEYIN:AA=0				N	N	wave7 partial	2026-07-31	2026-07-31	from hung-batch log live batch probe 2026-07-31 (0.0s)
ACTIVE_POINT_SCALE_1	keyin_recipe	verified-headless-safe	KEYIN:ACTIVE POINT SCALE 1				N	N	wave7 partial	2026-07-31	2026-07-31	from hung-batch log live batch probe 2026-07-31 (0.0s)
ACTIVE_TERMINATOR_SCALE_1	keyin_recipe	verified-headless-safe	KEYIN:ACTIVE TERMINATOR SCALE 1				N	N	wave7 partial	2026-07-31	2026-07-31	from hung-batch log live batch probe 2026-07-31 (0.0s)
SHARED_CELL_ON	keyin_recipe	verified-headless-safe	KEYIN:SHARED CELL ON				N	N	wave7 partial	2026-07-31	2026-07-31	from hung-batch log live batch probe 2026-07-31 (0.0s)
SHARED_CELL_OFF	keyin_recipe	verified-headless-safe	KEYIN:SHARED CELL OFF				N	N	wave7 partial	2026-07-31	2026-07-31	from hung-batch log live batch probe 2026-07-31 (0.0s)
ACTIVE_FONT_ENGINEERING	keyin_recipe	verified-headless-safe	KEYIN:ACTIVE FONT ENGINEERING				N	N	wave7 partial	2026-07-31	2026-07-31	from hung-batch log live batch probe 2026-07-31 (0.0s)
ACTIVE_FONT_STANDARD	keyin_recipe	verified-headless-safe	KEYIN:ACTIVE FONT STANDARD				N	N	wave7 partial	2026-07-31	2026-07-31	from hung-batch log live batch probe 2026-07-31 (0.0s)
ACTIVE_TEXT_JUST_LEFT	keyin_recipe	unsafe-blocked	KEYIN:ACTIVE TEXT JUST LEFT				N	N	wave7 partial	2026-07-31		from hung-batch log live batch probe 2026-07-31 (0.0s) | false-OK audit 2026-08-02: ARMED — left CommandName='Match Text Attributes' prompt='Identify text element' (baseline='Element Selection'). Old keyin_batch probe SendReset masked this; refusing headless execution.
ACTIVE_TEXT_JUST_CENTER	keyin_recipe	unsafe-blocked	KEYIN:ACTIVE TEXT JUST CENTER				N	N	wave7 partial	2026-07-31		from hung-batch log live batch probe 2026-07-31 (0.0s) | false-OK audit 2026-08-02: ARMED — left CommandName='Match Text Attributes' prompt='Identify text element' (baseline='Element Selection'). Old keyin_batch probe SendReset masked this; refusing headless execution.
ACTIVE_TEXT_JUST_RIGHT	keyin_recipe	unsafe-blocked	KEYIN:ACTIVE TEXT JUST RIGHT				N	N	wave7 partial	2026-07-31		from hung-batch log live batch probe 2026-07-31 (0.0s) | false-OK audit 2026-08-02: ARMED — left CommandName='Match Text Attributes' prompt='Identify text element' (baseline='Element Selection'). Old keyin_batch probe SendReset masked this; refusing headless execution.
TX_1	keyin_recipe	verified-headless-safe	KEYIN:TX=1				N	N	wave7 partial	2026-07-31	2026-07-31	from hung-batch log live batch probe 2026-07-31 (0.0s)
TH_1	keyin_recipe	verified-headless-safe	KEYIN:TH=1				N	N	wave7 partial	2026-07-31	2026-07-31	from hung-batch log live batch probe 2026-07-31 (0.0s)
TW_1	keyin_recipe	verified-headless-safe	KEYIN:TW=1				N	N	wave7 partial	2026-07-31	2026-07-31	from hung-batch log live batch probe 2026-07-31 (0.0s)
ACTIVE_TEXTSTYLE_LIST	keyin_recipe	verified-headless-safe	KEYIN:ACTIVE TEXTSTYLE LIST				N	N	wave7 partial	2026-07-31	2026-07-31	from hung-batch log live batch probe 2026-07-31 (0.0s)
TEXTSTYLE_LIST	keyin_recipe	verified-headless-safe	KEYIN:TEXTSTYLE LIST				N	N	wave7 partial	2026-07-31	2026-07-31	from hung-batch log live batch probe 2026-07-31 (0.0s)
SET_TEXT_NODE_ON	keyin_recipe	verified-headless-safe	KEYIN:SET TEXT NODE ON				N	N	wave7 partial	2026-07-31	2026-07-31	from hung-batch log live batch probe 2026-07-31 (0.0s)
SET_TEXT_NODE_OFF	keyin_recipe	verified-headless-safe	KEYIN:SET TEXT NODE OFF				N	N	wave7 partial	2026-07-31	2026-07-31	from hung-batch log live batch probe 2026-07-31 (0.0s)
DIMENSION_ASSOCIATION_ON	keyin_recipe	verified-headless-safe	KEYIN:DIMENSION ASSOCIATION ON				N	N	wave7 partial	2026-07-31	2026-07-31	from hung-batch log live batch probe 2026-07-31 (0.0s)
DIMENSION_ASSOCIATION_OFF	keyin_recipe	verified-headless-safe	KEYIN:DIMENSION ASSOCIATION OFF				N	N	wave7 partial	2026-07-31	2026-07-31	from hung-batch log live batch probe 2026-07-31 (0.0s)
SET_DIMENSION_ASSOCIATION_ON	keyin_recipe	verified-headless-safe	KEYIN:SET DIMENSION ASSOCIATION ON				N	N	wave7 partial	2026-07-31	2026-07-31	from hung-batch log live batch probe 2026-07-31 (0.0s)
SET_DIMENSION_ASSOCIATION_OFF	keyin_recipe	verified-headless-safe	KEYIN:SET DIMENSION ASSOCIATION OFF				N	N	wave7 partial	2026-07-31	2026-07-31	from hung-batch log live batch probe 2026-07-31 (0.0s)
DIMENSION_WITNESS_ON	keyin_recipe	verified-headless-safe	KEYIN:DIMENSION WITNESS ON				N	N	wave7 partial	2026-07-31	2026-07-31	from hung-batch log live batch probe 2026-07-31 (0.0s)
DIMENSION_WITNESS_OFF	keyin_recipe	verified-headless-safe	KEYIN:DIMENSION WITNESS OFF				N	N	wave7 partial	2026-07-31	2026-07-31	from hung-batch log live batch probe 2026-07-31 (0.0s)
DIMENSION_ARROWS_ON	keyin_recipe	verified-headless-safe	KEYIN:DIMENSION ARROWS ON				N	N	wave7 partial	2026-07-31	2026-07-31	from hung-batch log live batch probe 2026-07-31 (0.0s)
DIMENSION_ARROWS_OFF	keyin_recipe	verified-headless-safe	KEYIN:DIMENSION ARROWS OFF				N	N	wave7 partial	2026-07-31	2026-07-31	from hung-batch log live batch probe 2026-07-31 (0.0s)
ACTIVE_DIMENSION_STYLE_LIST	keyin_recipe	verified-headless-safe	KEYIN:ACTIVE DIMENSION STYLE LIST				N	N	wave7 partial	2026-07-31	2026-07-31	from hung-batch log live batch probe 2026-07-31 (0.0s)
DIMSTYLE_LIST	keyin_recipe	verified-headless-safe	KEYIN:DIMSTYLE LIST				N	N	wave7 partial	2026-07-31	2026-07-31	from hung-batch log live batch probe 2026-07-31 (0.0s)
MEASURE_DISPLAY_ON	keyin_recipe	verified-headless-safe	KEYIN:MEASURE DISPLAY ON				N	N	wave7 partial	2026-07-31	2026-07-31	from hung-batch log live batch probe 2026-07-31 (0.0s)
MEASURE_DISPLAY_OFF	keyin_recipe	verified-headless-safe	KEYIN:MEASURE DISPLAY OFF				N	N	wave7 partial	2026-07-31	2026-07-31	from hung-batch log live batch probe 2026-07-31 (0.0s)
SET_MEASURE_ACCUMULATE_ON	keyin_recipe	verified-headless-safe	KEYIN:SET MEASURE ACCUMULATE ON				N	N	wave7 partial	2026-07-31	2026-07-31	from hung-batch log live batch probe 2026-07-31 (0.0s)
SET_MEASURE_ACCUMULATE_OFF	keyin_recipe	verified-headless-safe	KEYIN:SET MEASURE ACCUMULATE OFF				N	N	wave7 partial	2026-07-31	2026-07-31	from hung-batch log live batch probe 2026-07-31 (0.0s)
SOLIDS_ON	keyin_recipe	verified-headless-safe	KEYIN:SOLIDS ON				N	N	wave7 partial	2026-07-31	2026-07-31	from hung-batch log live batch probe 2026-07-31 (0.0s)
SOLIDS_OFF	keyin_recipe	verified-headless-safe	KEYIN:SOLIDS OFF				N	N	wave7 partial	2026-07-31	2026-07-31	from hung-batch log live batch probe 2026-07-31 (0.0s)
SURFACES_ON	keyin_recipe	verified-headless-safe	KEYIN:SURFACES ON				N	N	wave7 partial	2026-07-31	2026-07-31	from hung-batch log live batch probe 2026-07-31 (0.0s)
SURFACES_OFF	keyin_recipe	verified-headless-safe	KEYIN:SURFACES OFF				N	N	wave7 partial	2026-07-31	2026-07-31	from hung-batch log live batch probe 2026-07-31 (0.0s)
MESHES_ON	keyin_recipe	verified-headless-safe	KEYIN:MESHES ON				N	N	wave7 partial	2026-07-31	2026-07-31	from hung-batch log live batch probe 2026-07-31 (0.0s)
MESHES_OFF	keyin_recipe	verified-headless-safe	KEYIN:MESHES OFF				N	N	wave7 partial	2026-07-31	2026-07-31	from hung-batch log live batch probe 2026-07-31 (0.0s)
FEATURES_DISPLAY_ON	keyin_recipe	verified-headless-safe	KEYIN:FEATURES DISPLAY ON				N	N	wave7 partial	2026-07-31	2026-07-31	from hung-batch log live batch probe 2026-07-31 (0.0s)
FEATURES_DISPLAY_OFF	keyin_recipe	verified-headless-safe	KEYIN:FEATURES DISPLAY OFF				N	N	wave7 partial	2026-07-31	2026-07-31	from hung-batch log live batch probe 2026-07-31 (0.0s)
SET_FEATURES_ON	keyin_recipe	verified-headless-safe	KEYIN:SET FEATURES ON				N	N	wave7 partial	2026-07-31	2026-07-31	from hung-batch log live batch probe 2026-07-31 (0.0s)
SET_FEATURES_OFF	keyin_recipe	verified-headless-safe	KEYIN:SET FEATURES OFF				N	N	wave7 partial	2026-07-31	2026-07-31	from hung-batch log live batch probe 2026-07-31 (0.0s)
GROUPS_DISPLAY_ON	keyin_recipe	verified-headless-safe	KEYIN:GROUPS DISPLAY ON				N	N	wave7 partial	2026-07-31	2026-07-31	from hung-batch log live batch probe 2026-07-31 (0.0s)
GROUPS_DISPLAY_OFF	keyin_recipe	verified-headless-safe	KEYIN:GROUPS DISPLAY OFF				N	N	wave7 partial	2026-07-31	2026-07-31	from hung-batch log live batch probe 2026-07-31 (0.0s)
COMPLEX_ON	keyin_recipe	verified-headless-safe	KEYIN:COMPLEX ON				N	N	wave7 partial	2026-07-31	2026-07-31	from hung-batch log live batch probe 2026-07-31 (0.0s)
COMPLEX_OFF	keyin_recipe	verified-headless-safe	KEYIN:COMPLEX OFF				N	N	wave7 partial	2026-07-31	2026-07-31	from hung-batch log live batch probe 2026-07-31 (0.0s)
ELEMENT_INFO_ON	keyin_recipe	verified-headless-safe	KEYIN:ELEMENT INFO ON				N	N	wave7 partial	2026-07-31	2026-07-31	from hung-batch log live batch probe 2026-07-31 (0.0s)
ELEMENT_INFO_OFF	keyin_recipe	verified-headless-safe	KEYIN:ELEMENT INFO OFF				N	N	wave7 partial	2026-07-31	2026-07-31	from hung-batch log live batch probe 2026-07-31 (0.0s)
PROPERTIES_DISPLAY_ON	keyin_recipe	verified-headless-safe	KEYIN:PROPERTIES DISPLAY ON				N	N	wave7 partial	2026-07-31	2026-07-31	from hung-batch log live batch probe 2026-07-31 (0.0s)
PROPERTIES_DISPLAY_OFF	keyin_recipe	verified-headless-safe	KEYIN:PROPERTIES DISPLAY OFF				N	N	wave7 partial	2026-07-31	2026-07-31	from hung-batch log live batch probe 2026-07-31 (0.0s)
PUBLISH_SETTINGS	keyin_recipe	unsafe-blocked	KEYIN:PUBLISH SETTINGS				N	N	wave7 partial	2026-07-31		from hung-batch log batch probe 2026-07-31: kind=dialog, not promotable
DIALOG_PUBLISH	keyin_recipe	unsafe-blocked	KEYIN:DIALOG PUBLISH				N	N	wave7 partial	2026-07-31		from hung-batch log batch probe 2026-07-31: kind=dialog, not promotable
DIALOG_PRINT_ORGANIZER	keyin_recipe	unsafe-blocked	KEYIN:DIALOG PRINT ORGANIZER				N	N	wave7 partial	2026-07-31		from hung-batch log batch probe 2026-07-31: kind=dialog, not promotable
EXPORT_VISIBLE_EDGES	keyin_recipe	unsafe-blocked	KEYIN:EXPORT VISIBLE EDGES				N	N	wave7 partial	2026-07-31		from hung-batch log batch probe 2026-07-31: kind=file, not promotable
SAVE_AS	keyin_recipe	unsafe-blocked	KEYIN:SAVE AS				N	N	wave7 partial	2026-07-31		from hung-batch log batch probe 2026-07-31: kind=file, not promotable
PLACE_DIMENSION_LINEAR	keyin_recipe	unsafe-blocked	COMMAND:PLACE DIMENSION LINEAR				N	N	wave7 partial	2026-07-31		from hung-batch log batch probe 2026-07-31: kind=tool, not promotable
PLACE_CELL	direct_api	verified-headless-safe		ExecPlaceCell	cellName|ptX|ptY	ptZ|angleDeg|reason	Y	N	WZTCBridge.ExecPlaceCell;LegacyPrototype PLACE CELL ICON	2026-07-31	2026-08-02	Phase B: bookkeeping for existing bridge PLACE_CELL (not RUN_REGISTRY_COMMAND). Was unsafe-blocked bare COMMAND.
MEASURE_ANGLE	keyin_recipe	unsafe-blocked	COMMAND:MEASURE ANGLE				N	N	wave7 partial	2026-07-31		from hung-batch log batch probe 2026-07-31: kind=tool, not promotable
MEASURE_AREA	keyin_recipe	unsafe-blocked	COMMAND:MEASURE AREA				N	N	wave7 partial	2026-07-31		from hung-batch log batch probe 2026-07-31: kind=tool, not promotable
CONSTRUCT_EXTRUDE	keyin_recipe	unsafe-blocked	COMMAND:CONSTRUCT EXTRUDE				N	N	wave7 partial	2026-07-31		from hung-batch log batch probe 2026-07-31: kind=tool, not promotable
BOOLEAN_UNION	keyin_recipe	unsafe-blocked	COMMAND:BOOLEAN UNION				N	N	wave7 partial	2026-07-31		from hung-batch log batch probe 2026-07-31: kind=tool, not promotable
DIALOG_CIVIL	keyin_recipe	unsafe-blocked	KEYIN:DIALOG CIVIL				N	N	wave7 partial	2026-07-31		from hung-batch log batch probe 2026-07-31: kind=dialog, not promotable
PLACE_CIVIL_GEOMETRY	keyin_recipe	unsafe-blocked	COMMAND:PLACE CIVIL GEOMETRY				N	N	wave7 partial	2026-07-31		from hung-batch log batch probe 2026-07-31: kind=tool, not promotable
IFC_EXPORT	keyin_recipe	external-app-blocked	KEYIN:IFC EXPORT				N	N	wave7 partial	2026-07-31		BLOCKED FROM AGENT ACCESS 2026-08-02 (policy, not a technical finding -- external app/format integration: ProjectWise/DWG/IFC/DMS). Prior safetyStatus was unsafe-blocked. from hung-batch log batch probe 2026-07-31: kind=file, not promotable
PDF_PUBLISH	keyin_recipe	unsafe-blocked	KEYIN:PDF PUBLISH				N	N	wave7 partial	2026-07-31		from hung-batch log batch probe 2026-07-31: kind=file, not promotable
MEASURE_UNITS_MASTER	keyin_recipe	verified-headless-safe	KEYIN:MEASURE UNITS MASTER				N	N	wave7 partial	2026-07-31	2026-07-31	from hung-batch log live batch probe 2026-07-31 (0.0s)
MEASURE_UNITS_SUB	keyin_recipe	verified-headless-safe	KEYIN:MEASURE UNITS SUB				N	N	wave7 partial	2026-07-31	2026-07-31	from hung-batch log live batch probe 2026-07-31 (0.0s)
MEASURE_UNITS_WORKING	keyin_recipe	verified-headless-safe	KEYIN:MEASURE UNITS WORKING				N	N	wave7 partial	2026-07-31	2026-07-31	from hung-batch log live batch probe 2026-07-31 (0.0s)
MEASURE_UNITS_STORAGE	keyin_recipe	verified-headless-safe	KEYIN:MEASURE UNITS STORAGE				N	N	wave7 partial	2026-07-31	2026-07-31	from hung-batch log live batch probe 2026-07-31 (0.0s)
MEASURE_UNITS_DEGREES	keyin_recipe	verified-headless-safe	KEYIN:MEASURE UNITS DEGREES				N	N	wave7 partial	2026-07-31	2026-07-31	from hung-batch log live batch probe 2026-07-31 (0.0s)
MEASURE_UNITS_LENGTH	keyin_recipe	verified-headless-safe	KEYIN:MEASURE UNITS LENGTH				N	N	wave7 partial	2026-07-31	2026-07-31	from hung-batch log live batch probe 2026-07-31 (0.0s)
MEASURE_DELTA_ON	keyin_recipe	verified-headless-safe	KEYIN:MEASURE DELTA ON				N	N	wave7 partial	2026-07-31	2026-07-31	from hung-batch log live batch probe 2026-07-31 (0.0s)
MEASURE_DELTA_OFF	keyin_recipe	verified-headless-safe	KEYIN:MEASURE DELTA OFF				N	N	wave7 partial	2026-07-31	2026-07-31	from hung-batch log live batch probe 2026-07-31 (0.0s)
MEASURE_DYNAMIC_ON	keyin_recipe	verified-headless-safe	KEYIN:MEASURE DYNAMIC ON				N	N	wave7 partial	2026-07-31	2026-07-31	from hung-batch log live batch probe 2026-07-31 (0.0s)
MEASURE_DYNAMIC_OFF	keyin_recipe	verified-headless-safe	KEYIN:MEASURE DYNAMIC OFF				N	N	wave7 partial	2026-07-31	2026-07-31	from hung-batch log live batch probe 2026-07-31 (0.0s)
MEASURE_LABEL_ON	keyin_recipe	verified-headless-safe	KEYIN:MEASURE LABEL ON				N	N	wave7 partial	2026-07-31	2026-07-31	from hung-batch log live batch probe 2026-07-31 (0.0s)
MEASURE_LABEL_OFF	keyin_recipe	verified-headless-safe	KEYIN:MEASURE LABEL OFF				N	N	wave7 partial	2026-07-31	2026-07-31	from hung-batch log live batch probe 2026-07-31 (0.0s)
MEASURE_COORDINATES_ON	keyin_recipe	verified-headless-safe	KEYIN:MEASURE COORDINATES ON				N	N	wave7 partial	2026-07-31	2026-07-31	from hung-batch log live batch probe 2026-07-31 (0.0s)
MEASURE_COORDINATES_OFF	keyin_recipe	verified-headless-safe	KEYIN:MEASURE COORDINATES OFF				N	N	wave7 partial	2026-07-31	2026-07-31	from hung-batch log live batch probe 2026-07-31 (0.0s)
DIMENSION_UNITS_DEGREES	keyin_recipe	verified-headless-safe	KEYIN:DIMENSION UNITS DEGREES				N	N	wave7 partial	2026-07-31	2026-07-31	from hung-batch log live batch probe 2026-07-31 (0.0s)
DIMENSION_UNITS_LENGTH	keyin_recipe	verified-headless-safe	KEYIN:DIMENSION UNITS LENGTH				N	N	wave7 partial	2026-07-31	2026-07-31	from hung-batch log live batch probe 2026-07-31 (0.0s)
ACTIVE_DIMENSIONSTYLE	keyin_recipe	verified-headless-safe	KEYIN:ACTIVE DIMENSIONSTYLE {styleName}				N	N	wave7 partial	2026-07-31	2026-07-31	from hung-batch log live batch probe 2026-07-31 (0.0s)
DIM_EQ	keyin_recipe	verified-headless-safe	KEYIN:DIM={styleName}				N	N	wave7 partial	2026-07-31	2026-07-31	from hung-batch log live batch probe 2026-07-31 (0.0s)
DIMENSION_STYLE	keyin_recipe	verified-headless-safe	KEYIN:DIMENSION STYLE {styleName}				N	N	wave7 partial	2026-07-31	2026-07-31	from hung-batch log live batch probe 2026-07-31 (0.0s)
DIMENSION_LEVEL_ACTIVE	keyin_recipe	verified-headless-safe	KEYIN:DIMENSION LEVEL ACTIVE				N	N	wave7 partial	2026-07-31	2026-07-31	from hung-batch log live batch probe 2026-07-31 (0.0s)
DIMENSION_AXIS_ARBITRARY	keyin_recipe	verified-headless-safe	KEYIN:DIMENSION AXIS ARBITRARY				N	N	wave7 partial	2026-07-31	2026-07-31	from hung-batch log live batch probe 2026-07-31 (0.0s)
DIMENSION_AXIS_DRAWING	keyin_recipe	verified-headless-safe	KEYIN:DIMENSION AXIS DRAWING				N	N	wave7 partial	2026-07-31	2026-07-31	from hung-batch log live batch probe 2026-07-31 (0.0s)
DIMENSION_AXIS_TRUE	keyin_recipe	verified-headless-safe	KEYIN:DIMENSION AXIS TRUE				N	N	wave7 partial	2026-07-31	2026-07-31	from hung-batch log live batch probe 2026-07-31 (0.0s)
DIMENSION_AXIS_VIEW	keyin_recipe	verified-headless-safe	KEYIN:DIMENSION AXIS VIEW				N	N	wave7 partial	2026-07-31	2026-07-31	from hung-batch log live batch probe 2026-07-31 (0.0s)
DIMENSION_EXTENSION_ON	keyin_recipe	verified-headless-safe	KEYIN:DIMENSION EXTENSION ON				N	N	wave7 partial	2026-07-31	2026-07-31	from hung-batch log live batch probe 2026-07-31 (0.0s)
DIMENSION_EXTENSION_OFF	keyin_recipe	verified-headless-safe	KEYIN:DIMENSION EXTENSION OFF				N	N	wave7 partial	2026-07-31	2026-07-31	from hung-batch log live batch probe 2026-07-31 (0.0s)
DIMENSION_TERMINATOR_OPEN	keyin_recipe	verified-headless-safe	KEYIN:DIMENSION TERMINATOR OPEN				N	N	wave7 partial	2026-07-31	2026-07-31	from hung-batch log live batch probe 2026-07-31 (0.0s)
DIMENSION_TERMINATOR_FILLED	keyin_recipe	verified-headless-safe	KEYIN:DIMENSION TERMINATOR FILLED				N	N	wave7 partial	2026-07-31	2026-07-31	from hung-batch log live batch probe 2026-07-31 (0.0s)
DIMENSION_TEXT_BELOW	keyin_recipe	verified-headless-safe	KEYIN:DIMENSION TEXT BELOW				N	N	wave7 partial	2026-07-31	2026-07-31	from hung-batch log live batch probe 2026-07-31 (0.0s)
DIMENSION_TEXT_OUTSIDE	keyin_recipe	verified-headless-safe	KEYIN:DIMENSION TEXT OUTSIDE				N	N	wave7 partial	2026-07-31	2026-07-31	from hung-batch log live batch probe 2026-07-31 (0.0s)
DIMENSION_TEXT_INSIDE	keyin_recipe	verified-headless-safe	KEYIN:DIMENSION TEXT INSIDE				N	N	wave7 partial	2026-07-31	2026-07-31	from hung-batch log live batch probe 2026-07-31 (0.0s)
DIMENSION_TOLERANCE_ON	keyin_recipe	verified-headless-safe	KEYIN:DIMENSION TOLERANCE ON				N	N	wave7 partial	2026-07-31	2026-07-31	from hung-batch log live batch probe 2026-07-31 (0.0s)
DIMENSION_TOLERANCE_OFF	keyin_recipe	verified-headless-safe	KEYIN:DIMENSION TOLERANCE OFF				N	N	wave7 partial	2026-07-31	2026-07-31	from hung-batch log live batch probe 2026-07-31 (0.0s)
DIMENSION_OFFSET	keyin_recipe	verified-headless-safe	KEYIN:DIMENSION OFFSET {offset}				N	N	wave7 partial	2026-07-31	2026-07-31	from hung-batch log live batch probe 2026-07-31 (0.0s)
DIMENSION_SYMMETRICAL_ON	keyin_recipe	verified-headless-safe	KEYIN:DIMENSION SYMMETRICAL ON				N	N	wave7 partial	2026-07-31	2026-07-31	from hung-batch log live batch probe 2026-07-31 (0.0s)
DIMENSION_SYMMETRICAL_OFF	keyin_recipe	verified-headless-safe	KEYIN:DIMENSION SYMMETRICAL OFF				N	N	wave7 partial	2026-07-31	2026-07-31	from hung-batch log live batch probe 2026-07-31 (0.0s)
DIMENSION_TEXT_HEIGHT	keyin_recipe	verified-headless-safe	KEYIN:DIMENSION TEXT HEIGHT {height}				N	N	wave7 partial	2026-07-31	2026-07-31	from hung-batch log live batch probe 2026-07-31 (0.0s)
DIMENSION_FONT	keyin_recipe	verified-headless-safe	KEYIN:DIMENSION FONT {font}				N	N	wave7 partial	2026-07-31	2026-07-31	from hung-batch log live batch probe 2026-07-31 (0.0s)
DIMSTYLE_SHOWSECONDARYUNITS_ON	keyin_recipe	verified-headless-safe	KEYIN:DIMENSION STYLE SETTINGS SHOWSECONDARYUNITS ON				N	N	wave7 partial	2026-07-31	2026-07-31	from hung-batch log live batch probe 2026-07-31 (0.0s)
DIMSTYLE_SHOWSECONDARYUNITS_OFF	keyin_recipe	verified-headless-safe	KEYIN:DIMENSION STYLE SETTINGS SHOWSECONDARYUNITS OFF				N	N	wave7 partial	2026-07-31	2026-07-31	from hung-batch log live batch probe 2026-07-31 (0.0s)
DIMSTYLE_SHOWPRIMARYUNITS_ON	keyin_recipe	verified-headless-safe	KEYIN:DIMENSION STYLE SETTINGS SHOWPRIMARYUNITS ON				N	N	wave7 partial	2026-07-31	2026-07-31	from hung-batch log live batch probe 2026-07-31 (0.0s)
DIMSTYLE_SHOWPRIMARYUNITS_OFF	keyin_recipe	verified-headless-safe	KEYIN:DIMENSION STYLE SETTINGS SHOWPRIMARYUNITS OFF				N	N	wave7 partial	2026-07-31	2026-07-31	from hung-batch log live batch probe 2026-07-31 (0.0s)
ACTIVE_DIMENSION_LEVEL	keyin_recipe	verified-headless-safe	KEYIN:ACTIVE DIMENSION LEVEL {level}				N	N	wave7 partial	2026-07-31	2026-07-31	from hung-batch log live batch probe 2026-07-31 (0.0s)
DIMENSION_ARROW_SIZE	keyin_recipe	verified-headless-safe	KEYIN:DIMENSION ARROW SIZE {size}				N	N	wave7 partial	2026-07-31	2026-07-31	from hung-batch log live batch probe 2026-07-31 (0.0s)
ACTIVE_TXUNDERLINE_ON	keyin_recipe	verified-headless-safe	KEYIN:ACTIVE TXUNDERLINE ON				N	N	wave7 partial	2026-07-31	2026-07-31	from hung-batch log live batch probe 2026-07-31 (0.0s)
ACTIVE_TXOVERLINE_ON	keyin_recipe	verified-headless-safe	KEYIN:ACTIVE TXOVERLINE ON				N	N	wave7 partial	2026-07-31	2026-07-31	from hung-batch log live batch probe 2026-07-31 (0.0s)
ACTIVE_TXFRACTIONS_ON	keyin_recipe	verified-headless-safe	KEYIN:ACTIVE TXFRACTIONS ON				N	N	wave7 partial	2026-07-31	2026-07-31	from hung-batch log live batch probe 2026-07-31 (0.0s)
TEXT_JUSTIFICATION_TOP	keyin_recipe	verified-headless-safe	KEYIN:TEXT JUSTIFICATION TOP				N	N	wave7 partial	2026-07-31	2026-07-31	from hung-batch log live batch probe 2026-07-31 (0.0s)
TEXT_JUSTIFICATION_BOTTOM	keyin_recipe	verified-headless-safe	KEYIN:TEXT JUSTIFICATION BOTTOM				N	N	wave7 partial	2026-07-31	2026-07-31	from hung-batch log live batch probe 2026-07-31 (0.0s)
TEXT_JUSTIFICATION_MIDDLE	keyin_recipe	verified-headless-safe	KEYIN:TEXT JUSTIFICATION MIDDLE				N	N	wave7 partial	2026-07-31	2026-07-31	from hung-batch log live batch probe 2026-07-31 (0.0s)
TEXT_JUSTIFICATION_FULL	keyin_recipe	verified-headless-safe	KEYIN:TEXT JUSTIFICATION FULL				N	N	wave7 partial	2026-07-31	2026-07-31	from hung-batch log live batch probe 2026-07-31 (0.0s)
TEXT_NODE_JUSTIFICATION_TOP	keyin_recipe	verified-headless-safe	KEYIN:TEXT NODE JUSTIFICATION TOP				N	N	wave7 partial	2026-07-31	2026-07-31	from hung-batch log live batch probe 2026-07-31 (0.0s)
TEXT_NODE_JUSTIFICATION_BOTTOM	keyin_recipe	verified-headless-safe	KEYIN:TEXT NODE JUSTIFICATION BOTTOM				N	N	wave7 partial	2026-07-31	2026-07-31	from hung-batch log live batch probe 2026-07-31 (0.0s)
TEXT_NODE_JUSTIFICATION_MIDDLE	keyin_recipe	verified-headless-safe	KEYIN:TEXT NODE JUSTIFICATION MIDDLE				N	N	wave7 partial	2026-07-31	2026-07-31	from hung-batch log live batch probe 2026-07-31 (0.0s)
TEXT_UNDERLINE_ON	keyin_recipe	verified-headless-safe	KEYIN:TEXT UNDERLINE ON				N	N	wave7 partial	2026-07-31	2026-07-31	from hung-batch log live batch probe 2026-07-31 (0.0s)
TEXT_UNDERLINE_OFF	keyin_recipe	verified-headless-safe	KEYIN:TEXT UNDERLINE OFF				N	N	wave7 partial	2026-07-31	2026-07-31	from hung-batch log live batch probe 2026-07-31 (0.0s)
TEXT_OVERLINE_ON	keyin_recipe	verified-headless-safe	KEYIN:TEXT OVERLINE ON				N	N	wave7 partial	2026-07-31	2026-07-31	from hung-batch log live batch probe 2026-07-31 (0.0s)
TEXT_OVERLINE_OFF	keyin_recipe	verified-headless-safe	KEYIN:TEXT OVERLINE OFF				N	N	wave7 partial	2026-07-31	2026-07-31	from hung-batch log live batch probe 2026-07-31 (0.0s)
TEXT_FRACTION_ON	keyin_recipe	verified-headless-safe	KEYIN:TEXT FRACTION ON				N	N	wave7 partial	2026-07-31	2026-07-31	from hung-batch log live batch probe 2026-07-31 (0.0s)
TEXT_FRACTION_OFF	keyin_recipe	verified-headless-safe	KEYIN:TEXT FRACTION OFF				N	N	wave7 partial	2026-07-31	2026-07-31	from hung-batch log live batch probe 2026-07-31 (0.0s)
TEXT_ROTATE	keyin_recipe	verified-headless-safe	KEYIN:TEXT ROTATE {angleDeg}				N	N	wave7 partial	2026-07-31	2026-07-31	from hung-batch log live batch probe 2026-07-31 (0.0s)
ACTIVE_TXROTATION	keyin_recipe	verified-headless-safe	KEYIN:ACTIVE TXROTATION {angleDeg}				N	N	wave7 partial	2026-07-31	2026-07-31	from hung-batch log live batch probe 2026-07-31 (0.0s)
ACTIVE_TXLINESPACING	keyin_recipe	verified-headless-safe	KEYIN:ACTIVE TXLINESPACING {spacing}				N	N	wave7 partial	2026-07-31	2026-07-31	from hung-batch log live batch probe 2026-07-31 (0.0s)
ACTIVE_TXINTERCHARSPACING	keyin_recipe	verified-headless-safe	KEYIN:ACTIVE TXINTERCHARSPACING {spacing}				N	N	wave7 partial	2026-07-31	2026-07-31	from hung-batch log live batch probe 2026-07-31 (0.0s)
TEXT_STYLE_APPLY	keyin_recipe	verified-headless-safe	KEYIN:TEXT STYLE APPLY				N	N	wave7 partial	2026-07-31	2026-07-31	from hung-batch log live batch probe 2026-07-31 (0.0s)
TEXT_STYLE_UPDATE	keyin_recipe	verified-headless-safe	KEYIN:TEXT STYLE UPDATE				N	N	wave7 partial	2026-07-31	2026-07-31	from hung-batch log live batch probe 2026-07-31 (0.0s)
TT_EQ	keyin_recipe	verified-headless-safe	KEYIN:TT={styleName}				N	N	wave7 partial	2026-07-31	2026-07-31	from hung-batch log live batch probe 2026-07-31 (0.0s)
TJ_EQ	keyin_recipe	verified-headless-safe	KEYIN:TJ={justification}				N	N	wave7 partial	2026-07-31	2026-07-31	from hung-batch log live batch probe 2026-07-31 (0.0s)
TEXT_EDITOR_JUSTIFICATION_LEFT	keyin_recipe	verified-headless-safe	KEYIN:TEXT EDITOR JUSTIFICATION LEFT				N	N	wave7 partial	2026-07-31	2026-07-31	from hung-batch log live batch probe 2026-07-31 (0.0s)
LEADER_ARROW_ON	keyin_recipe	verified-headless-safe	KEYIN:LEADER ARROW ON				N	N	wave7 partial	2026-07-31	2026-07-31	from hung-batch log live batch probe 2026-07-31 (0.0s)
LEADER_ARROW_OFF	keyin_recipe	verified-headless-safe	KEYIN:LEADER ARROW OFF				N	N	wave7 partial	2026-07-31	2026-07-31	from hung-batch log live batch probe 2026-07-31 (0.0s)
LEADER_DOGLEG_ON	keyin_recipe	verified-headless-safe	KEYIN:LEADER DOGLEG ON				N	N	wave7 partial	2026-07-31	2026-07-31	from hung-batch log live batch probe 2026-07-31 (0.0s)
LEADER_DOGLEG_OFF	keyin_recipe	verified-headless-safe	KEYIN:LEADER DOGLEG OFF				N	N	wave7 partial	2026-07-31	2026-07-31	from hung-batch log live batch probe 2026-07-31 (0.0s)
LEADER_HORIZONTAL_ON	keyin_recipe	verified-headless-safe	KEYIN:LEADER HORIZONTAL ON				N	N	wave7 partial	2026-07-31	2026-07-31	from hung-batch log live batch probe 2026-07-31 (0.0s)
LEADER_HORIZONTAL_OFF	keyin_recipe	verified-headless-safe	KEYIN:LEADER HORIZONTAL OFF				N	N	wave7 partial	2026-07-31	2026-07-31	from hung-batch log live batch probe 2026-07-31 (0.0s)
NOTE_FRAME_ON	keyin_recipe	verified-headless-safe	KEYIN:NOTE FRAME ON				N	N	wave7 partial	2026-07-31	2026-07-31	from hung-batch log live batch probe 2026-07-31 (0.0s)
NOTE_FRAME_OFF	keyin_recipe	verified-headless-safe	KEYIN:NOTE FRAME OFF				N	N	wave7 partial	2026-07-31	2026-07-31	from hung-batch log live batch probe 2026-07-31 (0.0s)
NOTE_JUSTIFICATION_LEFT	keyin_recipe	verified-headless-safe	KEYIN:NOTE JUSTIFICATION LEFT				N	N	wave7 partial	2026-07-31	2026-07-31	from hung-batch log live batch probe 2026-07-31 (0.0s)
ACTIVE_CELL_ZSCALE	keyin_recipe	verified-headless-safe	KEYIN:ACTIVE CELL ZSCALE {scale}				N	N	wave7 partial	2026-07-31	2026-07-31	from hung-batch log live batch probe 2026-07-31 (0.0s)
CELL_TRUE_SCALE_ON	keyin_recipe	verified-headless-safe	KEYIN:CELL TRUE SCALE ON				N	N	wave7 partial	2026-07-31	2026-07-31	from hung-batch log live batch probe 2026-07-31 (0.0s)
CELL_TRUE_SCALE_OFF	keyin_recipe	verified-headless-safe	KEYIN:CELL TRUE SCALE OFF				N	N	wave7 partial	2026-07-31	2026-07-31	from hung-batch log live batch probe 2026-07-31 (0.0s)
PLACE_AS_SHARED_CELL_ON	keyin_recipe	verified-headless-safe	KEYIN:PLACE AS SHARED CELL ON				N	N	wave7 partial	2026-07-31	2026-07-31	from hung-batch log live batch probe 2026-07-31 (0.0s)
PLACE_AS_SHARED_CELL_OFF	keyin_recipe	verified-headless-safe	KEYIN:PLACE AS SHARED CELL OFF				N	N	wave7 partial	2026-07-31	2026-07-31	from hung-batch log live batch probe 2026-07-31 (0.0s)
CELL_INTERACTIVE_ON	keyin_recipe	verified-headless-safe	KEYIN:CELL INTERACTIVE ON				N	N	wave7 partial	2026-07-31	2026-07-31	from hung-batch log live batch probe 2026-07-31 (0.0s)
CELL_INTERACTIVE_OFF	keyin_recipe	verified-headless-safe	KEYIN:CELL INTERACTIVE OFF				N	N	wave7 partial	2026-07-31	2026-07-31	from hung-batch log live batch probe 2026-07-31 (0.0s)
ACTIVE_CELL_RELATIVE_ON	keyin_recipe	verified-headless-safe	KEYIN:ACTIVE CELL RELATIVE ON				N	N	wave7 partial	2026-07-31	2026-07-31	from hung-batch log live batch probe 2026-07-31 (0.0s)
MEASURE_ELEMENT	keyin_recipe	unsafe-blocked	COMMAND:MEASURE ELEMENT				N	N	wave7 partial	2026-07-31		from hung-batch log batch probe 2026-07-31: kind=tool, not promotable
MEASURE_LOCATION	keyin_recipe	unsafe-blocked	COMMAND:MEASURE LOCATION				N	N	wave7 partial	2026-07-31		from hung-batch log batch probe 2026-07-31: kind=tool, not promotable
DIALOG_DIMENSIONSTYLE	keyin_recipe	unsafe-blocked	KEYIN:DIALOG DIMENSIONSTYLE				N	N	wave7 partial	2026-07-31		from hung-batch log batch probe 2026-07-31: kind=dialog, not promotable
DIALOG_TEXTSTYLE	keyin_recipe	unsafe-blocked	KEYIN:DIALOG TEXTSTYLE				N	N	wave7 partial	2026-07-31		from hung-batch log batch probe 2026-07-31: kind=dialog, not promotable
PLACE_LEADER	keyin_recipe	unsafe-blocked	COMMAND:PLACE LEADER				N	N	wave7 partial	2026-07-31		from hung-batch log batch probe 2026-07-31: kind=tool, not promotable
TEXTEDITOR_PLACE_TEXT	keyin_recipe	unsafe-blocked	COMMAND:TEXTEDITOR PLACE TEXT				N	N	wave7 partial	2026-07-31		from hung-batch log batch probe 2026-07-31: kind=tool, not promotable
DIALOG_MEASURE	keyin_recipe	unsafe-blocked	KEYIN:DIALOG MEASURE				N	N	wave7 partial	2026-07-31		from hung-batch log batch probe 2026-07-31: kind=dialog, not promotable
SET_SOLIDS_ON	keyin_recipe	verified-headless-safe	KEYIN:SET SOLIDS ON				N	N	wave7 partial	2026-07-31	2026-07-31	from hung-batch log live batch probe 2026-07-31 (0.0s)
SET_SOLIDS_OFF	keyin_recipe	verified-headless-safe	KEYIN:SET SOLIDS OFF				N	N	wave7 partial	2026-07-31	2026-07-31	from hung-batch log live batch probe 2026-07-31 (0.0s)
SET_SURFACES_ON	keyin_recipe	verified-headless-safe	KEYIN:SET SURFACES ON				N	N	wave7 partial	2026-07-31	2026-07-31	from hung-batch log live batch probe 2026-07-31 (0.0s)
SET_SURFACES_OFF	keyin_recipe	verified-headless-safe	KEYIN:SET SURFACES OFF				N	N	wave7 partial	2026-07-31	2026-07-31	from hung-batch log live batch probe 2026-07-31 (0.0s)
SET_MESHES_ON	keyin_recipe	verified-headless-safe	KEYIN:SET MESHES ON				N	N	wave7 partial	2026-07-31	2026-07-31	from hung-batch log live batch probe 2026-07-31 (0.0s)
SET_MESHES_OFF	keyin_recipe	verified-headless-safe	KEYIN:SET MESHES OFF				N	N	wave7 partial	2026-07-31	2026-07-31	from hung-batch log live batch probe 2026-07-31 (0.0s)
SOLID_DISPLAY_ON	keyin_recipe	verified-headless-safe	KEYIN:SOLID DISPLAY ON				N	N	wave7 partial	2026-07-31	2026-07-31	from hung-batch log live batch probe 2026-07-31 (0.0s)
SOLID_DISPLAY_OFF	keyin_recipe	verified-headless-safe	KEYIN:SOLID DISPLAY OFF				N	N	wave7 partial	2026-07-31	2026-07-31	from hung-batch log live batch probe 2026-07-31 (0.0s)
SURFACE_DISPLAY_ON	keyin_recipe	verified-headless-safe	KEYIN:SURFACE DISPLAY ON				N	N	wave7 partial	2026-07-31	2026-07-31	from hung-batch log live batch probe 2026-07-31 (0.0s)
SURFACE_DISPLAY_OFF	keyin_recipe	verified-headless-safe	KEYIN:SURFACE DISPLAY OFF				N	N	wave7 partial	2026-07-31	2026-07-31	from hung-batch log live batch probe 2026-07-31 (0.0s)
MESH_DISPLAY_ON	keyin_recipe	verified-headless-safe	KEYIN:MESH DISPLAY ON				N	N	wave7 partial	2026-07-31	2026-07-31	from hung-batch log live batch probe 2026-07-31 (0.0s)
MESH_DISPLAY_OFF	keyin_recipe	verified-headless-safe	KEYIN:MESH DISPLAY OFF				N	N	wave7 partial	2026-07-31	2026-07-31	from hung-batch log live batch probe 2026-07-31 (0.0s)
SMARTSOLID_ON	keyin_recipe	verified-headless-safe	KEYIN:SMARTSOLID ON				N	N	wave7 partial	2026-07-31	2026-07-31	from hung-batch log live batch probe 2026-07-31 (0.0s)
SMARTSOLID_OFF	keyin_recipe	verified-headless-safe	KEYIN:SMARTSOLID OFF				N	N	wave7 partial	2026-07-31	2026-07-31	from hung-batch log live batch probe 2026-07-31 (0.0s)
SET_SMARTSOLID_ON	keyin_recipe	verified-headless-safe	KEYIN:SET SMARTSOLID ON				N	N	wave7 partial	2026-07-31	2026-07-31	from hung-batch log live batch probe 2026-07-31 (0.0s)
SET_SMARTSOLID_OFF	keyin_recipe	verified-headless-safe	KEYIN:SET SMARTSOLID OFF				N	N	wave7 partial	2026-07-31	2026-07-31	from hung-batch log live batch probe 2026-07-31 (0.0s)
SMART_SOLID_ON	keyin_recipe	verified-headless-safe	KEYIN:SMART SOLID ON				N	N	wave7 partial	2026-07-31	2026-07-31	from hung-batch log live batch probe 2026-07-31 (0.0s)
SMART_SOLID_OFF	keyin_recipe	verified-headless-safe	KEYIN:SMART SOLID OFF				N	N	wave7 partial	2026-07-31	2026-07-31	from hung-batch log live batch probe 2026-07-31 (0.0s)
BREP_ON	keyin_recipe	verified-headless-safe	KEYIN:BREP ON				N	N	wave7 partial	2026-07-31	2026-07-31	from hung-batch log live batch probe 2026-07-31 (0.0s)
BREP_OFF	keyin_recipe	verified-headless-safe	KEYIN:BREP OFF				N	N	wave7 partial	2026-07-31	2026-07-31	from hung-batch log live batch probe 2026-07-31 (0.0s)
SET_BREP_ON	keyin_recipe	verified-headless-safe	KEYIN:SET BREP ON				N	N	wave7 partial	2026-07-31	2026-07-31	from hung-batch log live batch probe 2026-07-31 (0.0s)
SET_BREP_OFF	keyin_recipe	verified-headless-safe	KEYIN:SET BREP OFF				N	N	wave7 partial	2026-07-31	2026-07-31	from hung-batch log live batch probe 2026-07-31 (0.0s)
POLYFACE_ON	keyin_recipe	verified-headless-safe	KEYIN:POLYFACE ON				N	N	wave7 partial	2026-07-31	2026-07-31	from hung-batch log live batch probe 2026-07-31 (0.0s)
POLYFACE_OFF	keyin_recipe	verified-headless-safe	KEYIN:POLYFACE OFF				N	N	wave7 partial	2026-07-31	2026-07-31	from hung-batch log live batch probe 2026-07-31 (0.0s)
SET_POLYFACE_ON	keyin_recipe	verified-headless-safe	KEYIN:SET POLYFACE ON				N	N	wave7 partial	2026-07-31	2026-07-31	from hung-batch log live batch probe 2026-07-31 (0.0s)
SET_POLYFACE_OFF	keyin_recipe	verified-headless-safe	KEYIN:SET POLYFACE OFF				N	N	wave7 partial	2026-07-31	2026-07-31	from hung-batch log live batch probe 2026-07-31 (0.0s)
SOLID_EDGES_ON	keyin_recipe	verified-headless-safe	KEYIN:SOLID EDGES ON				N	N	wave7 partial	2026-07-31	2026-07-31	from hung-batch log live batch probe 2026-07-31 (0.0s)
SOLID_EDGES_OFF	keyin_recipe	verified-headless-safe	KEYIN:SOLID EDGES OFF				N	N	wave7 partial	2026-07-31	2026-07-31	from hung-batch log live batch probe 2026-07-31 (0.0s)
SURFACE_EDGES_ON	keyin_recipe	verified-headless-safe	KEYIN:SURFACE EDGES ON				N	N	wave7 partial	2026-07-31	2026-07-31	from hung-batch log live batch probe 2026-07-31 (0.0s)
SURFACE_EDGES_OFF	keyin_recipe	verified-headless-safe	KEYIN:SURFACE EDGES OFF				N	N	wave7 partial	2026-07-31	2026-07-31	from hung-batch log live batch probe 2026-07-31 (0.0s)
MESH_EDGES_ON	keyin_recipe	verified-headless-safe	KEYIN:MESH EDGES ON				N	N	wave7 partial	2026-07-31	2026-07-31	from hung-batch log live batch probe 2026-07-31 (0.0s)
MESH_EDGES_OFF	keyin_recipe	verified-headless-safe	KEYIN:MESH EDGES OFF				N	N	wave7 partial	2026-07-31	2026-07-31	from hung-batch log live batch probe 2026-07-31 (0.0s)
SET_SOLID_EDGES_ON	keyin_recipe	verified-headless-safe	KEYIN:SET SOLID EDGES ON				N	N	wave7 partial	2026-07-31	2026-07-31	from hung-batch log live batch probe 2026-07-31 (0.0s)
SET_SOLID_EDGES_OFF	keyin_recipe	verified-headless-safe	KEYIN:SET SOLID EDGES OFF				N	N	wave7 partial	2026-07-31	2026-07-31	from hung-batch log live batch probe 2026-07-31 (0.0s)
SOLID_FACES_ON	keyin_recipe	verified-headless-safe	KEYIN:SOLID FACES ON				N	N	wave7 partial	2026-07-31	2026-07-31	from hung-batch log live batch probe 2026-07-31 (0.0s)
SOLID_FACES_OFF	keyin_recipe	verified-headless-safe	KEYIN:SOLID FACES OFF				N	N	wave7 partial	2026-07-31	2026-07-31	from hung-batch log live batch probe 2026-07-31 (0.0s)
SURFACE_FACES_ON	keyin_recipe	verified-headless-safe	KEYIN:SURFACE FACES ON				N	N	wave7 partial	2026-07-31	2026-07-31	from hung-batch log live batch probe 2026-07-31 (0.0s)
SURFACE_FACES_OFF	keyin_recipe	verified-headless-safe	KEYIN:SURFACE FACES OFF				N	N	wave7 partial	2026-07-31	2026-07-31	from hung-batch log live batch probe 2026-07-31 (0.0s)
FEATURE_DISPLAY_ON	keyin_recipe	verified-headless-safe	KEYIN:FEATURE DISPLAY ON				N	N	wave7 partial	2026-07-31	2026-07-31	from hung-batch log live batch probe 2026-07-31 (0.0s)
FEATURE_DISPLAY_OFF	keyin_recipe	verified-headless-safe	KEYIN:FEATURE DISPLAY OFF				N	N	wave7 partial	2026-07-31	2026-07-31	from hung-batch log live batch probe 2026-07-31 (0.0s)
SET_FEATURE_DISPLAY_ON	keyin_recipe	verified-headless-safe	KEYIN:SET FEATURE DISPLAY ON				N	N	wave7 partial	2026-07-31	2026-07-31	from hung-batch log live batch probe 2026-07-31 (0.0s)
SET_FEATURE_DISPLAY_OFF	keyin_recipe	verified-headless-safe	KEYIN:SET FEATURE DISPLAY OFF				N	N	wave7 partial	2026-07-31	2026-07-31	from hung-batch log live batch probe 2026-07-31 (0.0s)
FEATURE_ICONS_ON	keyin_recipe	verified-headless-safe	KEYIN:FEATURE ICONS ON				N	N	wave7 partial	2026-07-31	2026-07-31	from hung-batch log live batch probe 2026-07-31 (0.0s)
FEATURE_ICONS_OFF	keyin_recipe	verified-headless-safe	KEYIN:FEATURE ICONS OFF				N	N	wave7 partial	2026-07-31	2026-07-31	from hung-batch log live batch probe 2026-07-31 (0.0s)
SET_FEATURE_ICONS_ON	keyin_recipe	verified-headless-safe	KEYIN:SET FEATURE ICONS ON				N	N	wave7 partial	2026-07-31	2026-07-31	from hung-batch log live batch probe 2026-07-31 (0.0s)
SET_FEATURE_ICONS_OFF	keyin_recipe	verified-headless-safe	KEYIN:SET FEATURE ICONS OFF				N	N	wave7 partial	2026-07-31	2026-07-31	from hung-batch log live batch probe 2026-07-31 (0.0s)
FEATURE_INPUTS_ON	keyin_recipe	verified-headless-safe	KEYIN:FEATURE INPUTS ON				N	N	wave7 partial	2026-07-31	2026-07-31	from hung-batch log live batch probe 2026-07-31 (0.0s)
FEATURE_INPUTS_OFF	keyin_recipe	verified-headless-safe	KEYIN:FEATURE INPUTS OFF				N	N	wave7 partial	2026-07-31	2026-07-31	from hung-batch log live batch probe 2026-07-31 (0.0s)
SET_FEATURE_INPUTS_ON	keyin_recipe	verified-headless-safe	KEYIN:SET FEATURE INPUTS ON				N	N	wave7 partial	2026-07-31	2026-07-31	from hung-batch log live batch probe 2026-07-31 (0.0s)
SET_FEATURE_INPUTS_OFF	keyin_recipe	verified-headless-safe	KEYIN:SET FEATURE INPUTS OFF				N	N	wave7 partial	2026-07-31	2026-07-31	from hung-batch log live batch probe 2026-07-31 (0.0s)
FEATURE_PROFILES_ON	keyin_recipe	verified-headless-safe	KEYIN:FEATURE PROFILES ON				N	N	wave7 partial	2026-07-31	2026-07-31	from hung-batch log live batch probe 2026-07-31 (0.0s)
FEATURE_PROFILES_OFF	keyin_recipe	verified-headless-safe	KEYIN:FEATURE PROFILES OFF				N	N	wave7 partial	2026-07-31	2026-07-31	from hung-batch log live batch probe 2026-07-31 (0.0s)
SET_FEATURE_PROFILES_ON	keyin_recipe	verified-headless-safe	KEYIN:SET FEATURE PROFILES ON				N	N	wave7 partial	2026-07-31	2026-07-31	from hung-batch log live batch probe 2026-07-31 (0.0s)
SET_FEATURE_PROFILES_OFF	keyin_recipe	verified-headless-safe	KEYIN:SET FEATURE PROFILES OFF				N	N	wave7 partial	2026-07-31	2026-07-31	from hung-batch log live batch probe 2026-07-31 (0.0s)
PARAMETRIC_FEATURES_ON	keyin_recipe	verified-headless-safe	KEYIN:PARAMETRIC FEATURES ON				N	N	wave7 partial	2026-07-31	2026-07-31	from hung-batch log live batch probe 2026-07-31 (0.0s)
PARAMETRIC_FEATURES_OFF	keyin_recipe	verified-headless-safe	KEYIN:PARAMETRIC FEATURES OFF				N	N	wave7 partial	2026-07-31	2026-07-31	from hung-batch log live batch probe 2026-07-31 (0.0s)
SET_PARAMETRIC_FEATURES_ON	keyin_recipe	verified-headless-safe	KEYIN:SET PARAMETRIC FEATURES ON				N	N	wave7 partial	2026-07-31	2026-07-31	from hung-batch log live batch probe 2026-07-31 (0.0s)
SET_PARAMETRIC_FEATURES_OFF	keyin_recipe	verified-headless-safe	KEYIN:SET PARAMETRIC FEATURES OFF				N	N	wave7 partial	2026-07-31	2026-07-31	from hung-batch log live batch probe 2026-07-31 (0.0s)
SOURCE_FEATURES_DISPLAY_ON	keyin_recipe	verified-headless-safe	KEYIN:SOURCE FEATURES DISPLAY ON				N	N	wave7 partial	2026-07-31	2026-07-31	from hung-batch log live batch probe 2026-07-31 (0.0s)
SOURCE_FEATURES_DISPLAY_OFF	keyin_recipe	verified-headless-safe	KEYIN:SOURCE FEATURES DISPLAY OFF				N	N	wave7 partial	2026-07-31	2026-07-31	from hung-batch log live batch probe 2026-07-31 (0.0s)
CALCULATED_FEATURES_DISPLAY_ON	keyin_recipe	verified-headless-safe	KEYIN:CALCULATED FEATURES DISPLAY ON				N	N	wave7 partial	2026-07-31	2026-07-31	from hung-batch log live batch probe 2026-07-31 (0.0s)
CALCULATED_FEATURES_DISPLAY_OFF	keyin_recipe	verified-headless-safe	KEYIN:CALCULATED FEATURES DISPLAY OFF				N	N	wave7 partial	2026-07-31	2026-07-31	from hung-batch log live batch probe 2026-07-31 (0.0s)
FEATURE_SUPPRESSION_ON	keyin_recipe	verified-headless-safe	KEYIN:FEATURE SUPPRESSION ON				N	N	wave7 partial	2026-07-31	2026-07-31	from hung-batch log live batch probe 2026-07-31 (0.0s)
FEATURE_SUPPRESSION_OFF	keyin_recipe	verified-headless-safe	KEYIN:FEATURE SUPPRESSION OFF				N	N	wave7 partial	2026-07-31	2026-07-31	from hung-batch log live batch probe 2026-07-31 (0.0s)
FEATURE_GEOMETRY_ON	keyin_recipe	verified-headless-safe	KEYIN:FEATURE GEOMETRY ON				N	N	wave7 partial	2026-07-31	2026-07-31	from hung-batch log live batch probe 2026-07-31 (0.0s)
FEATURE_GEOMETRY_OFF	keyin_recipe	verified-headless-safe	KEYIN:FEATURE GEOMETRY OFF				N	N	wave7 partial	2026-07-31	2026-07-31	from hung-batch log live batch probe 2026-07-31 (0.0s)
FEATURE_LABELS_ON	keyin_recipe	verified-headless-safe	KEYIN:FEATURE LABELS ON				N	N	wave7 partial	2026-07-31	2026-07-31	from hung-batch log live batch probe 2026-07-31 (0.0s)
FEATURE_LABELS_OFF	keyin_recipe	verified-headless-safe	KEYIN:FEATURE LABELS OFF				N	N	wave7 partial	2026-07-31	2026-07-31	from hung-batch log live batch probe 2026-07-31 (0.0s)
ACTIVE_EXTRUDE_DISTANCE	keyin_recipe	verified-headless-safe	KEYIN:ACTIVE EXTRUDE DISTANCE {distance}				N	N	wave7 partial	2026-07-31	2026-07-31	from hung-batch log live batch probe 2026-07-31 (0.0s)
ACTIVE_EXTRUDE_THICKNESS	keyin_recipe	verified-headless-safe	KEYIN:ACTIVE EXTRUDE THICKNESS {thickness}				N	N	wave7 partial	2026-07-31	2026-07-31	from hung-batch log live batch probe 2026-07-31 (0.0s)
ACTIVE_EXTRUDE_DRAFT_ANGLE	keyin_recipe	verified-headless-safe	KEYIN:ACTIVE EXTRUDE DRAFT ANGLE {angle}				N	N	wave7 partial	2026-07-31	2026-07-31	from hung-batch log live batch probe 2026-07-31 (0.0s)
ACTIVE_PROJECTION_DISTANCE	keyin_recipe	verified-headless-safe	KEYIN:ACTIVE PROJECTION DISTANCE {distance}				N	N	wave7 partial	2026-07-31	2026-07-31	from hung-batch log live batch probe 2026-07-31 (0.0s)
ACTIVE_THICKNESS	keyin_recipe	verified-headless-safe	KEYIN:ACTIVE THICKNESS {thickness}				N	N	wave7 partial	2026-07-31	2026-07-31	from hung-batch log live batch probe 2026-07-31 (0.0s)
ACTIVE_DRAFT_ANGLE	keyin_recipe	verified-headless-safe	KEYIN:ACTIVE DRAFT ANGLE {angle}				N	N	wave7 partial	2026-07-31	2026-07-31	from hung-batch log live batch probe 2026-07-31 (0.0s)
EXTRUDE_KEEP_ORIGINAL_ON	keyin_recipe	verified-headless-safe	KEYIN:EXTRUDE KEEP ORIGINAL ON				N	N	wave7 partial	2026-07-31	2026-07-31	from hung-batch log live batch probe 2026-07-31 (0.0s)
EXTRUDE_KEEP_ORIGINAL_OFF	keyin_recipe	verified-headless-safe	KEYIN:EXTRUDE KEEP ORIGINAL OFF				N	N	wave7 partial	2026-07-31	2026-07-31	from hung-batch log live batch probe 2026-07-31 (0.0s)
EXTRUDE_PARAMETRIC_ON	keyin_recipe	verified-headless-safe	KEYIN:EXTRUDE PARAMETRIC ON				N	N	wave7 partial	2026-07-31	2026-07-31	from hung-batch log live batch probe 2026-07-31 (0.0s)
EXTRUDE_PARAMETRIC_OFF	keyin_recipe	verified-headless-safe	KEYIN:EXTRUDE PARAMETRIC OFF				N	N	wave7 partial	2026-07-31	2026-07-31	from hung-batch log live batch probe 2026-07-31 (0.0s)
EXTRUDE_ORTHOGONAL_ON	keyin_recipe	verified-headless-safe	KEYIN:EXTRUDE ORTHOGONAL ON				N	N	wave7 partial	2026-07-31	2026-07-31	from hung-batch log live batch probe 2026-07-31 (0.0s)
EXTRUDE_ORTHOGONAL_OFF	keyin_recipe	verified-headless-safe	KEYIN:EXTRUDE ORTHOGONAL OFF				N	N	wave7 partial	2026-07-31	2026-07-31	from hung-batch log live batch probe 2026-07-31 (0.0s)
EXTRUDE_BOTH_DIRECTIONS_ON	keyin_recipe	verified-headless-safe	KEYIN:EXTRUDE BOTH DIRECTIONS ON				N	N	wave7 partial	2026-07-31	2026-07-31	from hung-batch log live batch probe 2026-07-31 (0.0s)
EXTRUDE_BOTH_DIRECTIONS_OFF	keyin_recipe	verified-headless-safe	KEYIN:EXTRUDE BOTH DIRECTIONS OFF				N	N	wave7 partial	2026-07-31	2026-07-31	from hung-batch log live batch probe 2026-07-31 (0.0s)
BOOLEAN_PARAMETRIC_ON	keyin_recipe	verified-headless-safe	KEYIN:BOOLEAN PARAMETRIC ON				N	N	wave7 partial	2026-07-31	2026-07-31	from hung-batch log live batch probe 2026-07-31 (0.0s)
BOOLEAN_PARAMETRIC_OFF	keyin_recipe	verified-headless-safe	KEYIN:BOOLEAN PARAMETRIC OFF				N	N	wave7 partial	2026-07-31	2026-07-31	from hung-batch log live batch probe 2026-07-31 (0.0s)
BOOLEAN_KEEP_ORIGINAL_ON	keyin_recipe	verified-headless-safe	KEYIN:BOOLEAN KEEP ORIGINAL ON				N	N	wave7 partial	2026-07-31	2026-07-31	from hung-batch log live batch probe 2026-07-31 (0.0s)
BOOLEAN_KEEP_ORIGINAL_OFF	keyin_recipe	verified-headless-safe	KEYIN:BOOLEAN KEEP ORIGINAL OFF				N	N	wave7 partial	2026-07-31	2026-07-31	from hung-batch log live batch probe 2026-07-31 (0.0s)
SET_VARIABLES_ON	keyin_recipe	verified-headless-safe	KEYIN:SET VARIABLES ON				N	N	wave7 partial	2026-07-31	2026-07-31	from hung-batch log live batch probe 2026-07-31 (0.0s)
SET_VARIABLES_OFF	keyin_recipe	verified-headless-safe	KEYIN:SET VARIABLES OFF				N	N	wave7 partial	2026-07-31	2026-07-31	from hung-batch log live batch probe 2026-07-31 (0.0s)
SET_EXPRESSIONS_ON	keyin_recipe	verified-headless-safe	KEYIN:SET EXPRESSIONS ON				N	N	wave7 partial	2026-07-31	2026-07-31	from hung-batch log live batch probe 2026-07-31 (0.0s)
SET_EXPRESSIONS_OFF	keyin_recipe	verified-headless-safe	KEYIN:SET EXPRESSIONS OFF				N	N	wave7 partial	2026-07-31	2026-07-31	from hung-batch log live batch probe 2026-07-31 (0.0s)
SET_PARAMETRIC_ON	keyin_recipe	verified-headless-safe	KEYIN:SET PARAMETRIC ON				N	N	wave7 partial	2026-07-31	2026-07-31	from hung-batch log live batch probe 2026-07-31 (0.0s)
SET_PARAMETRIC_OFF	keyin_recipe	verified-headless-safe	KEYIN:SET PARAMETRIC OFF				N	N	wave7 partial	2026-07-31	2026-07-31	from hung-batch log live batch probe 2026-07-31 (0.0s)
CONSTRAINT_LABELS_ON	keyin_recipe	verified-headless-safe	KEYIN:CONSTRAINT LABELS ON				N	N	wave7 partial	2026-07-31	2026-07-31	from hung-batch log live batch probe 2026-07-31 (0.0s)
CONSTRAINT_LABELS_OFF	keyin_recipe	verified-headless-safe	KEYIN:CONSTRAINT LABELS OFF				N	N	wave7 partial	2026-07-31	2026-07-31	from hung-batch log live batch probe 2026-07-31 (0.0s)
VARIABLE_LABELS_ON	keyin_recipe	verified-headless-safe	KEYIN:VARIABLE LABELS ON				N	N	wave7 partial	2026-07-31	2026-07-31	from hung-batch log live batch probe 2026-07-31 (0.0s)
VARIABLE_LABELS_OFF	keyin_recipe	verified-headless-safe	KEYIN:VARIABLE LABELS OFF				N	N	wave7 partial	2026-07-31	2026-07-31	from hung-batch log live batch probe 2026-07-31 (0.0s)
EXPRESSION_LABELS_ON	keyin_recipe	verified-headless-safe	KEYIN:EXPRESSION LABELS ON				N	N	wave7 partial	2026-07-31	2026-07-31	from hung-batch log live batch probe 2026-07-31 (0.0s)
EXPRESSION_LABELS_OFF	keyin_recipe	verified-headless-safe	KEYIN:EXPRESSION LABELS OFF				N	N	wave7 partial	2026-07-31	2026-07-31	from hung-batch log live batch probe 2026-07-31 (0.0s)
CONSTRAINT_DIMENSIONS_ON	keyin_recipe	verified-headless-safe	KEYIN:CONSTRAINT DIMENSIONS ON				N	N	wave7 partial	2026-07-31	2026-07-31	from hung-batch log live batch probe 2026-07-31 (0.0s)
CONSTRAINT_DIMENSIONS_OFF	keyin_recipe	verified-headless-safe	KEYIN:CONSTRAINT DIMENSIONS OFF				N	N	wave7 partial	2026-07-31	2026-07-31	from hung-batch log live batch probe 2026-07-31 (0.0s)
VARIABLE_DISPLAY_ON	keyin_recipe	verified-headless-safe	KEYIN:VARIABLE DISPLAY ON				N	N	wave7 partial	2026-07-31	2026-07-31	from hung-batch log live batch probe 2026-07-31 (0.0s)
VARIABLE_DISPLAY_OFF	keyin_recipe	verified-headless-safe	KEYIN:VARIABLE DISPLAY OFF				N	N	wave7 partial	2026-07-31	2026-07-31	from hung-batch log live batch probe 2026-07-31 (0.0s)
EXPRESSION_DISPLAY_ON	keyin_recipe	verified-headless-safe	KEYIN:EXPRESSION DISPLAY ON				N	N	wave7 partial	2026-07-31	2026-07-31	from hung-batch log live batch probe 2026-07-31 (0.0s)
EXPRESSION_DISPLAY_OFF	keyin_recipe	verified-headless-safe	KEYIN:EXPRESSION DISPLAY OFF				N	N	wave7 partial	2026-07-31	2026-07-31	from hung-batch log live batch probe 2026-07-31 (0.0s)
LOCK_VARIABLES_ON	keyin_recipe	verified-headless-safe	KEYIN:LOCK VARIABLES ON				N	N	wave7 partial	2026-07-31	2026-07-31	from hung-batch log live batch probe 2026-07-31 (0.0s)
LOCK_VARIABLES_OFF	keyin_recipe	verified-headless-safe	KEYIN:LOCK VARIABLES OFF				N	N	wave7 partial	2026-07-31	2026-07-31	from hung-batch log live batch probe 2026-07-31 (0.0s)
LOCK_EXPRESSIONS_ON	keyin_recipe	verified-headless-safe	KEYIN:LOCK EXPRESSIONS ON				N	N	wave7 partial	2026-07-31	2026-07-31	from hung-batch log live batch probe 2026-07-31 (0.0s)
LOCK_EXPRESSIONS_OFF	keyin_recipe	verified-headless-safe	KEYIN:LOCK EXPRESSIONS OFF				N	N	wave7 partial	2026-07-31	2026-07-31	from hung-batch log live batch probe 2026-07-31 (0.0s)
DRIVEN_DIMENSIONS_ON	keyin_recipe	verified-headless-safe	KEYIN:DRIVEN DIMENSIONS ON				N	N	wave7 partial	2026-07-31	2026-07-31	from hung-batch log live batch probe 2026-07-31 (0.0s)
DRIVEN_DIMENSIONS_OFF	keyin_recipe	verified-headless-safe	KEYIN:DRIVEN DIMENSIONS OFF				N	N	wave7 partial	2026-07-31	2026-07-31	from hung-batch log live batch probe 2026-07-31 (0.0s)
GRAPHICGROUP_DISPLAY_ON	keyin_recipe	verified-headless-safe	KEYIN:GRAPHICGROUP DISPLAY ON				N	N	wave7 partial	2026-07-31	2026-07-31	from hung-batch log live batch probe 2026-07-31 (0.0s)
GRAPHICGROUP_DISPLAY_OFF	keyin_recipe	verified-headless-safe	KEYIN:GRAPHICGROUP DISPLAY OFF				N	N	wave7 partial	2026-07-31	2026-07-31	from hung-batch log live batch probe 2026-07-31 (0.0s)
GGROUP_DISPLAY_ON	keyin_recipe	verified-headless-safe	KEYIN:GGROUP DISPLAY ON				N	N	wave7 partial	2026-07-31	2026-07-31	from hung-batch log live batch probe 2026-07-31 (0.0s)
GGROUP_DISPLAY_OFF	keyin_recipe	verified-headless-safe	KEYIN:GGROUP DISPLAY OFF				N	N	wave7 partial	2026-07-31	2026-07-31	from hung-batch log live batch probe 2026-07-31 (0.0s)
SET_GRAPHICGROUP_ON	keyin_recipe	verified-headless-safe	KEYIN:SET GRAPHICGROUP ON				N	N	wave7 partial	2026-07-31	2026-07-31	from hung-batch log live batch probe 2026-07-31 (0.0s)
SET_GRAPHICGROUP_OFF	keyin_recipe	verified-headless-safe	KEYIN:SET GRAPHICGROUP OFF				N	N	wave7 partial	2026-07-31	2026-07-31	from hung-batch log live batch probe 2026-07-31 (0.0s)
GRAPHIC_GROUP_ON	keyin_recipe	verified-headless-safe	KEYIN:GRAPHIC GROUP ON				N	N	wave7 partial	2026-07-31	2026-07-31	from hung-batch log live batch probe 2026-07-31 (0.0s)
GRAPHIC_GROUP_OFF	keyin_recipe	verified-headless-safe	KEYIN:GRAPHIC GROUP OFF				N	N	wave7 partial	2026-07-31	2026-07-31	from hung-batch log live batch probe 2026-07-31 (0.0s)
SET_GROUP_ON	keyin_recipe	verified-headless-safe	KEYIN:SET GROUP ON				N	N	wave7 partial	2026-07-31	2026-07-31	from hung-batch log live batch probe 2026-07-31 (0.0s)
SET_GROUP_OFF	keyin_recipe	verified-headless-safe	KEYIN:SET GROUP OFF				N	N	wave7 partial	2026-07-31	2026-07-31	from hung-batch log live batch probe 2026-07-31 (0.0s)
SET_NAMEDGROUP_ON	keyin_recipe	verified-headless-safe	KEYIN:SET NAMEDGROUP ON				N	N	wave7 partial	2026-07-31	2026-07-31	from hung-batch log live batch probe 2026-07-31 (0.0s)
SET_NAMEDGROUP_OFF	keyin_recipe	verified-headless-safe	KEYIN:SET NAMEDGROUP OFF				N	N	wave7 partial	2026-07-31	2026-07-31	from hung-batch log live batch probe 2026-07-31 (0.0s)
NAMED_GROUP_DISPLAY_ON	keyin_recipe	verified-headless-safe	KEYIN:NAMED GROUP DISPLAY ON				N	N	wave7 partial	2026-07-31	2026-07-31	from hung-batch log live batch probe 2026-07-31 (0.0s)
NAMED_GROUP_DISPLAY_OFF	keyin_recipe	verified-headless-safe	KEYIN:NAMED GROUP DISPLAY OFF				N	N	wave7 partial	2026-07-31	2026-07-31	from hung-batch log live batch probe 2026-07-31 (0.0s)
GROUP_HIERARCHY_ON	keyin_recipe	verified-headless-safe	KEYIN:GROUP HIERARCHY ON				N	N	wave7 partial	2026-07-31	2026-07-31	from hung-batch log live batch probe 2026-07-31 (0.0s)
GROUP_HIERARCHY_OFF	keyin_recipe	verified-headless-safe	KEYIN:GROUP HIERARCHY OFF				N	N	wave7 partial	2026-07-31	2026-07-31	from hung-batch log live batch probe 2026-07-31 (0.0s)
COMPLEX_CHAIN_ON	keyin_recipe	verified-headless-safe	KEYIN:COMPLEX CHAIN ON				N	N	wave7 partial	2026-07-31	2026-07-31	from hung-batch log live batch probe 2026-07-31 (0.0s)
COMPLEX_CHAIN_OFF	keyin_recipe	verified-headless-safe	KEYIN:COMPLEX CHAIN OFF				N	N	wave7 partial	2026-07-31	2026-07-31	from hung-batch log live batch probe 2026-07-31 (0.0s)
COMPLEX_SHAPE_ON	keyin_recipe	verified-headless-safe	KEYIN:COMPLEX SHAPE ON				N	N	wave7 partial	2026-07-31	2026-07-31	from hung-batch log live batch probe 2026-07-31 (0.0s)
COMPLEX_SHAPE_OFF	keyin_recipe	verified-headless-safe	KEYIN:COMPLEX SHAPE OFF				N	N	wave7 partial	2026-07-31	2026-07-31	from hung-batch log live batch probe 2026-07-31 (0.0s)
SET_COMPLEX_CHAIN_ON	keyin_recipe	verified-headless-safe	KEYIN:SET COMPLEX CHAIN ON				N	N	wave7 partial	2026-07-31	2026-07-31	from hung-batch log live batch probe 2026-07-31 (0.0s)
SET_COMPLEX_CHAIN_OFF	keyin_recipe	verified-headless-safe	KEYIN:SET COMPLEX CHAIN OFF				N	N	wave7 partial	2026-07-31	2026-07-31	from hung-batch log live batch probe 2026-07-31 (0.0s)
SET_COMPLEX_SHAPE_ON	keyin_recipe	verified-headless-safe	KEYIN:SET COMPLEX SHAPE ON				N	N	wave7 partial	2026-07-31	2026-07-31	from hung-batch log live batch probe 2026-07-31 (0.0s)
SET_COMPLEX_SHAPE_OFF	keyin_recipe	verified-headless-safe	KEYIN:SET COMPLEX SHAPE OFF				N	N	wave7 partial	2026-07-31	2026-07-31	from hung-batch log live batch probe 2026-07-31 (0.0s)
SET_ELEMENT_INFO_ON	keyin_recipe	verified-headless-safe	KEYIN:SET ELEMENT INFO ON				N	N	wave7 partial	2026-07-31	2026-07-31	from hung-batch log live batch probe 2026-07-31 (0.0s)
SET_ELEMENT_INFO_OFF	keyin_recipe	verified-headless-safe	KEYIN:SET ELEMENT INFO OFF				N	N	wave7 partial	2026-07-31	2026-07-31	from hung-batch log live batch probe 2026-07-31 (0.0s)
ELEMENT_INFO_DISPLAY_ON	keyin_recipe	verified-headless-safe	KEYIN:ELEMENT INFO DISPLAY ON				N	N	wave7 partial	2026-07-31	2026-07-31	from hung-batch log live batch probe 2026-07-31 (0.0s)
ELEMENT_INFO_DISPLAY_OFF	keyin_recipe	verified-headless-safe	KEYIN:ELEMENT INFO DISPLAY OFF				N	N	wave7 partial	2026-07-31	2026-07-31	from hung-batch log live batch probe 2026-07-31 (0.0s)
SET_PROPERTIES_ON	keyin_recipe	verified-headless-safe	KEYIN:SET PROPERTIES ON				N	N	wave7 partial	2026-07-31	2026-07-31	from hung-batch log live batch probe 2026-07-31 (0.0s)
SET_PROPERTIES_OFF	keyin_recipe	verified-headless-safe	KEYIN:SET PROPERTIES OFF				N	N	wave7 partial	2026-07-31	2026-07-31	from hung-batch log live batch probe 2026-07-31 (0.0s)
PROPERTIES_ON	keyin_recipe	verified-headless-safe	KEYIN:PROPERTIES ON				N	N	wave7 partial	2026-07-31	2026-07-31	from hung-batch log live batch probe 2026-07-31 (0.0s)
PROPERTIES_OFF	keyin_recipe	verified-headless-safe	KEYIN:PROPERTIES OFF				N	N	wave7 partial	2026-07-31	2026-07-31	from hung-batch log live batch probe 2026-07-31 (0.0s)
ELEMENT_ATTRIBUTES_ON	keyin_recipe	verified-headless-safe	KEYIN:ELEMENT ATTRIBUTES ON				N	N	wave7 partial	2026-07-31	2026-07-31	from hung-batch log live batch probe 2026-07-31 (0.0s)
ELEMENT_ATTRIBUTES_OFF	keyin_recipe	verified-headless-safe	KEYIN:ELEMENT ATTRIBUTES OFF				N	N	wave7 partial	2026-07-31	2026-07-31	from hung-batch log live batch probe 2026-07-31 (0.0s)
SET_ELEMENT_ATTRIBUTES_ON	keyin_recipe	verified-headless-safe	KEYIN:SET ELEMENT ATTRIBUTES ON				N	N	wave7 partial	2026-07-31	2026-07-31	from hung-batch log live batch probe 2026-07-31 (0.0s)
SET_ELEMENT_ATTRIBUTES_OFF	keyin_recipe	verified-headless-safe	KEYIN:SET ELEMENT ATTRIBUTES OFF				N	N	wave7 partial	2026-07-31	2026-07-31	from hung-batch log live batch probe 2026-07-31 (0.0s)
RAW_DATA_ON	keyin_recipe	verified-headless-safe	KEYIN:RAW DATA ON				N	N	wave7 partial	2026-07-31	2026-07-31	from hung-batch log live batch probe 2026-07-31 (0.0s)
RAW_DATA_OFF	keyin_recipe	verified-headless-safe	KEYIN:RAW DATA OFF				N	N	wave7 partial	2026-07-31	2026-07-31	from hung-batch log live batch probe 2026-07-31 (0.0s)
SET_RAW_DATA_ON	keyin_recipe	verified-headless-safe	KEYIN:SET RAW DATA ON				N	N	wave7 partial	2026-07-31	2026-07-31	from hung-batch log live batch probe 2026-07-31 (0.0s)
SET_RAW_DATA_OFF	keyin_recipe	verified-headless-safe	KEYIN:SET RAW DATA OFF				N	N	wave7 partial	2026-07-31	2026-07-31	from hung-batch log live batch probe 2026-07-31 (0.0s)
EXTENDED_DATA_ON	keyin_recipe	verified-headless-safe	KEYIN:EXTENDED DATA ON				N	N	wave7 partial	2026-07-31	2026-07-31	from hung-batch log live batch probe 2026-07-31 (0.0s)
EXTENDED_DATA_OFF	keyin_recipe	verified-headless-safe	KEYIN:EXTENDED DATA OFF				N	N	wave7 partial	2026-07-31	2026-07-31	from hung-batch log live batch probe 2026-07-31 (0.0s)
SET_EXTENDED_ON	keyin_recipe	verified-headless-safe	KEYIN:SET EXTENDED ON				N	N	wave7 partial	2026-07-31	2026-07-31	from hung-batch log live batch probe 2026-07-31 (0.0s)
SET_EXTENDED_OFF	keyin_recipe	verified-headless-safe	KEYIN:SET EXTENDED OFF				N	N	wave7 partial	2026-07-31	2026-07-31	from hung-batch log live batch probe 2026-07-31 (0.0s)
MODELER_PROJECTION	keyin_recipe	unsafe-blocked	COMMAND:MODELER PROJECTION				N	N	wave7 partial	2026-07-31		from hung-batch log batch probe 2026-07-31: kind=tool, not promotable
MODELER_BOOLEAN_UNION	keyin_recipe	unsafe-blocked	COMMAND:MODELER BOOLEAN UNION				N	N	wave7 partial	2026-07-31		from hung-batch log batch probe 2026-07-31: kind=tool, not promotable
MODELER_BOOLEAN_SUBTRACT	keyin_recipe	unsafe-blocked	COMMAND:MODELER BOOLEAN SUBTRACT				N	N	wave7 partial	2026-07-31		from hung-batch log batch probe 2026-07-31: kind=tool, not promotable
MODELER_BOOLEAN_INTERSECT	keyin_recipe	unsafe-blocked	COMMAND:MODELER BOOLEAN INTERSECT				N	N	wave7 partial	2026-07-31		from hung-batch log batch probe 2026-07-31: kind=tool, not promotable
CONSTRUCT_SURFACE_PROJECTIONSOLID	keyin_recipe	unsafe-blocked	COMMAND:CONSTRUCT SURFACE PROJECTIONSOLID				N	N	wave7 partial	2026-07-31		from hung-batch log batch probe 2026-07-31: kind=tool, not promotable
BOOLEAN_SUBTRACT	keyin_recipe	unsafe-blocked	COMMAND:BOOLEAN SUBTRACT				N	N	wave7 partial	2026-07-31		from hung-batch log batch probe 2026-07-31: kind=tool, not promotable
BOOLEAN_INTERSECT	keyin_recipe	unsafe-blocked	COMMAND:BOOLEAN INTERSECT				N	N	wave7 partial	2026-07-31		from hung-batch log batch probe 2026-07-31: kind=tool, not promotable
DIALOG_PROPERTIES_OPEN	keyin_recipe	unsafe-blocked	KEYIN:DIALOG PROPERTIES OPEN				N	N	wave7 partial	2026-07-31		from hung-batch log batch probe 2026-07-31: kind=dialog, not promotable
DIALOG_FEATURE_MANAGER	keyin_recipe	unsafe-blocked	KEYIN:DIALOG FEATURE MANAGER				N	N	wave7 partial	2026-07-31		from hung-batch log batch probe 2026-07-31: kind=dialog, not promotable
DIALOG_ELEMENT_INFO	keyin_recipe	unsafe-blocked	KEYIN:DIALOG ELEMENT INFO				N	N	wave7 partial	2026-07-31		from hung-batch log batch probe 2026-07-31: kind=dialog, not promotable
PUBLISHDGN_RESET	keyin_recipe	verified-headless-safe	KEYIN:PUBLISHDGN RESET				N	N	wave7 partial	2026-07-31	2026-07-31	from hung-batch log live batch probe 2026-07-31 (0.0s)
PUBLISHDGN_LOADSETTINGSFILE	keyin_recipe	verified-headless-safe	KEYIN:PUBLISHDGN LOADSETTINGSFILE				N	N	wave7 partial	2026-07-31	2026-07-31	from hung-batch log live batch probe 2026-07-31 (0.0s)
PUBLISHDGN_PACKAGE	keyin_recipe	verified-headless-safe	KEYIN:PUBLISHDGN PACKAGE				N	N	wave7 partial	2026-07-31	2026-07-31	from hung-batch log live batch probe 2026-07-31 (0.0s)
PUBLISHDGN_DOCUMENT_ADD	keyin_recipe	verified-headless-safe	KEYIN:PUBLISHDGN DOCUMENT ADD				N	N	wave7 partial	2026-07-31	2026-07-31	from hung-batch log live batch probe 2026-07-31 (0.0s)
PUBLISHDGN_DOCUMENT_CLEARALL	keyin_recipe	verified-headless-safe	KEYIN:PUBLISHDGN DOCUMENT CLEARALL				N	N	wave7 partial	2026-07-31	2026-07-31	from hung-batch log live batch probe 2026-07-31 (0.0s)
PUBLISHDGN_PROTECTION_EVERYONE	keyin_recipe	verified-headless-safe	KEYIN:PUBLISHDGN PROTECTION EVERYONE				N	N	wave7 partial	2026-07-31	2026-07-31	from hung-batch log live batch probe 2026-07-31 (0.0s)
PUBLISHDGN_PROTECTION_PASSWORD	keyin_recipe	verified-headless-safe	KEYIN:PUBLISHDGN PROTECTION PASSWORD				N	N	wave7 partial	2026-07-31	2026-07-31	from hung-batch log live batch probe 2026-07-31 (0.0s)
PUBLISHDGN_CERTIFICATE	keyin_recipe	verified-headless-safe	KEYIN:PUBLISHDGN CERTIFICATE				N	N	wave7 partial	2026-07-31	2026-07-31	from hung-batch log live batch probe 2026-07-31 (0.0s)
PUBLISHDGN_RIGHT_EXPORT_ON	keyin_recipe	verified-headless-safe	KEYIN:PUBLISHDGN RIGHT EXPORT ON				N	N	wave7 partial	2026-07-31	2026-07-31	from hung-batch log live batch probe 2026-07-31 (0.0s)
PUBLISHDGN_RIGHT_EXPORT_OFF	keyin_recipe	verified-headless-safe	KEYIN:PUBLISHDGN RIGHT EXPORT OFF				N	N	wave7 partial	2026-07-31	2026-07-31	from hung-batch log live batch probe 2026-07-31 (0.0s)
PUBLISHDGN_RIGHT_PRINT_ON	keyin_recipe	verified-headless-safe	KEYIN:PUBLISHDGN RIGHT PRINT ON				N	N	wave7 partial	2026-07-31	2026-07-31	from hung-batch log live batch probe 2026-07-31 (0.0s)
PUBLISHDGN_RIGHT_PRINT_OFF	keyin_recipe	verified-headless-safe	KEYIN:PUBLISHDGN RIGHT PRINT OFF				N	N	wave7 partial	2026-07-31	2026-07-31	from hung-batch log live batch probe 2026-07-31 (0.0s)
PUBLISHDGN_EXPIRES	keyin_recipe	verified-headless-safe	KEYIN:PUBLISHDGN EXPIRES				N	N	wave7 partial	2026-07-31	2026-07-31	from hung-batch log live batch probe 2026-07-31 (0.0s)
PUBLISHDGN_REMOVEIMODELS_ON	keyin_recipe	verified-headless-safe	KEYIN:PUBLISHDGN REMOVEIMODELS ON				N	N	wave7 partial	2026-07-31	2026-07-31	from hung-batch log live batch probe 2026-07-31 (0.0s)
PUBLISHDGN_REMOVEIMODELS_OFF	keyin_recipe	verified-headless-safe	KEYIN:PUBLISHDGN REMOVEIMODELS OFF				N	N	wave7 partial	2026-07-31	2026-07-31	from hung-batch log live batch probe 2026-07-31 (0.0s)
PUBLISHDGN_CACHEVISIBLEEDGES_ON	keyin_recipe	verified-headless-safe	KEYIN:PUBLISHDGN CACHEVISIBLEEDGES ON				N	N	wave7 partial	2026-07-31	2026-07-31	from hung-batch log live batch probe 2026-07-31 (0.0s)
PUBLISHDGN_CACHEVISIBLEEDGES_OFF	keyin_recipe	verified-headless-safe	KEYIN:PUBLISHDGN CACHEVISIBLEEDGES OFF				N	N	wave7 partial	2026-07-31	2026-07-31	from hung-batch log live batch probe 2026-07-31 (0.0s)
PUBLISHDGN_ACCEPTOUTOFDATECACHES_ON	keyin_recipe	verified-headless-safe	KEYIN:PUBLISHDGN ACCEPTOUTOFDATECACHES ON				N	N	wave7 partial	2026-07-31	2026-07-31	from hung-batch log live batch probe 2026-07-31 (0.0s)
PUBLISHDGN_ACCEPTOUTOFDATECACHES_OFF	keyin_recipe	verified-headless-safe	KEYIN:PUBLISHDGN ACCEPTOUTOFDATECACHES OFF				N	N	wave7 partial	2026-07-31	2026-07-31	from hung-batch log live batch probe 2026-07-31 (0.0s)
PUBLISHDGN_PUBLISHDESIGNLINKS_ON	keyin_recipe	verified-headless-safe	KEYIN:PUBLISHDGN PUBLISHDESIGNLINKS ON				N	N	wave7 partial	2026-07-31	2026-07-31	from hung-batch log live batch probe 2026-07-31 (0.0s)
PUBLISHDGN_PUBLISHDISPLAYEDATTACHMENTSONLY_ON	keyin_recipe	verified-headless-safe	KEYIN:PUBLISHDGN PUBLISHDISPLAYEDATTACHMENTSONLY ON				N	N	wave7 partial	2026-07-31	2026-07-31	from hung-batch log live batch probe 2026-07-31 (0.0s)
PUBLISHDGN_PUBLISHDISPLAYEDATTACHMENTSONLY_OFF	keyin_recipe	verified-headless-safe	KEYIN:PUBLISHDGN PUBLISHDISPLAYEDATTACHMENTSONLY OFF				N	N	wave7 partial	2026-07-31	2026-07-31	from hung-batch log live batch probe 2026-07-31 (0.0s)
PUBLISHDGN_FORCEREPUBLISH_ON	keyin_recipe	verified-headless-safe	KEYIN:PUBLISHDGN FORCEREPUBLISH ON				N	N	wave7 partial	2026-07-31	2026-07-31	from hung-batch log live batch probe 2026-07-31 (0.0s)
PUBLISHDGN_FORCEREPUBLISH_OFF	keyin_recipe	verified-headless-safe	KEYIN:PUBLISHDGN FORCEREPUBLISH OFF				N	N	wave7 partial	2026-07-31	2026-07-31	from hung-batch log live batch probe 2026-07-31 (0.0s)
POINTCLOUD_PUBLISHOPTION_EXCLUDE	keyin_recipe	verified-headless-safe	KEYIN:POINTCLOUD PUBLISHOPTION EXCLUDE				N	N	wave7 partial	2026-07-31	2026-07-31	from hung-batch log live batch probe 2026-07-31 (0.0s)
POINTCLOUD_PUBLISHOPTION_KEEPORIGINAL	keyin_recipe	verified-headless-safe	KEYIN:POINTCLOUD PUBLISHOPTION KEEPORIGINAL				N	N	wave7 partial	2026-07-31	2026-07-31	from hung-batch log live batch probe 2026-07-31 (0.0s)
POINTCLOUD_PUBLISHOPTION_REDUCESIZE	keyin_recipe	verified-headless-safe	KEYIN:POINTCLOUD PUBLISHOPTION REDUCESIZE				N	N	wave7 partial	2026-07-31	2026-07-31	from hung-batch log live batch probe 2026-07-31 (0.0s)
RASTER_PUBLISHOPTION_EXCLUDE	keyin_recipe	verified-headless-safe	KEYIN:RASTER PUBLISHOPTION EXCLUDE				N	N	wave7 partial	2026-07-31	2026-07-31	from hung-batch log live batch probe 2026-07-31 (0.0s)
RASTER_PUBLISHOPTION_KEEPORIGINAL	keyin_recipe	verified-headless-safe	KEYIN:RASTER PUBLISHOPTION KEEPORIGINAL				N	N	wave7 partial	2026-07-31	2026-07-31	from hung-batch log live batch probe 2026-07-31 (0.0s)
RASTER_PUBLISHOPTION_REDUCESIZE	keyin_recipe	verified-headless-safe	KEYIN:RASTER PUBLISHOPTION REDUCESIZE				N	N	wave7 partial	2026-07-31	2026-07-31	from hung-batch log live batch probe 2026-07-31 (0.0s)
PRINT_FILENAME	keyin_recipe	verified-headless-safe	KEYIN:PRINT FILENAME				N	N	wave7 partial	2026-07-31	2026-07-31	from hung-batch log live batch probe 2026-07-31 (0.0s)
PRINT_CENTER_ON	keyin_recipe	verified-headless-safe	KEYIN:PRINT CENTER ON				N	N	wave7 partial	2026-07-31	2026-07-31	from hung-batch log live batch probe 2026-07-31 (0.0s)
PRINT_CENTER_OFF	keyin_recipe	verified-headless-safe	KEYIN:PRINT CENTER OFF				N	N	wave7 partial	2026-07-31	2026-07-31	from hung-batch log live batch probe 2026-07-31 (0.0s)
PRINT_MAXIMUM_ON	keyin_recipe	verified-headless-safe	KEYIN:PRINT MAXIMUM ON				N	N	wave7 partial	2026-07-31	2026-07-31	from hung-batch log live batch probe 2026-07-31 (0.0s)
PRINT_MAXIMUM_OFF	keyin_recipe	verified-headless-safe	KEYIN:PRINT MAXIMUM OFF				N	N	wave7 partial	2026-07-31	2026-07-31	from hung-batch log live batch probe 2026-07-31 (0.0s)
PRINT_NAMEDVIEW	keyin_recipe	verified-headless-safe	KEYIN:PRINT NAMEDVIEW				N	N	wave7 partial	2026-07-31	2026-07-31	from hung-batch log live batch probe 2026-07-31 (0.0s)
PRINT_ACTIVEVIEW	keyin_recipe	verified-headless-safe	KEYIN:PRINT ACTIVEVIEW				N	N	wave7 partial	2026-07-31	2026-07-31	from hung-batch log live batch probe 2026-07-31 (0.0s)
PRINT_PDF_LAYERS_ON	keyin_recipe	verified-headless-safe	KEYIN:PRINT PDF LAYERS ON				N	N	wave7 partial	2026-07-31	2026-07-31	from hung-batch log live batch probe 2026-07-31 (0.0s)
PRINT_PDF_LAYERS_OFF	keyin_recipe	verified-headless-safe	KEYIN:PRINT PDF LAYERS OFF				N	N	wave7 partial	2026-07-31	2026-07-31	from hung-batch log live batch probe 2026-07-31 (0.0s)
PRINT_PDF_BOOKMARKS_ON	keyin_recipe	verified-headless-safe	KEYIN:PRINT PDF BOOKMARKS ON				N	N	wave7 partial	2026-07-31	2026-07-31	from hung-batch log live batch probe 2026-07-31 (0.0s)
PRINT_PDF_BOOKMARKS_OFF	keyin_recipe	verified-headless-safe	KEYIN:PRINT PDF BOOKMARKS OFF				N	N	wave7 partial	2026-07-31	2026-07-31	from hung-batch log live batch probe 2026-07-31 (0.0s)
PRINT_PDF_SEARCHABLE_ON	keyin_recipe	verified-headless-safe	KEYIN:PRINT PDF SEARCHABLE ON				N	N	wave7 partial	2026-07-31	2026-07-31	from hung-batch log live batch probe 2026-07-31 (0.0s)
PRINT_PDF_SEARCHABLE_OFF	keyin_recipe	verified-headless-safe	KEYIN:PRINT PDF SEARCHABLE OFF				N	N	wave7 partial	2026-07-31	2026-07-31	from hung-batch log live batch probe 2026-07-31 (0.0s)
PRINT_PDF_COMPRESS_ON	keyin_recipe	verified-headless-safe	KEYIN:PRINT PDF COMPRESS ON				N	N	wave7 partial	2026-07-31	2026-07-31	from hung-batch log live batch probe 2026-07-31 (0.0s)
PRINT_PDF_COMPRESS_OFF	keyin_recipe	verified-headless-safe	KEYIN:PRINT PDF COMPRESS OFF				N	N	wave7 partial	2026-07-31	2026-07-31	from hung-batch log live batch probe 2026-07-31 (0.0s)
PRINT_PDF_EMBEDFONTS_ON	keyin_recipe	verified-headless-safe	KEYIN:PRINT PDF EMBED FONTS ON				N	N	wave7 partial	2026-07-31	2026-07-31	from hung-batch log live batch probe 2026-07-31 (0.0s)
PRINT_PDF_EMBEDFONTS_OFF	keyin_recipe	verified-headless-safe	KEYIN:PRINT PDF EMBED FONTS OFF				N	N	wave7 partial	2026-07-31	2026-07-31	from hung-batch log live batch probe 2026-07-31 (0.0s)
PRINT_PDF_HYPERLINKS_ON	keyin_recipe	verified-headless-safe	KEYIN:PRINT PDF HYPERLINKS ON				N	N	wave7 partial	2026-07-31	2026-07-31	from hung-batch log live batch probe 2026-07-31 (0.0s)
PRINT_PDF_HYPERLINKS_OFF	keyin_recipe	verified-headless-safe	KEYIN:PRINT PDF HYPERLINKS OFF				N	N	wave7 partial	2026-07-31	2026-07-31	from hung-batch log live batch probe 2026-07-31 (0.0s)
PRINT_PDF_GEOPDF_ON	keyin_recipe	verified-headless-safe	KEYIN:PRINT PDF GEOPDF ON				N	N	wave7 partial	2026-07-31	2026-07-31	from hung-batch log live batch probe 2026-07-31 (0.0s)
PRINT_PDF_GEOPDF_OFF	keyin_recipe	verified-headless-safe	KEYIN:PRINT PDF GEOPDF OFF				N	N	wave7 partial	2026-07-31	2026-07-31	from hung-batch log live batch probe 2026-07-31 (0.0s)
PRINT_ANTIALIAS_ON	keyin_recipe	verified-headless-safe	KEYIN:PRINT ANTIALIAS ON				N	N	wave7 partial	2026-07-31	2026-07-31	from hung-batch log live batch probe 2026-07-31 (0.0s)
PRINT_ANTIALIAS_OFF	keyin_recipe	verified-headless-safe	KEYIN:PRINT ANTIALIAS OFF				N	N	wave7 partial	2026-07-31	2026-07-31	from hung-batch log live batch probe 2026-07-31 (0.0s)
PRINT_ELEMENTSINVIEW_ON	keyin_recipe	verified-headless-safe	KEYIN:PRINT ELEMENTS IN VIEW ON				N	N	wave7 partial	2026-07-31	2026-07-31	from hung-batch log live batch probe 2026-07-31 (0.0s)
PRINT_ELEMENTSINVIEW_OFF	keyin_recipe	verified-headless-safe	KEYIN:PRINT ELEMENTS IN VIEW OFF				N	N	wave7 partial	2026-07-31	2026-07-31	from hung-batch log live batch probe 2026-07-31 (0.0s)
PRINT_FENCE_ON	keyin_recipe	verified-headless-safe	KEYIN:PRINT FENCE ON				N	N	wave7 partial	2026-07-31	2026-07-31	from hung-batch log live batch probe 2026-07-31 (0.0s)
PRINT_FENCE_OFF	keyin_recipe	verified-headless-safe	KEYIN:PRINT FENCE OFF				N	N	wave7 partial	2026-07-31	2026-07-31	from hung-batch log live batch probe 2026-07-31 (0.0s)
FILE_SAVEAS_COMPRESS_ON	keyin_recipe	verified-headless-safe	KEYIN:FILE SAVEAS COMPRESS ON				N	N	wave7 partial	2026-07-31	2026-07-31	from hung-batch log live batch probe 2026-07-31 (0.0s)
FILE_SAVEAS_COMPRESS_OFF	keyin_recipe	verified-headless-safe	KEYIN:FILE SAVEAS COMPRESS OFF				N	N	wave7 partial	2026-07-31	2026-07-31	from hung-batch log live batch probe 2026-07-31 (0.0s)
FILE_SAVEAS_EMBED_ON	keyin_recipe	verified-headless-safe	KEYIN:FILE SAVEAS EMBED ON				N	N	wave7 partial	2026-07-31	2026-07-31	from hung-batch log live batch probe 2026-07-31 (0.0s)
FILE_SAVEAS_EMBED_OFF	keyin_recipe	verified-headless-safe	KEYIN:FILE SAVEAS EMBED OFF				N	N	wave7 partial	2026-07-31	2026-07-31	from hung-batch log live batch probe 2026-07-31 (0.0s)
DIGITALSIGNATURE_DISPLAY_ON	keyin_recipe	verified-headless-safe	KEYIN:DIGITAL SIGNATURE DISPLAY ON				N	N	wave7 partial	2026-07-31	2026-07-31	from hung-batch log live batch probe 2026-07-31 (0.0s)
DIGITALSIGNATURE_DISPLAY_OFF	keyin_recipe	verified-headless-safe	KEYIN:DIGITAL SIGNATURE DISPLAY OFF				N	N	wave7 partial	2026-07-31	2026-07-31	from hung-batch log live batch probe 2026-07-31 (0.0s)
DIGITALSIGNATURE_LIST	keyin_recipe	verified-headless-safe	KEYIN:DIGITAL SIGNATURE LIST				N	N	wave7 partial	2026-07-31	2026-07-31	from hung-batch log live batch probe 2026-07-31 (0.0s)
PUBLISHDGN_DIALOG	keyin_recipe	unsafe-blocked	KEYIN:PUBLISHDGN DIALOG				N	N	wave7 partial	2026-07-31		from hung-batch log batch probe 2026-07-31: kind=dialog, not promotable
PUBLISHDGN_PUBLISH_FORCE	keyin_recipe	unsafe-blocked	KEYIN:PUBLISHDGN PUBLISH FORCE				N	N	wave7 partial	2026-07-31		from hung-batch log batch probe 2026-07-31: kind=file, not promotable
PRINTORGANIZER_DIALOG	keyin_recipe	unsafe-blocked	KEYIN:PRINTORGANIZER DIALOG				N	N	wave7 partial	2026-07-31		from hung-batch log batch probe 2026-07-31: kind=dialog, not promotable
PRINTORGANIZER_PRINTSTYLE_DIALOG	keyin_recipe	unsafe-blocked	KEYIN:PRINTORGANIZER PRINTSTYLE DIALOG				N	N	wave7 partial	2026-07-31		from hung-batch log batch probe 2026-07-31: kind=dialog, not promotable
PRINTORGANIZER_PROPERTYFILTER	keyin_recipe	unsafe-blocked	KEYIN:PRINTORGANIZER PROPERTYFILTER				N	N	wave7 partial	2026-07-31		from hung-batch log batch probe 2026-07-31: kind=dialog, not promotable
PRINTORGANIZER_PRINT_ALL	keyin_recipe	unsafe-blocked	KEYIN:PRINTORGANIZER PRINT ALL				N	N	wave7 partial	2026-07-31		from hung-batch log batch probe 2026-07-31: kind=file, not promotable
PRINTORGANIZER_SAVEAS	keyin_recipe	unsafe-blocked	KEYIN:PRINTORGANIZER SAVEAS				N	N	wave7 partial	2026-07-31		from hung-batch log batch probe 2026-07-31: kind=file, not promotable
PRINTORGANIZER_OPEN	keyin_recipe	unsafe-blocked	KEYIN:PRINTORGANIZER OPEN				N	N	wave7 partial	2026-07-31		from hung-batch log batch probe 2026-07-31: kind=file, not promotable
PRINTORGANIZER_EXPORTCSV	keyin_recipe	unsafe-blocked	KEYIN:PRINTORGANIZER EXPORTCSV				N	N	wave7 partial	2026-07-31		from hung-batch log batch probe 2026-07-31: kind=file, not promotable
PRINT_PREVIEW	keyin_recipe	unsafe-blocked	KEYIN:PRINT PREVIEW				N	N	wave7 partial	2026-07-31		from hung-batch log batch probe 2026-07-31: kind=dialog, not promotable
PRINT_EXECUTE	keyin_recipe	unsafe-blocked	KEYIN:PRINT EXECUTE				N	N	wave7 partial	2026-07-31		from hung-batch log batch probe 2026-07-31: kind=file, not promotable
EXPORT_DIALOG	keyin_recipe	unsafe-blocked	KEYIN:EXPORT DIALOG				N	N	wave7 partial	2026-07-31		from hung-batch log batch probe 2026-07-31: kind=dialog, not promotable
IPLOT_DIALOG	keyin_recipe	unsafe-blocked	KEYIN:IPLOT DIALOG				N	N	wave7 partial	2026-07-31		from hung-batch log batch probe 2026-07-31: kind=dialog, not promotable
IPLOT_EXECUTE	keyin_recipe	unsafe-blocked	KEYIN:IPLOT EXECUTE				N	N	wave7 partial	2026-07-31		from hung-batch log batch probe 2026-07-31: kind=file, not promotable
FILE_SAVEAS_DIALOG	keyin_recipe	unsafe-blocked	KEYIN:FILE SAVEAS DIALOG				N	N	wave7 partial	2026-07-31		from hung-batch log batch probe 2026-07-31: kind=dialog, not promotable
PLACE_LINE	keyin_recipe	verified-headless-safe	COMMAND:PLACE LINE CONSTRAINED|DATAPOINT:{x1},{y1}|DATAPOINT:{x2},{y2}|RESET		x1|y1|x2|y2		Y	N	DrawSign.bas:270-277 (DrawSignPost);WZTCExec.bas:182-193 (ExecPlaceElementRun);DrawSign.bas DrawSignPost;WZTCExec.ExecPlaceElementRun	2026-07-31	2026-08-02	Guinea pig — two-point PLACE LINE CONSTRAINED recipe probe 2026-08-02: PASS delta=+1 (0.289s)
DWG_SETTINGS_OPEN	keyin_recipe	external-app-blocked	KEYIN:DWG SETTINGS OPEN				N	N	wave8 dwg/pw/ifc	2026-08-02		BLOCKED FROM AGENT ACCESS 2026-08-02 (policy, not a technical finding -- external app/format integration: ProjectWise/DWG/IFC/DMS). Prior safetyStatus was unsafe-blocked. Bentley Help: Open DWG Settings File dialog; optional filename batch probe 2026-08-02: kind=dialog, not promotable
DWG_SETTINGS_SAVEAS	keyin_recipe	external-app-blocked	KEYIN:DWG SETTINGS SAVEAS				N	N	wave8 dwg/pw/ifc	2026-08-02		BLOCKED FROM AGENT ACCESS 2026-08-02 (policy, not a technical finding -- external app/format integration: ProjectWise/DWG/IFC/DMS). Prior safetyStatus was unsafe-blocked. Bentley Help: save DWG options to .dws; optional FILENAME batch probe 2026-08-02: kind=dialog, not promotable
DWG_UNITS	keyin_recipe	external-app-blocked	KEYIN:DWG UNITS				N	N	wave8 dwg/pw/ifc	2026-08-02		BLOCKED FROM AGENT ACCESS 2026-08-02 (policy, not a technical finding -- external app/format integration: ProjectWise/DWG/IFC/DMS). Prior safetyStatus was unsafe-blocked. Bentley Communities KB: Design Center units for open DWG batch probe 2026-08-02: kind=dialog, not promotable
DWG_WORKMODE_ON	keyin_recipe	external-app-blocked	KEYIN:DWG WORKMODE ON				N	N	wave8 dwg/pw/ifc	2026-08-02	2026-08-02	BLOCKED FROM AGENT ACCESS 2026-08-02 (policy, not a technical finding -- external app/format integration: ProjectWise/DWG/IFC/DMS). Prior safetyStatus was verified-headless-safe. uncertain; usually MS_WORKMODE=DWG live batch probe 2026-08-02 (0.02s)
DWG_WORKMODE_OFF	keyin_recipe	external-app-blocked	KEYIN:DWG WORKMODE OFF				N	N	wave8 dwg/pw/ifc	2026-08-02	2026-08-02	BLOCKED FROM AGENT ACCESS 2026-08-02 (policy, not a technical finding -- external app/format integration: ProjectWise/DWG/IFC/DMS). Prior safetyStatus was verified-headless-safe. uncertain live batch probe 2026-08-02 (0.017s)
SET_DWG_AXISLOCK_FROM_ORTHOMODE_ON	keyin_recipe	external-app-blocked	KEYIN:SET DWG AXISLOCK FROM ORTHOMODE ON				N	N	wave8 dwg/pw/ifc	2026-08-02	2026-08-02	BLOCKED FROM AGENT ACCESS 2026-08-02 (policy, not a technical finding -- external app/format integration: ProjectWise/DWG/IFC/DMS). Prior safetyStatus was verified-headless-safe. uncertain; MS_DWG_AXISLOCK_FROM_ORTHOMODE live batch probe 2026-08-02 (0.018s)
SET_DWG_AXISLOCK_FROM_ORTHOMODE_OFF	keyin_recipe	external-app-blocked	KEYIN:SET DWG AXISLOCK FROM ORTHOMODE OFF				N	N	wave8 dwg/pw/ifc	2026-08-02	2026-08-02	BLOCKED FROM AGENT ACCESS 2026-08-02 (policy, not a technical finding -- external app/format integration: ProjectWise/DWG/IFC/DMS). Prior safetyStatus was verified-headless-safe. uncertain live batch probe 2026-08-02 (0.017s)
SET_DWG_DISCARD_INVALID_ON	keyin_recipe	external-app-blocked	KEYIN:SET DWG DISCARD INVALID ON				N	N	wave8 dwg/pw/ifc	2026-08-02	2026-08-02	BLOCKED FROM AGENT ACCESS 2026-08-02 (policy, not a technical finding -- external app/format integration: ProjectWise/DWG/IFC/DMS). Prior safetyStatus was verified-headless-safe. uncertain; MS_DWG_DISCARD_INVALID live batch probe 2026-08-02 (0.017s)
SET_DWG_DISCARD_INVALID_OFF	keyin_recipe	external-app-blocked	KEYIN:SET DWG DISCARD INVALID OFF				N	N	wave8 dwg/pw/ifc	2026-08-02	2026-08-02	BLOCKED FROM AGENT ACCESS 2026-08-02 (policy, not a technical finding -- external app/format integration: ProjectWise/DWG/IFC/DMS). Prior safetyStatus was verified-headless-safe. uncertain live batch probe 2026-08-02 (0.017s)
SET_DWG_ATTRIBUTE_AS_TAG_ON	keyin_recipe	external-app-blocked	KEYIN:SET DWG ATTRIBUTE AS TAG ON				N	N	wave8 dwg/pw/ifc	2026-08-02	2026-08-02	BLOCKED FROM AGENT ACCESS 2026-08-02 (policy, not a technical finding -- external app/format integration: ProjectWise/DWG/IFC/DMS). Prior safetyStatus was verified-headless-safe. uncertain; MS_DWG_ATTRIBUTE_AS_TAG live batch probe 2026-08-02 (0.018s)
SET_DWG_ATTRIBUTE_AS_TAG_OFF	keyin_recipe	external-app-blocked	KEYIN:SET DWG ATTRIBUTE AS TAG OFF				N	N	wave8 dwg/pw/ifc	2026-08-02	2026-08-02	BLOCKED FROM AGENT ACCESS 2026-08-02 (policy, not a technical finding -- external app/format integration: ProjectWise/DWG/IFC/DMS). Prior safetyStatus was verified-headless-safe. uncertain live batch probe 2026-08-02 (0.018s)
SET_DWG_GRAPHIC_GROUP_ATTRIBUTES_ON	keyin_recipe	external-app-blocked	KEYIN:SET DWG GRAPHIC GROUP ATTRIBUTES ON				N	N	wave8 dwg/pw/ifc	2026-08-02	2026-08-02	BLOCKED FROM AGENT ACCESS 2026-08-02 (policy, not a technical finding -- external app/format integration: ProjectWise/DWG/IFC/DMS). Prior safetyStatus was verified-headless-safe. uncertain; MS_DWG_GRAPHIC_GROUP_ATTRIBUTES live batch probe 2026-08-02 (0.02s)
SET_DWG_GRAPHIC_GROUP_ATTRIBUTES_OFF	keyin_recipe	external-app-blocked	KEYIN:SET DWG GRAPHIC GROUP ATTRIBUTES OFF				N	N	wave8 dwg/pw/ifc	2026-08-02	2026-08-02	BLOCKED FROM AGENT ACCESS 2026-08-02 (policy, not a technical finding -- external app/format integration: ProjectWise/DWG/IFC/DMS). Prior safetyStatus was verified-headless-safe. uncertain live batch probe 2026-08-02 (0.022s)
SET_DWG_MAP_XREF_NAMES_ON	keyin_recipe	external-app-blocked	KEYIN:SET DWG MAP XREF NAMES ON				N	N	wave8 dwg/pw/ifc	2026-08-02	2026-08-02	BLOCKED FROM AGENT ACCESS 2026-08-02 (policy, not a technical finding -- external app/format integration: ProjectWise/DWG/IFC/DMS). Prior safetyStatus was verified-headless-safe. uncertain; Map Logical Names to XRef Block Names live batch probe 2026-08-02 (0.02s)
SET_DWG_MAP_XREF_NAMES_OFF	keyin_recipe	external-app-blocked	KEYIN:SET DWG MAP XREF NAMES OFF				N	N	wave8 dwg/pw/ifc	2026-08-02	2026-08-02	BLOCKED FROM AGENT ACCESS 2026-08-02 (policy, not a technical finding -- external app/format integration: ProjectWise/DWG/IFC/DMS). Prior safetyStatus was verified-headless-safe. uncertain live batch probe 2026-08-02 (0.018s)
SET_DWG_SEED_GLOBAL_ORIGIN_ON	keyin_recipe	external-app-blocked	KEYIN:SET DWG SEED GLOBAL ORIGIN ON				N	N	wave8 dwg/pw/ifc	2026-08-02	2026-08-02	BLOCKED FROM AGENT ACCESS 2026-08-02 (policy, not a technical finding -- external app/format integration: ProjectWise/DWG/IFC/DMS). Prior safetyStatus was verified-headless-safe. uncertain; Use Seed File Global Origin live batch probe 2026-08-02 (0.017s)
SET_DWG_SEED_GLOBAL_ORIGIN_OFF	keyin_recipe	external-app-blocked	KEYIN:SET DWG SEED GLOBAL ORIGIN OFF				N	N	wave8 dwg/pw/ifc	2026-08-02	2026-08-02	BLOCKED FROM AGENT ACCESS 2026-08-02 (policy, not a technical finding -- external app/format integration: ProjectWise/DWG/IFC/DMS). Prior safetyStatus was verified-headless-safe. uncertain live batch probe 2026-08-02 (0.017s)
SET_DWG_REFERENCE_CONVERT_ON	keyin_recipe	external-app-blocked	KEYIN:SET DWG REFERENCE CONVERT ON				N	N	wave8 dwg/pw/ifc	2026-08-02	2026-08-02	BLOCKED FROM AGENT ACCESS 2026-08-02 (policy, not a technical finding -- external app/format integration: ProjectWise/DWG/IFC/DMS). Prior safetyStatus was verified-headless-safe. uncertain; MS_DWG_REFERENCE_CONVERT live batch probe 2026-08-02 (0.017s)
SET_DWG_REFERENCE_CONVERT_OFF	keyin_recipe	external-app-blocked	KEYIN:SET DWG REFERENCE CONVERT OFF				N	N	wave8 dwg/pw/ifc	2026-08-02	2026-08-02	BLOCKED FROM AGENT ACCESS 2026-08-02 (policy, not a technical finding -- external app/format integration: ProjectWise/DWG/IFC/DMS). Prior safetyStatus was verified-headless-safe. uncertain live batch probe 2026-08-02 (0.017s)
SET_DWG_PRESERVE_SETTINGS_ON	keyin_recipe	external-app-blocked	KEYIN:SET DWG PRESERVE SETTINGS ON				N	N	wave8 dwg/pw/ifc	2026-08-02	2026-08-02	BLOCKED FROM AGENT ACCESS 2026-08-02 (policy, not a technical finding -- external app/format integration: ProjectWise/DWG/IFC/DMS). Prior safetyStatus was verified-headless-safe. uncertain; Preserve MicroStation Settings live batch probe 2026-08-02 (0.017s)
SET_DWG_PRESERVE_SETTINGS_OFF	keyin_recipe	external-app-blocked	KEYIN:SET DWG PRESERVE SETTINGS OFF				N	N	wave8 dwg/pw/ifc	2026-08-02	2026-08-02	BLOCKED FROM AGENT ACCESS 2026-08-02 (policy, not a technical finding -- external app/format integration: ProjectWise/DWG/IFC/DMS). Prior safetyStatus was verified-headless-safe. uncertain live batch probe 2026-08-02 (0.017s)
SET_DWG_LEVEL_OVERRIDES_ON	keyin_recipe	external-app-blocked	KEYIN:SET DWG LEVEL OVERRIDES ON				N	N	wave8 dwg/pw/ifc	2026-08-02	2026-08-02	BLOCKED FROM AGENT ACCESS 2026-08-02 (policy, not a technical finding -- external app/format integration: ProjectWise/DWG/IFC/DMS). Prior safetyStatus was verified-headless-safe. uncertain; Use Level Symbology Overrides live batch probe 2026-08-02 (0.017s)
SET_DWG_LEVEL_OVERRIDES_OFF	keyin_recipe	external-app-blocked	KEYIN:SET DWG LEVEL OVERRIDES OFF				N	N	wave8 dwg/pw/ifc	2026-08-02	2026-08-02	BLOCKED FROM AGENT ACCESS 2026-08-02 (policy, not a technical finding -- external app/format integration: ProjectWise/DWG/IFC/DMS). Prior safetyStatus was verified-headless-safe. uncertain live batch probe 2026-08-02 (0.017s)
SET_DWG_DROP_LINESTYLES_ON	keyin_recipe	external-app-blocked	KEYIN:SET DWG DROP LINESTYLES ON				N	N	wave8 dwg/pw/ifc	2026-08-02	2026-08-02	BLOCKED FROM AGENT ACCESS 2026-08-02 (policy, not a technical finding -- external app/format integration: ProjectWise/DWG/IFC/DMS). Prior safetyStatus was verified-headless-safe. uncertain; Drop Unsupported LineStyles live batch probe 2026-08-02 (0.018s)
SET_DWG_DROP_LINESTYLES_OFF	keyin_recipe	external-app-blocked	KEYIN:SET DWG DROP LINESTYLES OFF				N	N	wave8 dwg/pw/ifc	2026-08-02	2026-08-02	BLOCKED FROM AGENT ACCESS 2026-08-02 (policy, not a technical finding -- external app/format integration: ProjectWise/DWG/IFC/DMS). Prior safetyStatus was verified-headless-safe. uncertain live batch probe 2026-08-02 (0.018s)
SET_DWG_DROP_DIMENSIONS_ON	keyin_recipe	external-app-blocked	KEYIN:SET DWG DROP DIMENSIONS ON				N	N	wave8 dwg/pw/ifc	2026-08-02	2026-08-02	BLOCKED FROM AGENT ACCESS 2026-08-02 (policy, not a technical finding -- external app/format integration: ProjectWise/DWG/IFC/DMS). Prior safetyStatus was verified-headless-safe. uncertain; Drop Unsupported Dimensions live batch probe 2026-08-02 (0.017s)
SET_DWG_DROP_DIMENSIONS_OFF	keyin_recipe	external-app-blocked	KEYIN:SET DWG DROP DIMENSIONS OFF				N	N	wave8 dwg/pw/ifc	2026-08-02	2026-08-02	BLOCKED FROM AGENT ACCESS 2026-08-02 (policy, not a technical finding -- external app/format integration: ProjectWise/DWG/IFC/DMS). Prior safetyStatus was verified-headless-safe. uncertain live batch probe 2026-08-02 (0.016s)
SET_DWG_TRUE_COLOR_ON	keyin_recipe	external-app-blocked	KEYIN:SET DWG TRUE COLOR ON				N	N	wave8 dwg/pw/ifc	2026-08-02	2026-08-02	BLOCKED FROM AGENT ACCESS 2026-08-02 (policy, not a technical finding -- external app/format integration: ProjectWise/DWG/IFC/DMS). Prior safetyStatus was verified-headless-safe. uncertain; Create True Color From DGN Color Indices live batch probe 2026-08-02 (0.017s)
SET_DWG_TRUE_COLOR_OFF	keyin_recipe	external-app-blocked	KEYIN:SET DWG TRUE COLOR OFF				N	N	wave8 dwg/pw/ifc	2026-08-02	2026-08-02	BLOCKED FROM AGENT ACCESS 2026-08-02 (policy, not a technical finding -- external app/format integration: ProjectWise/DWG/IFC/DMS). Prior safetyStatus was verified-headless-safe. uncertain live batch probe 2026-08-02 (0.018s)
SET_DWG_UCS_FROM_ACS_ON	keyin_recipe	external-app-blocked	KEYIN:SET DWG UCS FROM ACS ON				N	N	wave8 dwg/pw/ifc	2026-08-02	2026-08-02	BLOCKED FROM AGENT ACCESS 2026-08-02 (policy, not a technical finding -- external app/format integration: ProjectWise/DWG/IFC/DMS). Prior safetyStatus was verified-headless-safe. uncertain; Set UCS from Current ACS live batch probe 2026-08-02 (0.017s)
SET_DWG_UCS_FROM_ACS_OFF	keyin_recipe	external-app-blocked	KEYIN:SET DWG UCS FROM ACS OFF				N	N	wave8 dwg/pw/ifc	2026-08-02	2026-08-02	BLOCKED FROM AGENT ACCESS 2026-08-02 (policy, not a technical finding -- external app/format integration: ProjectWise/DWG/IFC/DMS). Prior safetyStatus was verified-headless-safe. uncertain live batch probe 2026-08-02 (0.016s)
SET_DWG_FORCE_ZERO_Z_ON	keyin_recipe	external-app-blocked	KEYIN:SET DWG FORCE ZERO Z ON				N	N	wave8 dwg/pw/ifc	2026-08-02	2026-08-02	BLOCKED FROM AGENT ACCESS 2026-08-02 (policy, not a technical finding -- external app/format integration: ProjectWise/DWG/IFC/DMS). Prior safetyStatus was verified-headless-safe. uncertain; Force Zero Z-Coordinate live batch probe 2026-08-02 (0.017s)
SET_DWG_FORCE_ZERO_Z_OFF	keyin_recipe	external-app-blocked	KEYIN:SET DWG FORCE ZERO Z OFF				N	N	wave8 dwg/pw/ifc	2026-08-02	2026-08-02	BLOCKED FROM AGENT ACCESS 2026-08-02 (policy, not a technical finding -- external app/format integration: ProjectWise/DWG/IFC/DMS). Prior safetyStatus was verified-headless-safe. uncertain live batch probe 2026-08-02 (0.017s)
SET_DWG_APPLICATION_DATA_ON	keyin_recipe	external-app-blocked	KEYIN:SET DWG APPLICATION DATA ON				N	N	wave8 dwg/pw/ifc	2026-08-02	2026-08-02	BLOCKED FROM AGENT ACCESS 2026-08-02 (policy, not a technical finding -- external app/format integration: ProjectWise/DWG/IFC/DMS). Prior safetyStatus was verified-headless-safe. uncertain; Save Application Data live batch probe 2026-08-02 (0.017s)
SET_DWG_APPLICATION_DATA_OFF	keyin_recipe	external-app-blocked	KEYIN:SET DWG APPLICATION DATA OFF				N	N	wave8 dwg/pw/ifc	2026-08-02	2026-08-02	BLOCKED FROM AGENT ACCESS 2026-08-02 (policy, not a technical finding -- external app/format integration: ProjectWise/DWG/IFC/DMS). Prior safetyStatus was verified-headless-safe. uncertain live batch probe 2026-08-02 (0.017s)
SET_DWG_EXPORT_EMPTY_ITEMTYPES_ON	keyin_recipe	external-app-blocked	KEYIN:SET DWG EXPORT EMPTY ITEMTYPES ON				N	N	wave8 dwg/pw/ifc	2026-08-02	2026-08-02	BLOCKED FROM AGENT ACCESS 2026-08-02 (policy, not a technical finding -- external app/format integration: ProjectWise/DWG/IFC/DMS). Prior safetyStatus was verified-headless-safe. uncertain; MS_DWG_EXPORT_EMPTYITEMTYPEPROPERTIES live batch probe 2026-08-02 (0.028s)
SET_DWG_EXPORT_EMPTY_ITEMTYPES_OFF	keyin_recipe	external-app-blocked	KEYIN:SET DWG EXPORT EMPTY ITEMTYPES OFF				N	N	wave8 dwg/pw/ifc	2026-08-02	2026-08-02	BLOCKED FROM AGENT ACCESS 2026-08-02 (policy, not a technical finding -- external app/format integration: ProjectWise/DWG/IFC/DMS). Prior safetyStatus was verified-headless-safe. uncertain live batch probe 2026-08-02 (0.019s)
REFERENCE_SET_IGNOREWHENNESTING_ON	keyin_recipe	unsafe-blocked	KEYIN:REFERENCE SET IGNOREWHENNESTING=ON				N	N	wave8 dwg/pw/ifc	2026-08-02		Bentley Help REFERENCE SET; DWG live nesting live batch probe 2026-08-02 (0.067s) | false-OK audit 2026-08-02: ARMED — left CommandName='Set Reference Parameters' prompt='Select reference' (baseline='Element Selection'). Old keyin_batch probe SendReset masked this; refusing headless execution.
REFERENCE_SET_IGNOREWHENNESTING_OFF	keyin_recipe	unsafe-blocked	KEYIN:REFERENCE SET IGNOREWHENNESTING=OFF				N	N	wave8 dwg/pw/ifc	2026-08-02		may need file_spec live batch probe 2026-08-02 (0.062s) | false-OK audit 2026-08-02: ARMED — left CommandName='Set Reference Parameters' prompt='Select reference' (baseline='Element Selection'). Old keyin_batch probe SendReset masked this; refusing headless execution.
SET_DWG_PROXYGRAPHICS_ON	keyin_recipe	external-app-blocked	KEYIN:SET DWG PROXYGRAPHICS ON				N	N	wave8 dwg/pw/ifc	2026-08-02	2026-08-02	BLOCKED FROM AGENT ACCESS 2026-08-02 (policy, not a technical finding -- external app/format integration: ProjectWise/DWG/IFC/DMS). Prior safetyStatus was verified-headless-safe. uncertain; MS_DWG_PROXYSHOW pattern live batch probe 2026-08-02 (0.016s)
SET_DWG_PROXYGRAPHICS_OFF	keyin_recipe	external-app-blocked	KEYIN:SET DWG PROXYGRAPHICS OFF				N	N	wave8 dwg/pw/ifc	2026-08-02	2026-08-02	BLOCKED FROM AGENT ACCESS 2026-08-02 (policy, not a technical finding -- external app/format integration: ProjectWise/DWG/IFC/DMS). Prior safetyStatus was verified-headless-safe. uncertain live batch probe 2026-08-02 (0.015s)
SET_DWG_PROXY_IMAGE_ON	keyin_recipe	external-app-blocked	KEYIN:SET DWG PROXY IMAGE ON				N	N	wave8 dwg/pw/ifc	2026-08-02	2026-08-02	BLOCKED FROM AGENT ACCESS 2026-08-02 (policy, not a technical finding -- external app/format integration: ProjectWise/DWG/IFC/DMS). Prior safetyStatus was verified-headless-safe. uncertain; Show Proxy Image live batch probe 2026-08-02 (0.017s)
SET_DWG_PROXY_BOX_ON	keyin_recipe	external-app-blocked	KEYIN:SET DWG PROXY BOX ON				N	N	wave8 dwg/pw/ifc	2026-08-02	2026-08-02	BLOCKED FROM AGENT ACCESS 2026-08-02 (policy, not a technical finding -- external app/format integration: ProjectWise/DWG/IFC/DMS). Prior safetyStatus was verified-headless-safe. uncertain; Show Proxy Box live batch probe 2026-08-02 (0.016s)
SET_DWG_ENTITY_HANDLES_ON	keyin_recipe	external-app-blocked	KEYIN:SET DWG ENTITY HANDLES ON				N	N	wave8 dwg/pw/ifc	2026-08-02	2026-08-02	BLOCKED FROM AGENT ACCESS 2026-08-02 (policy, not a technical finding -- external app/format integration: ProjectWise/DWG/IFC/DMS). Prior safetyStatus was verified-headless-safe. uncertain; DWG entity handle persistence live batch probe 2026-08-02 (0.017s)
SET_DWG_ENTITY_HANDLES_OFF	keyin_recipe	external-app-blocked	KEYIN:SET DWG ENTITY HANDLES OFF				N	N	wave8 dwg/pw/ifc	2026-08-02	2026-08-02	BLOCKED FROM AGENT ACCESS 2026-08-02 (policy, not a technical finding -- external app/format integration: ProjectWise/DWG/IFC/DMS). Prior safetyStatus was verified-headless-safe. uncertain live batch probe 2026-08-02 (0.019s)
SET_DWG_OLELINKS_ON	keyin_recipe	external-app-blocked	KEYIN:SET DWG OLELINKS ON				N	N	wave8 dwg/pw/ifc	2026-08-02	2026-08-02	BLOCKED FROM AGENT ACCESS 2026-08-02 (policy, not a technical finding -- external app/format integration: ProjectWise/DWG/IFC/DMS). Prior safetyStatus was verified-headless-safe. uncertain; DWG OLE link round-trip live batch probe 2026-08-02 (0.019s)
SET_DWG_OLELINKS_OFF	keyin_recipe	external-app-blocked	KEYIN:SET DWG OLELINKS OFF				N	N	wave8 dwg/pw/ifc	2026-08-02	2026-08-02	BLOCKED FROM AGENT ACCESS 2026-08-02 (policy, not a technical finding -- external app/format integration: ProjectWise/DWG/IFC/DMS). Prior safetyStatus was verified-headless-safe. uncertain live batch probe 2026-08-02 (0.017s)
SET_OLE_DISPLAY_ON	keyin_recipe	verified-headless-safe	KEYIN:SET OLE DISPLAY ON				N	N	wave8 dwg/pw/ifc	2026-08-02	2026-08-02	uncertain; OLE object display toggle live batch probe 2026-08-02 (0.017s)
SET_OLE_DISPLAY_OFF	keyin_recipe	verified-headless-safe	KEYIN:SET OLE DISPLAY OFF				N	N	wave8 dwg/pw/ifc	2026-08-02	2026-08-02	uncertain live batch probe 2026-08-02 (0.019s)
TITLEBLOCK_UPDATENOW	keyin_recipe	verified-headless-safe	KEYIN:TITLEBLOCK UPDATENOW				N	N	wave8 dwg/pw/ifc	2026-08-02	2026-08-02	Bentley PW Help: refresh titleblock attrs from PW DB live batch probe 2026-08-02 (0.15s)
TITLEBLOCK_UPDATEDMS	keyin_recipe	verified-headless-safe	KEYIN:TITLEBLOCK UPDATEDMS				N	N	wave8 dwg/pw/ifc	2026-08-02	2026-08-02	Bentley PW Help: push edited tags to PW DB live batch probe 2026-08-02 (0.382s)
DMS_REF_RELOAD	keyin_recipe	external-app-blocked	KEYIN:DMS REF RELOAD				N	N	wave8 dwg/pw/ifc	2026-08-02		BLOCKED FROM AGENT ACCESS 2026-08-02 (policy, not a technical finding -- external app/format integration: ProjectWise/DWG/IFC/DMS). Prior safetyStatus was unsafe-blocked. Bentley PW Help: may open Select Documents to Reload batch probe 2026-08-02: kind=dialog, not promotable
IFC_DISPLAY_ON	keyin_recipe	external-app-blocked	KEYIN:IFC DISPLAY ON				N	N	wave8 dwg/pw/ifc	2026-08-02	2026-08-02	BLOCKED FROM AGENT ACCESS 2026-08-02 (policy, not a technical finding -- external app/format integration: ProjectWise/DWG/IFC/DMS). Prior safetyStatus was verified-headless-safe. uncertain; IFC attach/display toggle live batch probe 2026-08-02 (0.167s)
IFC_DISPLAY_OFF	keyin_recipe	external-app-blocked	KEYIN:IFC DISPLAY OFF				N	N	wave8 dwg/pw/ifc	2026-08-02	2026-08-02	BLOCKED FROM AGENT ACCESS 2026-08-02 (policy, not a technical finding -- external app/format integration: ProjectWise/DWG/IFC/DMS). Prior safetyStatus was verified-headless-safe. uncertain live batch probe 2026-08-02 (0.186s)
SET_IFC_ON	keyin_recipe	verified-headless-safe	KEYIN:SET IFC ON				N	N	wave8 dwg/pw/ifc	2026-08-02	2026-08-02	uncertain live batch probe 2026-08-02 (0.186s)
SET_IFC_OFF	keyin_recipe	verified-headless-safe	KEYIN:SET IFC OFF				N	N	wave8 dwg/pw/ifc	2026-08-02	2026-08-02	uncertain live batch probe 2026-08-02 (0.179s)
BIM_DISPLAY_ON	keyin_recipe	verified-headless-safe	KEYIN:BIM DISPLAY ON				N	N	wave8 dwg/pw/ifc	2026-08-02	2026-08-02	uncertain live batch probe 2026-08-02 (0.177s)
BIM_DISPLAY_OFF	keyin_recipe	verified-headless-safe	KEYIN:BIM DISPLAY OFF				N	N	wave8 dwg/pw/ifc	2026-08-02	2026-08-02	uncertain live batch probe 2026-08-02 (0.178s)
SET_BIM_ON	keyin_recipe	verified-headless-safe	KEYIN:SET BIM ON				N	N	wave8 dwg/pw/ifc	2026-08-02	2026-08-02	uncertain live batch probe 2026-08-02 (0.178s)
SET_BIM_OFF	keyin_recipe	verified-headless-safe	KEYIN:SET BIM OFF				N	N	wave8 dwg/pw/ifc	2026-08-02	2026-08-02	uncertain live batch probe 2026-08-02 (0.18s)
SET_SHARECELL_ON	keyin_recipe	verified-headless-safe	KEYIN:SET SHARECELL ON				N	N	wave8 dwg/pw/ifc	2026-08-02	2026-08-02	Bentley Help Cell Library Dialog live batch probe 2026-08-02 (0.184s)
SET_SHARECELL_OFF	keyin_recipe	verified-headless-safe	KEYIN:SET SHARECELL OFF				N	N	wave8 dwg/pw/ifc	2026-08-02	2026-08-02	Bentley Help live batch probe 2026-08-02 (0.18s)
SET_SHARECELL_TOGGLE	keyin_recipe	verified-headless-safe	KEYIN:SET SHARECELL TOGGLE				N	N	wave8 dwg/pw/ifc	2026-08-02	2026-08-02	Bentley Help SET SHARECELL TOGGLE live batch probe 2026-08-02 (0.179s)
DGNLIB_UPDATE_LEVELS	keyin_recipe	verified-headless-safe	KEYIN:DGNLIB UPDATE LEVELS				N	N	wave8 dwg/pw/ifc	2026-08-02	2026-08-02	Bentley Help: sync levels from DGNLIB live batch probe 2026-08-02 (0.247s)
DGNLIB_UPDATE_LEVELS_ALL	keyin_recipe	verified-headless-safe	KEYIN:DGNLIB UPDATE LEVELS ALL				N	N	wave8 dwg/pw/ifc	2026-08-02	2026-08-02	Bentley Help Level Manager live batch probe 2026-08-02 (0.252s)
DGNLIB_UPDATE_LEVELS_BYLEVELSYMBOLOGY	keyin_recipe	verified-headless-safe	KEYIN:DGNLIB UPDATE LEVELS BYLEVELSYMBOLOGY				N	N	wave8 dwg/pw/ifc	2026-08-02	2026-08-02	Bentley Help live batch probe 2026-08-02 (0.249s)
DGNLIB_UPDATE_LEVELS_OVERRIDESYMBOLOGY	keyin_recipe	verified-headless-safe	KEYIN:DGNLIB UPDATE LEVELS OVERRIDESYMBOLOGY				N	N	wave8 dwg/pw/ifc	2026-08-02	2026-08-02	Bentley Help live batch probe 2026-08-02 (0.239s)
DGNLIB_UPDATE_TEXTSTYLES	keyin_recipe	needs-testing	KEYIN:DGNLIB UPDATE TEXTSTYLES				N	N	wave8 dwg/pw/ifc	2026-08-02		Bentley Help Building DGN Libraries live batch probe 2026-08-02 (0.231s) | false-OK audit 2026-08-02: HANG -- SendKeyin exceeded 3s (SendKeyin exceeded 3.0s). Not safe to treat as headless.
DGNLIB_UPDATE_DIMSTYLES	keyin_recipe	verified-headless-safe	KEYIN:DGNLIB UPDATE DIMSTYLES				N	N	wave8 dwg/pw/ifc	2026-08-02	2026-08-02	Bentley Help Building DGN Libraries live batch probe 2026-08-02 (0.232s)
DGNLIB_UPDATE_MLINESTYLES	keyin_recipe	verified-headless-safe	KEYIN:DGNLIB UPDATE MLINESTYLES				N	N	wave8 dwg/pw/ifc	2026-08-02	2026-08-02	Bentley Help Building DGN Libraries live batch probe 2026-08-02 (0.236s)
DGNLIB_UPDATE_DETAILINGSYMBOLSTYLES	keyin_recipe	verified-headless-safe	KEYIN:DGNLIB UPDATE DETAILINGSYMBOLSTYLES				N	N	wave8 dwg/pw/ifc	2026-08-02	2026-08-02	Bentley Help Building DGN Libraries live batch probe 2026-08-02 (0.208s)
DGNLIB_UPDATE_TEMPLATES	keyin_recipe	verified-headless-safe	KEYIN:DGNLIB UPDATE TEMPLATES				N	N	wave8 dwg/pw/ifc	2026-08-02	2026-08-02	Bentley Help Building DGN Libraries live batch probe 2026-08-02 (0.177s)
DGNLIB_UPDATE_ALL	keyin_recipe	verified-headless-safe	KEYIN:DGNLIB UPDATE ALL				N	N	wave8 dwg/pw/ifc	2026-08-02	2026-08-02	Bentley Help; all listed DGNLIB resource types live batch probe 2026-08-02 (0.29s)
ACTIVE_CELL_RELATIVE_OFF	keyin_recipe	verified-headless-safe	KEYIN:ACTIVE CELL RELATIVE OFF				N	N	wave8 dwg/pw/ifc	2026-08-02	2026-08-02	cell relative placement live batch probe 2026-08-02 (0.393s)
OLECNTR_EDIT	keyin_recipe	unsafe-blocked	KEYIN:OLECNTR EDIT				N	N	wave8 dwg/pw/ifc	2026-08-02		negative; Bentley Help Links dialog batch probe 2026-08-02: kind=dialog, not promotable
OLECNTR_INSERT	keyin_recipe	unsafe-blocked	KEYIN:OLECNTR INSERT				N	N	wave8 dwg/pw/ifc	2026-08-02		negative; Bentley Help Insert Object batch probe 2026-08-02: kind=dialog, not promotable
TITLEBLOCK_MODIFY	keyin_recipe	unsafe-blocked	KEYIN:TITLEBLOCK MODIFY				N	N	wave8 dwg/pw/ifc	2026-08-02		negative; PW Document Properties batch probe 2026-08-02: kind=dialog, not promotable
TITLEBLOCK_PLACE	keyin_recipe	unsafe-blocked	COMMAND:TITLEBLOCK PLACE				N	N	wave8 dwg/pw/ifc	2026-08-02		negative; places titleblock cell batch probe 2026-08-02: kind=tool, not promotable
DMS_OPEN_DOCUMENT	keyin_recipe	external-app-blocked	KEYIN:DMS OPEN DOCUMENT				N	N	wave8 dwg/pw/ifc	2026-08-02		BLOCKED FROM AGENT ACCESS 2026-08-02 (policy, not a technical finding -- external app/format integration: ProjectWise/DWG/IFC/DMS). Prior safetyStatus was unsafe-blocked. negative never probe; PW File>Open batch probe 2026-08-02: kind=file, not promotable
DMS_UPDATE_SERVERCOPY	keyin_recipe	external-app-blocked	KEYIN:DMS UPDATE SERVERCOPY				N	N	wave8 dwg/pw/ifc	2026-08-02		BLOCKED FROM AGENT ACCESS 2026-08-02 (policy, not a technical finding -- external app/format integration: ProjectWise/DWG/IFC/DMS). Prior safetyStatus was unsafe-blocked. negative; Update Server Copy batch probe 2026-08-02: kind=file, not promotable
DMS_REFRESH_LOCALCOPY	keyin_recipe	external-app-blocked	KEYIN:DMS REFRESH LOCALCOPY				N	N	wave8 dwg/pw/ifc	2026-08-02		BLOCKED FROM AGENT ACCESS 2026-08-02 (policy, not a technical finding -- external app/format integration: ProjectWise/DWG/IFC/DMS). Prior safetyStatus was unsafe-blocked. negative; Refresh Local Copy batch probe 2026-08-02: kind=file, not promotable
IFC_EXPORTBYITWIN	keyin_recipe	external-app-blocked	KEYIN:IFC EXPORTBYITWIN				N	N	wave8 dwg/pw/ifc	2026-08-02		BLOCKED FROM AGENT ACCESS 2026-08-02 (policy, not a technical finding -- external app/format integration: ProjectWise/DWG/IFC/DMS). Prior safetyStatus was unsafe-blocked. negative; Bentley IFC export by iTwin batch probe 2026-08-02: kind=file, not promotable
IFCOUT	keyin_recipe	unsafe-blocked	KEYIN:IFCOUT				N	N	wave8 dwg/pw/ifc	2026-08-02		negative; IFC export family batch probe 2026-08-02: kind=file, not promotable
ATTACH_LIBRARY_DIALOG	keyin_recipe	unsafe-blocked	KEYIN:ATTACH LIBRARY				N	N	wave8 dwg/pw/ifc	2026-08-02		negative; attach cell library dialog risk batch probe 2026-08-02: kind=file, not promotable
MARKUP_SHOWPREVIEW	keyin_recipe	verified-headless-safe	KEYIN:MARKUP SHOWPREVIEW				N	N	wave8 markup/export	2026-08-02	2026-08-02	docs Markups dialog; may need selection live batch probe 2026-08-02 (0.18s)
MARKUP_HIDEPREVIEW	keyin_recipe	verified-headless-safe	KEYIN:MARKUP HIDEPREVIEW				N	N	wave8 markup/export	2026-08-02	2026-08-02	live batch probe 2026-08-02 (0.171s)
MARKUP_REVIEWMODE	keyin_recipe	verified-headless-safe	KEYIN:MARKUP REVIEWMODE				N	N	wave8 markup/export	2026-08-02	2026-08-02	overlay review mode live batch probe 2026-08-02 (0.179s)
ACTIVE_LINKAGE_NONE	keyin_recipe	verified-headless-safe	KEYIN:ACTIVE LINKAGE NONE				N	N	wave8 markup/export	2026-08-02	2026-08-02	Database Dialog linkage mode live batch probe 2026-08-02 (0.191s)
ACTIVE_LINKAGE_NEW	keyin_recipe	verified-headless-safe	KEYIN:ACTIVE LINKAGE NEW				N	N	wave8 markup/export	2026-08-02	2026-08-02	live batch probe 2026-08-02 (0.176s)
ACTIVE_LINKAGE_DUPLICATE	keyin_recipe	verified-headless-safe	KEYIN:ACTIVE LINKAGE DUPLICATE				N	N	wave8 markup/export	2026-08-02	2026-08-02	live batch probe 2026-08-02 (0.176s)
ACTIVE_LINKAGE_INFORMATION	keyin_recipe	verified-headless-safe	KEYIN:ACTIVE LINKAGE INFORMATION				N	N	wave8 markup/export	2026-08-02	2026-08-02	live batch probe 2026-08-02 (0.174s)
FORMS_ON	keyin_recipe	verified-headless-safe	KEYIN:FORMS ON				N	N	wave8 markup/export	2026-08-02	2026-08-02	database screen forms live batch probe 2026-08-02 (0.171s)
FORMS_OFF	keyin_recipe	verified-headless-safe	KEYIN:FORMS OFF				N	N	wave8 markup/export	2026-08-02	2026-08-02	live batch probe 2026-08-02 (0.204s)
SET_CONFIRM_ON	keyin_recipe	verified-headless-safe	KEYIN:SET CONFIRM ON				N	N	wave8 markup/export	2026-08-02	2026-08-02	confirm rows when attaching live batch probe 2026-08-02 (0.19s)
SET_CONFIRM_OFF	keyin_recipe	verified-headless-safe	KEYIN:SET CONFIRM OFF				N	N	wave8 markup/export	2026-08-02	2026-08-02	live batch probe 2026-08-02 (0.175s)
SET_DELETE_ON	keyin_recipe	verified-headless-safe	KEYIN:SET DELETE ON				N	N	wave8 markup/export	2026-08-02	2026-08-02	linked-row delete preference — not element delete live batch probe 2026-08-02 (0.176s)
SET_DELETE_OFF	keyin_recipe	verified-headless-safe	KEYIN:SET DELETE OFF				N	N	wave8 markup/export	2026-08-02	2026-08-02	live batch probe 2026-08-02 (0.181s)
PRINT_PLOTTO3D_ON	keyin_recipe	verified-headless-safe	KEYIN:PRINT PLOTTO3D ON				N	N	wave8 markup/export	2026-08-02	2026-08-02	Print Dialog PDF 3D option live batch probe 2026-08-02 (1.503s)
PRINT_PLOTTO3D_OFF	keyin_recipe	verified-headless-safe	KEYIN:PRINT PLOTTO3D OFF				N	N	wave8 markup/export	2026-08-02	2026-08-02	live batch probe 2026-08-02 (0.179s)
PRINT_AUTOCENTER_ON	keyin_recipe	verified-headless-safe	KEYIN:PRINT AUTOCENTER ON				N	N	wave8 markup/export	2026-08-02	2026-08-02	docs PRINT AUTOCENTER live batch probe 2026-08-02 (0.175s)
PRINT_AUTOCENTER_OFF	keyin_recipe	verified-headless-safe	KEYIN:PRINT AUTOCENTER OFF				N	N	wave8 markup/export	2026-08-02	2026-08-02	live batch probe 2026-08-02 (0.169s)
PRINT_ATTRIBUTES_BORDER_ON	keyin_recipe	verified-headless-safe	KEYIN:PRINT ATTRIBUTES BORDER ON				N	N	wave8 markup/export	2026-08-02	2026-08-02	docs Print Dialog key-ins live batch probe 2026-08-02 (0.202s)
PRINT_ATTRIBUTES_BORDER_OFF	keyin_recipe	verified-headless-safe	KEYIN:PRINT ATTRIBUTES BORDER OFF				N	N	wave8 markup/export	2026-08-02	2026-08-02	live batch probe 2026-08-02 (0.175s)
PRINT_ATTRIBUTES_BROKENASSOCSYMB_ON	keyin_recipe	verified-headless-safe	KEYIN:PRINT ATTRIBUTES BROKENASSOCSYMB ON				N	N	wave8 markup/export	2026-08-02	2026-08-02	live batch probe 2026-08-02 (0.177s)
PRINT_ATTRIBUTES_BROKENASSOCSYMB_OFF	keyin_recipe	verified-headless-safe	KEYIN:PRINT ATTRIBUTES BROKENASSOCSYMB OFF				N	N	wave8 markup/export	2026-08-02	2026-08-02	live batch probe 2026-08-02 (0.172s)
PRINT_ATTRIBUTES_TAGS_ON	keyin_recipe	verified-headless-safe	KEYIN:PRINT ATTRIBUTES TAGS ON				N	N	wave8 markup/export	2026-08-02	2026-08-02	print attribute — not tag place live batch probe 2026-08-02 (0.167s)
PRINT_ATTRIBUTES_TAGS_OFF	keyin_recipe	verified-headless-safe	KEYIN:PRINT ATTRIBUTES TAGS OFF				N	N	wave8 markup/export	2026-08-02	2026-08-02	live batch probe 2026-08-02 (0.17s)
EXPORT_VISIBLE_EDGES_ON	keyin_recipe	verified-headless-safe	KEYIN:EXPORT VISIBLE EDGES ON				N	N	wave8 markup/export	2026-08-02	2026-08-02	option flag only — not file export execute live batch probe 2026-08-02 (0.192s)
EXPORT_VISIBLE_EDGES_OFF	keyin_recipe	verified-headless-safe	KEYIN:EXPORT VISIBLE EDGES OFF				N	N	wave8 markup/export	2026-08-02	2026-08-02	live batch probe 2026-08-02 (0.183s)
SET_EXPORT_2D_ON	keyin_recipe	verified-headless-safe	KEYIN:SET EXPORT 2D ON				N	N	wave8 markup/export	2026-08-02	2026-08-02	export option toggle live batch probe 2026-08-02 (0.178s)
SET_EXPORT_2D_OFF	keyin_recipe	verified-headless-safe	KEYIN:SET EXPORT 2D OFF				N	N	wave8 markup/export	2026-08-02	2026-08-02	live batch probe 2026-08-02 (0.175s)
ANIMATION_PREVIEW_ON	keyin_recipe	verified-headless-safe	KEYIN:ANIMATION PREVIEW ON				N	N	wave8 markup/export	2026-08-02	2026-08-02	live batch probe 2026-08-02 (0.183s)
ANIMATION_PREVIEW_OFF	keyin_recipe	verified-headless-safe	KEYIN:ANIMATION PREVIEW OFF				N	N	wave8 markup/export	2026-08-02	2026-08-02	live batch probe 2026-08-02 (0.173s)
SET_ACSDISPLAY_ON	keyin_recipe	unsafe-blocked	KEYIN:SET ACSDISPLAY ON				N	N	wave8 markup/export	2026-08-02		docs ACS triad display live batch probe 2026-08-02 (0.233s) | false-OK audit 2026-08-02: ARMED — left CommandName='ACS Display On' prompt='Select view' (baseline='Element Selection'). Old keyin_batch probe SendReset masked this; refusing headless execution.
SET_ACSDISPLAY_OFF	keyin_recipe	unsafe-blocked	KEYIN:SET ACSDISPLAY OFF				N	N	wave8 markup/export	2026-08-02		live batch probe 2026-08-02 (0.232s) | false-OK audit 2026-08-02: ARMED — left CommandName='ACS Display Off' prompt='Select view' (baseline='Element Selection'). Old keyin_batch probe SendReset masked this; refusing headless execution.
COORDINATE_READOUT_UOR	keyin_recipe	verified-headless-safe	KEYIN:COORDINATE READOUT UOR				N	N	wave8 markup/export	2026-08-02	2026-08-02	live batch probe 2026-08-02 (0.173s)
WORKSET_PROPERTIES_REFRESH	keyin_recipe	verified-headless-safe	KEYIN:WORKSET PROPERTIES REFRESH				N	N	wave8 markup/export	2026-08-02	2026-08-02	refresh only — not assign/create live batch probe 2026-08-02 (0.175s)
MARKUP_DIALOG_OPEN	keyin_recipe	unsafe-blocked	KEYIN:MARKUP DIALOG OPEN				N	N	wave8 markup/export	2026-08-02		negative — dialog manager batch probe 2026-08-02: kind=dialog, not promotable
DIALOG_PROJECTWISE	keyin_recipe	external-app-blocked	KEYIN:DIALOG PROJECTWISE				N	N	wave8 markup/export	2026-08-02		BLOCKED FROM AGENT ACCESS 2026-08-02 (policy, not a technical finding -- external app/format integration: ProjectWise/DWG/IFC/DMS). Prior safetyStatus was unsafe-blocked. negative ProjectWise batch probe 2026-08-02: kind=dialog, not promotable
PROJECTWISE_CHECKOUT	keyin_recipe	external-app-blocked	KEYIN:PROJECTWISE CHECKOUT				N	N	wave8 markup/export	2026-08-02		BLOCKED FROM AGENT ACCESS 2026-08-02 (policy, not a technical finding -- external app/format integration: ProjectWise/DWG/IFC/DMS). Prior safetyStatus was unsafe-blocked. negative never probe batch probe 2026-08-02: kind=file, not promotable
RASTER_SNAP_ON	keyin_recipe	verified-headless-safe	KEYIN:RASTER SNAP ON				N	N	wave8 raster/reality	2026-08-02	2026-08-02	raster snappable live batch probe 2026-08-02 (0.185s)
RASTER_SNAP_OFF	keyin_recipe	verified-headless-safe	KEYIN:RASTER SNAP OFF				N	N	wave8 raster/reality	2026-08-02	2026-08-02	live batch probe 2026-08-02 (0.178s)
RASTER_INVERT_ON	keyin_recipe	verified-headless-safe	KEYIN:RASTER INVERT ON				N	N	wave8 raster/reality	2026-08-02	2026-08-02	monochrome invert live batch probe 2026-08-02 (0.173s)
RASTER_INVERT_OFF	keyin_recipe	verified-headless-safe	KEYIN:RASTER INVERT OFF				N	N	wave8 raster/reality	2026-08-02	2026-08-02	live batch probe 2026-08-02 (0.175s)
SET_RASTER_INVERT_ON	keyin_recipe	verified-headless-safe	KEYIN:SET RASTER INVERT ON				N	N	wave8 raster/reality	2026-08-02	2026-08-02	live batch probe 2026-08-02 (0.167s)
SET_RASTER_INVERT_OFF	keyin_recipe	verified-headless-safe	KEYIN:SET RASTER INVERT OFF				N	N	wave8 raster/reality	2026-08-02	2026-08-02	live batch probe 2026-08-02 (0.172s)
SET_RASTER_TRANSPARENCY_ON	keyin_recipe	verified-headless-safe	KEYIN:SET RASTER TRANSPARENCY ON				N	N	wave8 raster/reality	2026-08-02	2026-08-02	live batch probe 2026-08-02 (0.199s)
SET_RASTER_TRANSPARENCY_OFF	keyin_recipe	verified-headless-safe	KEYIN:SET RASTER TRANSPARENCY OFF				N	N	wave8 raster/reality	2026-08-02	2026-08-02	live batch probe 2026-08-02 (0.174s)
RASTER_PRIORITY_0	keyin_recipe	verified-headless-safe	KEYIN:RASTER PRIORITY 0				N	N	wave8 raster/reality	2026-08-02	2026-08-02	display priority live batch probe 2026-08-02 (0.175s)
RASTER_PRIORITY_100	keyin_recipe	verified-headless-safe	KEYIN:RASTER PRIORITY 100				N	N	wave8 raster/reality	2026-08-02	2026-08-02	live batch probe 2026-08-02 (0.174s)
SET_RASTER_PRIORITY_0	keyin_recipe	verified-headless-safe	KEYIN:SET RASTER PRIORITY 0				N	N	wave8 raster/reality	2026-08-02	2026-08-02	live batch probe 2026-08-02 (0.168s)
SET_RASTER_PRIORITY_100	keyin_recipe	verified-headless-safe	KEYIN:SET RASTER PRIORITY 100				N	N	wave8 raster/reality	2026-08-02	2026-08-02	live batch probe 2026-08-02 (0.18s)
RASTER_PRINT_ON	keyin_recipe	verified-headless-safe	KEYIN:RASTER PRINT ON				N	N	wave8 raster/reality	2026-08-02	2026-08-02	print flag live batch probe 2026-08-02 (0.18s)
RASTER_PRINT_OFF	keyin_recipe	verified-headless-safe	KEYIN:RASTER PRINT OFF				N	N	wave8 raster/reality	2026-08-02	2026-08-02	live batch probe 2026-08-02 (0.175s)
RASTER_LOCATE_ON	keyin_recipe	verified-headless-safe	KEYIN:RASTER LOCATE ON				N	N	wave8 raster/reality	2026-08-02	2026-08-02	live batch probe 2026-08-02 (0.174s)
RASTER_LOCATE_OFF	keyin_recipe	verified-headless-safe	KEYIN:RASTER LOCATE OFF				N	N	wave8 raster/reality	2026-08-02	2026-08-02	live batch probe 2026-08-02 (0.17s)
POINT_CLOUD_DISPLAY_ON	keyin_recipe	verified-headless-safe	KEYIN:POINT CLOUD DISPLAY ON				N	N	wave8 raster/reality	2026-08-02	2026-08-02	spaced form live batch probe 2026-08-02 (0.184s)
POINT_CLOUD_DISPLAY_OFF	keyin_recipe	verified-headless-safe	KEYIN:POINT CLOUD DISPLAY OFF				N	N	wave8 raster/reality	2026-08-02	2026-08-02	live batch probe 2026-08-02 (0.181s)
SET_POINT_CLOUD_ON	keyin_recipe	verified-headless-safe	KEYIN:SET POINT CLOUD ON				N	N	wave8 raster/reality	2026-08-02	2026-08-02	live batch probe 2026-08-02 (0.179s)
SET_POINT_CLOUD_OFF	keyin_recipe	verified-headless-safe	KEYIN:SET POINT CLOUD OFF				N	N	wave8 raster/reality	2026-08-02	2026-08-02	live batch probe 2026-08-02 (0.174s)
POINTCLOUD_SNAP_ON	keyin_recipe	verified-headless-safe	KEYIN:POINTCLOUD SNAP ON				N	N	wave8 raster/reality	2026-08-02	2026-08-02	live batch probe 2026-08-02 (0.177s)
POINTCLOUD_SNAP_OFF	keyin_recipe	verified-headless-safe	KEYIN:POINTCLOUD SNAP OFF				N	N	wave8 raster/reality	2026-08-02	2026-08-02	live batch probe 2026-08-02 (0.175s)
POINT_CLOUD_SNAP_ON	keyin_recipe	verified-headless-safe	KEYIN:POINT CLOUD SNAP ON				N	N	wave8 raster/reality	2026-08-02	2026-08-02	live batch probe 2026-08-02 (0.176s)
POINT_CLOUD_SNAP_OFF	keyin_recipe	verified-headless-safe	KEYIN:POINT CLOUD SNAP OFF				N	N	wave8 raster/reality	2026-08-02	2026-08-02	live batch probe 2026-08-02 (0.186s)
POINTCLOUD_LOCATE_ON	keyin_recipe	verified-headless-safe	KEYIN:POINTCLOUD LOCATE ON				N	N	wave8 raster/reality	2026-08-02	2026-08-02	live batch probe 2026-08-02 (0.185s)
POINTCLOUD_LOCATE_OFF	keyin_recipe	verified-headless-safe	KEYIN:POINTCLOUD LOCATE OFF				N	N	wave8 raster/reality	2026-08-02	2026-08-02	live batch probe 2026-08-02 (0.172s)
POINTCLOUD_DENSITY_10	keyin_recipe	verified-headless-safe	KEYIN:POINTCLOUD DENSITY 10				N	N	wave8 raster/reality	2026-08-02	2026-08-02	documented low (1-100) live batch probe 2026-08-02 (0.17s)
POINTCLOUD_DENSITY_60	keyin_recipe	verified-headless-safe	KEYIN:POINTCLOUD DENSITY 60				N	N	wave8 raster/reality	2026-08-02	2026-08-02	documented medium live batch probe 2026-08-02 (0.177s)
POINTCLOUD_DENSITY_100	keyin_recipe	verified-headless-safe	KEYIN:POINTCLOUD DENSITY 100				N	N	wave8 raster/reality	2026-08-02	2026-08-02	documented high live batch probe 2026-08-02 (0.194s)
POINT_CLOUD_DENSITY_10	keyin_recipe	verified-headless-safe	KEYIN:POINT CLOUD DENSITY 10				N	N	wave8 raster/reality	2026-08-02	2026-08-02	spaced density live batch probe 2026-08-02 (0.199s)
POINT_CLOUD_DENSITY_60	keyin_recipe	verified-headless-safe	KEYIN:POINT CLOUD DENSITY 60				N	N	wave8 raster/reality	2026-08-02	2026-08-02	live batch probe 2026-08-02 (0.175s)
POINT_CLOUD_DENSITY_100	keyin_recipe	verified-headless-safe	KEYIN:POINT CLOUD DENSITY 100				N	N	wave8 raster/reality	2026-08-02	2026-08-02	live batch probe 2026-08-02 (0.172s)
SET_POINTCLOUD_DENSITY_HIGH	keyin_recipe	verified-headless-safe	KEYIN:SET POINTCLOUD DENSITY HIGH				N	N	wave8 raster/reality	2026-08-02	2026-08-02	named density live batch probe 2026-08-02 (0.167s)
SET_POINTCLOUD_DENSITY_MEDIUM	keyin_recipe	verified-headless-safe	KEYIN:SET POINTCLOUD DENSITY MEDIUM				N	N	wave8 raster/reality	2026-08-02	2026-08-02	live batch probe 2026-08-02 (0.188s)
SET_POINTCLOUD_DENSITY_LOW	keyin_recipe	verified-headless-safe	KEYIN:SET POINTCLOUD DENSITY LOW				N	N	wave8 raster/reality	2026-08-02	2026-08-02	live batch probe 2026-08-02 (0.179s)
POINT_CLOUD_COLOR_BY_RGB	keyin_recipe	verified-headless-safe	KEYIN:POINT CLOUD COLOR BY RGB				N	N	wave8 raster/reality	2026-08-02	2026-08-02	stylization live batch probe 2026-08-02 (0.174s)
POINT_CLOUD_COLOR_BY_ELEVATION	keyin_recipe	verified-headless-safe	KEYIN:POINT CLOUD COLOR BY ELEVATION				N	N	wave8 raster/reality	2026-08-02	2026-08-02	live batch probe 2026-08-02 (0.173s)
POINT_CLOUD_COLOR_BY_CLASSIFICATION	keyin_recipe	verified-headless-safe	KEYIN:POINT CLOUD COLOR BY CLASSIFICATION				N	N	wave8 raster/reality	2026-08-02	2026-08-02	live batch probe 2026-08-02 (0.168s)
POINTCLOUD_STYLIZATION_RGB	keyin_recipe	verified-headless-safe	KEYIN:POINTCLOUD STYLIZATION RGB				N	N	wave8 raster/reality	2026-08-02	2026-08-02	alt stylization token live batch probe 2026-08-02 (0.164s)
POINTCLOUD_STYLIZATION_INTENSITY	keyin_recipe	verified-headless-safe	KEYIN:POINTCLOUD STYLIZATION INTENSITY				N	N	wave8 raster/reality	2026-08-02	2026-08-02	live batch probe 2026-08-02 (0.191s)
POINTCLOUD_ANCHORED_ON	keyin_recipe	verified-headless-safe	KEYIN:POINTCLOUD ANCHORED ON				N	N	wave8 raster/reality	2026-08-02	2026-08-02	live batch probe 2026-08-02 (0.173s)
POINTCLOUD_ANCHORED_OFF	keyin_recipe	verified-headless-safe	KEYIN:POINTCLOUD ANCHORED OFF				N	N	wave8 raster/reality	2026-08-02	2026-08-02	live batch probe 2026-08-02 (0.175s)
SET_REALITY_MESH_ON	keyin_recipe	verified-headless-safe	KEYIN:SET REALITY MESH ON				N	N	wave8 raster/reality	2026-08-02	2026-08-02	live batch probe 2026-08-02 (0.171s)
SET_REALITY_MESH_OFF	keyin_recipe	verified-headless-safe	KEYIN:SET REALITY MESH OFF				N	N	wave8 raster/reality	2026-08-02	2026-08-02	live batch probe 2026-08-02 (0.169s)
REALITY_MESH_SNAP_ON	keyin_recipe	verified-headless-safe	KEYIN:REALITY MESH SNAP ON				N	N	wave8 raster/reality	2026-08-02	2026-08-02	live batch probe 2026-08-02 (0.186s)
REALITY_MESH_SNAP_OFF	keyin_recipe	verified-headless-safe	KEYIN:REALITY MESH SNAP OFF				N	N	wave8 raster/reality	2026-08-02	2026-08-02	live batch probe 2026-08-02 (0.187s)
REALITY_MESH_LOCATE_ON	keyin_recipe	verified-headless-safe	KEYIN:REALITY MESH LOCATE ON				N	N	wave8 raster/reality	2026-08-02	2026-08-02	live batch probe 2026-08-02 (0.174s)
REALITY_MESH_LOCATE_OFF	keyin_recipe	verified-headless-safe	KEYIN:REALITY MESH LOCATE OFF				N	N	wave8 raster/reality	2026-08-02	2026-08-02	live batch probe 2026-08-02 (0.171s)
REALITY_MESH_TRANSPARENCY_ON	keyin_recipe	verified-headless-safe	KEYIN:REALITY MESH TRANSPARENCY ON				N	N	wave8 raster/reality	2026-08-02	2026-08-02	live batch probe 2026-08-02 (0.17s)
REALITY_MESH_TRANSPARENCY_OFF	keyin_recipe	verified-headless-safe	KEYIN:REALITY MESH TRANSPARENCY OFF				N	N	wave8 raster/reality	2026-08-02	2026-08-02	live batch probe 2026-08-02 (0.171s)
SET_MESH_FACETS_ON	keyin_recipe	verified-headless-safe	KEYIN:SET MESH FACETS ON				N	N	wave8 raster/reality	2026-08-02	2026-08-02	facets (not FACET EDGES) live batch probe 2026-08-02 (0.186s)
SET_MESH_FACETS_OFF	keyin_recipe	verified-headless-safe	KEYIN:SET MESH FACETS OFF				N	N	wave8 raster/reality	2026-08-02	2026-08-02	live batch probe 2026-08-02 (0.18s)
MESH_FACETS_ON	keyin_recipe	verified-headless-safe	KEYIN:MESH FACETS ON				N	N	wave8 raster/reality	2026-08-02	2026-08-02	live batch probe 2026-08-02 (0.177s)
MESH_FACETS_OFF	keyin_recipe	verified-headless-safe	KEYIN:MESH FACETS OFF				N	N	wave8 raster/reality	2026-08-02	2026-08-02	live batch probe 2026-08-02 (0.176s)
FEATURE_SOLID_DISPLAY_ON	keyin_recipe	verified-headless-safe	KEYIN:FEATURE SOLID DISPLAY ON				N	N	wave8 raster/reality	2026-08-02	2026-08-02	live batch probe 2026-08-02 (0.169s)
FEATURE_SOLID_DISPLAY_OFF	keyin_recipe	verified-headless-safe	KEYIN:FEATURE SOLID DISPLAY OFF				N	N	wave8 raster/reality	2026-08-02	2026-08-02	live batch probe 2026-08-02 (0.181s)
SET_FEATURE_SOLIDS_ON	keyin_recipe	verified-headless-safe	KEYIN:SET FEATURE SOLIDS ON				N	N	wave8 raster/reality	2026-08-02	2026-08-02	live batch probe 2026-08-02 (0.177s)
SET_FEATURE_SOLIDS_OFF	keyin_recipe	verified-headless-safe	KEYIN:SET FEATURE SOLIDS OFF				N	N	wave8 raster/reality	2026-08-02	2026-08-02	live batch probe 2026-08-02 (0.177s)
SET_FEATURE_SOLID_ON	keyin_recipe	verified-headless-safe	KEYIN:SET FEATURE SOLID ON				N	N	wave8 raster/reality	2026-08-02	2026-08-02	live batch probe 2026-08-02 (0.197s)
SET_FEATURE_SOLID_OFF	keyin_recipe	verified-headless-safe	KEYIN:SET FEATURE SOLID OFF				N	N	wave8 raster/reality	2026-08-02	2026-08-02	live batch probe 2026-08-02 (0.169s)
POINTCLOUD_DIALOG_OPEN	keyin_recipe	unsafe-blocked	KEYIN:POINTCLOUD DIALOG OPEN				N	N	wave8 raster/reality	2026-08-02		negative — documented dialog key-in batch probe 2026-08-02: kind=dialog, not promotable
MRMESH_DIALOG_OPEN	keyin_recipe	unsafe-blocked	KEYIN:MRMESH DIALOG OPEN				N	N	wave8 raster/reality	2026-08-02		negative — Reality Mesh dialog batch probe 2026-08-02: kind=dialog, not promotable
MRMESH_ATTACH	keyin_recipe	unsafe-blocked	KEYIN:MRMESH ATTACH				N	N	wave8 raster/reality	2026-08-02		negative — documented attach batch probe 2026-08-02: kind=file, not promotable
PLACE_RASTER_BOUNDARY	keyin_recipe	unsafe-blocked	COMMAND:PLACE RASTER BOUNDARY				N	N	wave8 raster/reality	2026-08-02		negative — placement tool batch probe 2026-08-02: kind=tool, not promotable
CLIP_POINTCLOUD	keyin_recipe	unsafe-blocked	COMMAND:CLIP POINTCLOUD				N	N	wave8 raster/reality	2026-08-02		negative — clip tool needs pick batch probe 2026-08-02: kind=tool, not promotable
DISPLAYSET_ADD	keyin_recipe	verified-headless-safe	KEYIN:DISPLAYSET ADD				N	N	wave8 seed	2026-08-02	2026-08-02	may need selection; probe OK vs hang live batch probe 2026-08-02 (0.172s)
DISPLAYSET_REMOVE	keyin_recipe	verified-headless-safe	KEYIN:DISPLAYSET REMOVE				N	N	wave8 seed	2026-08-02	2026-08-02	live batch probe 2026-08-02 (0.182s)
DISPLAYSET_INVERT	keyin_recipe	verified-headless-safe	KEYIN:DISPLAYSET INVERT				N	N	wave8 seed	2026-08-02	2026-08-02	live batch probe 2026-08-02 (0.176s)
NAMED_GROUP_HILITE_ON	keyin_recipe	verified-headless-safe	KEYIN:NAMED GROUP HILITE ON				N	N	wave8 seed	2026-08-02	2026-08-02	live batch probe 2026-08-02 (0.18s)
NAMED_GROUP_HILITE_OFF	keyin_recipe	verified-headless-safe	KEYIN:NAMED GROUP HILITE OFF				N	N	wave8 seed	2026-08-02	2026-08-02	live batch probe 2026-08-02 (0.173s)
ELEMENT_TEMPLATE_ACTIVE_BYLEVEL	keyin_recipe	verified-headless-safe	KEYIN:ELEMENT TEMPLATE ACTIVE BYLEVEL				N	N	wave8 seed	2026-08-02	2026-08-02	element templates sparse live batch probe 2026-08-02 (0.169s)
ELEMENT_TEMPLATE_ACTIVE_BYCOLOR	keyin_recipe	verified-headless-safe	KEYIN:ELEMENT TEMPLATE ACTIVE BYCOLOR				N	N	wave8 seed	2026-08-02	2026-08-02	live batch probe 2026-08-02 (0.196s)
ELEMENT_TEMPLATE_ACTIVE_BYWEIGHT	keyin_recipe	verified-headless-safe	KEYIN:ELEMENT TEMPLATE ACTIVE BYWEIGHT				N	N	wave8 seed	2026-08-02	2026-08-02	live batch probe 2026-08-02 (0.176s)
ELEMENT_TEMPLATE_ACTIVE_BYSTYLE	keyin_recipe	verified-headless-safe	KEYIN:ELEMENT TEMPLATE ACTIVE BYSTYLE				N	N	wave8 seed	2026-08-02	2026-08-02	live batch probe 2026-08-02 (0.178s)
ELEMENT_TEMPLATE_ACTIVE_BYCLASS	keyin_recipe	verified-headless-safe	KEYIN:ELEMENT TEMPLATE ACTIVE BYCLASS				N	N	wave8 seed	2026-08-02	2026-08-02	live batch probe 2026-08-02 (0.18s)
ELEMENT_TEMPLATE_ACTIVE_BYTRANSPARENCY	keyin_recipe	verified-headless-safe	KEYIN:ELEMENT TEMPLATE ACTIVE BYTRANSPARENCY				N	N	wave8 seed	2026-08-02	2026-08-02	live batch probe 2026-08-02 (0.174s)
ELEMENT_TEMPLATE_ACTIVE_BYPRIORITY	keyin_recipe	verified-headless-safe	KEYIN:ELEMENT TEMPLATE ACTIVE BYPRIORITY				N	N	wave8 seed	2026-08-02	2026-08-02	live batch probe 2026-08-02 (0.179s)
SET_ELEMENT_TEMPLATE_ON	keyin_recipe	verified-headless-safe	KEYIN:SET ELEMENT TEMPLATE ON				N	N	wave8 seed	2026-08-02	2026-08-02	live batch probe 2026-08-02 (0.174s)
SET_ELEMENT_TEMPLATE_OFF	keyin_recipe	verified-headless-safe	KEYIN:SET ELEMENT TEMPLATE OFF				N	N	wave8 seed	2026-08-02	2026-08-02	live batch probe 2026-08-02 (0.181s)
DWG_SAVE_ON	keyin_recipe	external-app-blocked	KEYIN:DWG SAVE ON				N	N	wave8 seed	2026-08-02	2026-08-02	BLOCKED FROM AGENT ACCESS 2026-08-02 (policy, not a technical finding -- external app/format integration: ProjectWise/DWG/IFC/DMS). Prior safetyStatus was verified-headless-safe. DWG settings sparse live batch probe 2026-08-02 (0.172s)
DWG_SAVE_OFF	keyin_recipe	external-app-blocked	KEYIN:DWG SAVE OFF				N	N	wave8 seed	2026-08-02	2026-08-02	BLOCKED FROM AGENT ACCESS 2026-08-02 (policy, not a technical finding -- external app/format integration: ProjectWise/DWG/IFC/DMS). Prior safetyStatus was verified-headless-safe. live batch probe 2026-08-02 (0.177s)
SHARED_CELL_DISPLAY_ON	keyin_recipe	verified-headless-safe	KEYIN:SHARED CELL DISPLAY ON				N	N	wave8 seed	2026-08-02	2026-08-02	live batch probe 2026-08-02 (0.172s)
SHARED_CELL_DISPLAY_OFF	keyin_recipe	verified-headless-safe	KEYIN:SHARED CELL DISPLAY OFF				N	N	wave8 seed	2026-08-02	2026-08-02	live batch probe 2026-08-02 (0.176s)
SET_SHARED_CELL_OVERRIDE_ON	keyin_recipe	verified-headless-safe	KEYIN:SET SHARED CELL OVERRIDE ON				N	N	wave8 seed	2026-08-02	2026-08-02	live batch probe 2026-08-02 (0.191s)
SET_SHARED_CELL_OVERRIDE_OFF	keyin_recipe	verified-headless-safe	KEYIN:SET SHARED CELL OVERRIDE OFF				N	N	wave8 seed	2026-08-02	2026-08-02	live batch probe 2026-08-02 (0.173s)
SET_ANIMATION_ON	keyin_recipe	verified-headless-safe	KEYIN:SET ANIMATION ON				N	N	wave8 seed	2026-08-02	2026-08-02	live batch probe 2026-08-02 (0.178s)
SET_ANIMATION_OFF	keyin_recipe	verified-headless-safe	KEYIN:SET ANIMATION OFF				N	N	wave8 seed	2026-08-02	2026-08-02	live batch probe 2026-08-02 (0.172s)
CAMERA_ON	keyin_recipe	verified-headless-safe	KEYIN:CAMERA ON				N	N	wave8 seed	2026-08-02	2026-08-02	live batch probe 2026-08-02 (0.173s)
CAMERA_OFF	keyin_recipe	verified-headless-safe	KEYIN:CAMERA OFF				N	N	wave8 seed	2026-08-02	2026-08-02	live batch probe 2026-08-02 (0.176s)
SET_CAMERA_ANGLE	keyin_recipe	verified-headless-safe	KEYIN:SET CAMERA ANGLE				N	N	wave8 seed	2026-08-02	2026-08-02	may need value live batch probe 2026-08-02 (0.173s)
SET_CAMERA_POSITION	keyin_recipe	verified-headless-safe	KEYIN:SET CAMERA POSITION				N	N	wave8 seed	2026-08-02	2026-08-02	live batch probe 2026-08-02 (0.174s)
MATERIAL_DISPLAY_ON	keyin_recipe	verified-headless-safe	KEYIN:MATERIAL DISPLAY ON				N	N	wave8 seed	2026-08-02	2026-08-02	live batch probe 2026-08-02 (0.193s)
MATERIAL_DISPLAY_OFF	keyin_recipe	verified-headless-safe	KEYIN:MATERIAL DISPLAY OFF				N	N	wave8 seed	2026-08-02	2026-08-02	live batch probe 2026-08-02 (0.171s)
SET_MATERIAL_ON	keyin_recipe	verified-headless-safe	KEYIN:SET MATERIAL ON				N	N	wave8 seed	2026-08-02	2026-08-02	live batch probe 2026-08-02 (0.184s)
SET_MATERIAL_OFF	keyin_recipe	verified-headless-safe	KEYIN:SET MATERIAL OFF				N	N	wave8 seed	2026-08-02	2026-08-02	live batch probe 2026-08-02 (0.187s)
DATABASE_LINKAGE_ON	keyin_recipe	verified-headless-safe	KEYIN:DATABASE LINKAGE ON				N	N	wave8 seed	2026-08-02	2026-08-02	live batch probe 2026-08-02 (0.176s)
DATABASE_LINKAGE_OFF	keyin_recipe	verified-headless-safe	KEYIN:DATABASE LINKAGE OFF				N	N	wave8 seed	2026-08-02	2026-08-02	live batch probe 2026-08-02 (0.181s)
REPORT_DISPLAY_ON	keyin_recipe	verified-headless-safe	KEYIN:REPORT DISPLAY ON				N	N	wave8 seed	2026-08-02	2026-08-02	live batch probe 2026-08-02 (0.207s)
REPORT_DISPLAY_OFF	keyin_recipe	verified-headless-safe	KEYIN:REPORT DISPLAY OFF				N	N	wave8 seed	2026-08-02	2026-08-02	live batch probe 2026-08-02 (0.172s)
SET_WORKSET_ON	keyin_recipe	verified-headless-safe	KEYIN:SET WORKSET ON				N	N	wave8 seed	2026-08-02	2026-08-02	live batch probe 2026-08-02 (0.186s)
SET_WORKSET_OFF	keyin_recipe	verified-headless-safe	KEYIN:SET WORKSET OFF				N	N	wave8 seed	2026-08-02	2026-08-02	live batch probe 2026-08-02 (0.18s)
WORKSPACE_PREFS_SAVE	keyin_recipe	verified-headless-safe	KEYIN:WORKSPACE PREFS SAVE				N	N	wave8 seed	2026-08-02	2026-08-02	file-ish risk — kind may reclass live batch probe 2026-08-02 (0.18s)
SECTION_CALLLOUTS_ON	keyin_recipe	verified-headless-safe	KEYIN:SECTION CALLOUTS ON				N	N	wave8 seed	2026-08-02	2026-08-02	live batch probe 2026-08-02 (0.179s)
SECTION_CALLOUTS_OFF	keyin_recipe	verified-headless-safe	KEYIN:SECTION CALLOUTS OFF				N	N	wave8 seed	2026-08-02	2026-08-02	live batch probe 2026-08-02 (0.178s)
DETAIL_CALLOUTS_ON	keyin_recipe	verified-headless-safe	KEYIN:DETAIL CALLOUTS ON				N	N	wave8 seed	2026-08-02	2026-08-02	live batch probe 2026-08-02 (0.192s)
DETAIL_CALLOUTS_OFF	keyin_recipe	verified-headless-safe	KEYIN:DETAIL CALLOUTS OFF				N	N	wave8 seed	2026-08-02	2026-08-02	live batch probe 2026-08-02 (0.18s)
CLIP_MASK_DISPLAY_ON	keyin_recipe	verified-headless-safe	KEYIN:CLIP MASK DISPLAY ON				N	N	wave8 seed	2026-08-02	2026-08-02	live batch probe 2026-08-02 (0.177s)
CLIP_MASK_DISPLAY_OFF	keyin_recipe	verified-headless-safe	KEYIN:CLIP MASK DISPLAY OFF				N	N	wave8 seed	2026-08-02	2026-08-02	live batch probe 2026-08-02 (0.173s)
SET_CLIP_VOLUME_ON	keyin_recipe	verified-headless-safe	KEYIN:SET CLIP VOLUME ON				N	N	wave8 seed	2026-08-02	2026-08-02	live batch probe 2026-08-02 (0.171s)
SET_CLIP_VOLUME_OFF	keyin_recipe	verified-headless-safe	KEYIN:SET CLIP VOLUME OFF				N	N	wave8 seed	2026-08-02	2026-08-02	live batch probe 2026-08-02 (0.193s)
VIEW_DISPLAYSET_ON	keyin_recipe	verified-headless-safe	KEYIN:VIEW DISPLAYSET ON				N	N	wave8 seed	2026-08-02	2026-08-02	live batch probe 2026-08-02 (0.179s)
VIEW_DISPLAYSET_OFF	keyin_recipe	verified-headless-safe	KEYIN:VIEW DISPLAYSET OFF				N	N	wave8 seed	2026-08-02	2026-08-02	live batch probe 2026-08-02 (0.179s)
VIEW_NAMEDGROUP_ON	keyin_recipe	verified-headless-safe	KEYIN:VIEW NAMEDGROUP ON				N	N	wave8 seed	2026-08-02	2026-08-02	live batch probe 2026-08-02 (0.174s)
VIEW_NAMEDGROUP_OFF	keyin_recipe	verified-headless-safe	KEYIN:VIEW NAMEDGROUP OFF				N	N	wave8 seed	2026-08-02	2026-08-02	live batch probe 2026-08-02 (0.177s)
VIEW_TRANSPARENCY_ON	keyin_recipe	verified-headless-safe	KEYIN:VIEW TRANSPARENCY ON				N	N	wave8 seed	2026-08-02	2026-08-02	live batch probe 2026-08-02 (0.17s)
VIEW_TRANSPARENCY_OFF	keyin_recipe	verified-headless-safe	KEYIN:VIEW TRANSPARENCY OFF				N	N	wave8 seed	2026-08-02	2026-08-02	live batch probe 2026-08-02 (0.189s)
ACTIVE_TRANSPARENCY_50	keyin_recipe	verified-headless-safe	KEYIN:ACTIVE TRANSPARENCY 50				N	N	wave8 seed	2026-08-02	2026-08-02	live batch probe 2026-08-02 (0.186s)
ACTIVE_PRIORITY_100	keyin_recipe	verified-headless-safe	KEYIN:ACTIVE PRIORITY 100				N	N	wave8 seed	2026-08-02	2026-08-02	live batch probe 2026-08-02 (0.178s)
SET_PRIORITY_ON	keyin_recipe	verified-headless-safe	KEYIN:SET PRIORITY ON				N	N	wave8 seed	2026-08-02	2026-08-02	live batch probe 2026-08-02 (0.177s)
SET_PRIORITY_OFF	keyin_recipe	verified-headless-safe	KEYIN:SET PRIORITY OFF				N	N	wave8 seed	2026-08-02	2026-08-02	live batch probe 2026-08-02 (0.17s)
SET_CLASS_ON	keyin_recipe	verified-headless-safe	KEYIN:SET CLASS ON				N	N	wave8 seed	2026-08-02	2026-08-02	live batch probe 2026-08-02 (0.183s)
SET_CLASS_OFF	keyin_recipe	verified-headless-safe	KEYIN:SET CLASS OFF				N	N	wave8 seed	2026-08-02	2026-08-02	live batch probe 2026-08-02 (0.18s)
UOR_READOUT_ON	keyin_recipe	verified-headless-safe	KEYIN:UOR READOUT ON				N	N	wave8 seed	2026-08-02	2026-08-02	live batch probe 2026-08-02 (0.179s)
UOR_READOUT_OFF	keyin_recipe	verified-headless-safe	KEYIN:UOR READOUT OFF				N	N	wave8 seed	2026-08-02	2026-08-02	live batch probe 2026-08-02 (0.177s)
SET_INPUT_FOCUS_HOME	keyin_recipe	verified-headless-safe	KEYIN:SET INPUT FOCUS HOME				N	N	wave8 seed	2026-08-02	2026-08-02	live batch probe 2026-08-02 (0.176s)
SET_INPUT_FOCUS_KEYIN	keyin_recipe	verified-headless-safe	KEYIN:SET INPUT FOCUS KEYIN				N	N	wave8 seed	2026-08-02	2026-08-02	live batch probe 2026-08-02 (0.167s)
DIGITIZER_ON	keyin_recipe	verified-headless-safe	KEYIN:DIGITIZER ON				N	N	wave8 seed	2026-08-02	2026-08-02	live batch probe 2026-08-02 (0.178s)
DIGITIZER_OFF	keyin_recipe	verified-headless-safe	KEYIN:DIGITIZER OFF				N	N	wave8 seed	2026-08-02	2026-08-02	live batch probe 2026-08-02 (0.178s)
LOCK_DIGITIZER_ON	keyin_recipe	verified-headless-safe	KEYIN:LOCK DIGITIZER ON				N	N	wave8 seed	2026-08-02	2026-08-02	live batch probe 2026-08-02 (0.176s)
LOCK_DIGITIZER_OFF	keyin_recipe	verified-headless-safe	KEYIN:LOCK DIGITIZER OFF				N	N	wave8 seed	2026-08-02	2026-08-02	live batch probe 2026-08-02 (0.176s)
PARAMETRIC_UPDATE_ON	keyin_recipe	verified-headless-safe	KEYIN:PARAMETRIC UPDATE ON				N	N	wave8 seed	2026-08-02	2026-08-02	live batch probe 2026-08-02 (2.38s)
PARAMETRIC_UPDATE_OFF	keyin_recipe	verified-headless-safe	KEYIN:PARAMETRIC UPDATE OFF				N	N	wave8 seed	2026-08-02	2026-08-02	live batch probe 2026-08-02 (0.174s)
CONSTRAINTS_DISPLAY_ON	keyin_recipe	verified-headless-safe	KEYIN:CONSTRAINTS DISPLAY ON				N	N	wave8 seed	2026-08-02	2026-08-02	live batch probe 2026-08-02 (0.178s)
CONSTRAINTS_DISPLAY_OFF	keyin_recipe	verified-headless-safe	KEYIN:CONSTRAINTS DISPLAY OFF				N	N	wave8 seed	2026-08-02	2026-08-02	live batch probe 2026-08-02 (0.174s)
VARIABLES_DISPLAY_ON	keyin_recipe	verified-headless-safe	KEYIN:VARIABLES DISPLAY ON				N	N	wave8 seed	2026-08-02	2026-08-02	live batch probe 2026-08-02 (0.177s)
VARIABLES_DISPLAY_OFF	keyin_recipe	verified-headless-safe	KEYIN:VARIABLES DISPLAY OFF				N	N	wave8 seed	2026-08-02	2026-08-02	live batch probe 2026-08-02 (0.173s)
SAVED_VIEW_APPLY_LEVELS_ON	keyin_recipe	verified-headless-safe	KEYIN:SAVED VIEW APPLY LEVELS ON				N	N	wave8 seed	2026-08-02	2026-08-02	live batch probe 2026-08-02 (0.187s)
SAVED_VIEW_APPLY_LEVELS_OFF	keyin_recipe	verified-headless-safe	KEYIN:SAVED VIEW APPLY LEVELS OFF				N	N	wave8 seed	2026-08-02	2026-08-02	live batch probe 2026-08-02 (0.181s)
SAVED_VIEW_APPLY_CLIP_ON	keyin_recipe	verified-headless-safe	KEYIN:SAVED VIEW APPLY CLIP ON				N	N	wave8 seed	2026-08-02	2026-08-02	live batch probe 2026-08-02 (0.177s)
SAVED_VIEW_APPLY_CLIP_OFF	keyin_recipe	verified-headless-safe	KEYIN:SAVED VIEW APPLY CLIP OFF				N	N	wave8 seed	2026-08-02	2026-08-02	live batch probe 2026-08-02 (0.178s)
VIEW_GROUP_APPLY_ON	keyin_recipe	verified-headless-safe	KEYIN:VIEW GROUP APPLY ON				N	N	wave8 seed	2026-08-02	2026-08-02	live batch probe 2026-08-02 (0.169s)
VIEW_GROUP_APPLY_OFF	keyin_recipe	verified-headless-safe	KEYIN:VIEW GROUP APPLY OFF				N	N	wave8 seed	2026-08-02	2026-08-02	live batch probe 2026-08-02 (0.181s)
SHEET_INDEX_DISPLAY_ON	keyin_recipe	verified-headless-safe	KEYIN:SHEET INDEX DISPLAY ON				N	N	wave8 seed	2026-08-02	2026-08-02	live batch probe 2026-08-02 (0.191s)
SHEET_INDEX_DISPLAY_OFF	keyin_recipe	verified-headless-safe	KEYIN:SHEET INDEX DISPLAY OFF				N	N	wave8 seed	2026-08-02	2026-08-02	live batch probe 2026-08-02 (0.172s)
LOCK_ANNOTATION_SCALE_ON	keyin_recipe	verified-headless-safe	KEYIN:LOCK ANNOTATION SCALE ON				N	N	wave8 seed	2026-08-02	2026-08-02	live batch probe 2026-08-02 (0.178s)
LOCK_ANNOTATION_SCALE_OFF	keyin_recipe	verified-headless-safe	KEYIN:LOCK ANNOTATION SCALE OFF				N	N	wave8 seed	2026-08-02	2026-08-02	live batch probe 2026-08-02 (0.173s)
ACTIVE_ANNOTATION_SCALE_FULL_SIZE	keyin_recipe	verified-headless-safe	KEYIN:ACTIVE ANNOTATION SCALE FULL SIZE				N	N	wave8 seed	2026-08-02	2026-08-02	live batch probe 2026-08-02 (0.169s)
ACTIVE_ANNOTATION_SCALE_1_10	keyin_recipe	verified-headless-safe	KEYIN:ACTIVE ANNOTATION SCALE 1:10				N	N	wave8 seed	2026-08-02	2026-08-02	live batch probe 2026-08-02 (0.184s)
ACTIVE_ANNOTATION_SCALE_1_20	keyin_recipe	verified-headless-safe	KEYIN:ACTIVE ANNOTATION SCALE 1:20				N	N	wave8 seed	2026-08-02	2026-08-02	live batch probe 2026-08-02 (0.175s)
ACTIVE_ANNOTATION_SCALE_1_50	keyin_recipe	verified-headless-safe	KEYIN:ACTIVE ANNOTATION SCALE 1:50				N	N	wave8 seed	2026-08-02	2026-08-02	live batch probe 2026-08-02 (0.178s)
TEXT_STYLE_OVERRIDE_ON	keyin_recipe	verified-headless-safe	KEYIN:TEXT STYLE OVERRIDE ON				N	N	wave8 seed	2026-08-02	2026-08-02	live batch probe 2026-08-02 (0.173s)
TEXT_STYLE_OVERRIDE_OFF	keyin_recipe	verified-headless-safe	KEYIN:TEXT STYLE OVERRIDE OFF				N	N	wave8 seed	2026-08-02	2026-08-02	live batch probe 2026-08-02 (0.175s)
DIMENSION_STYLE_OVERRIDE_ON	keyin_recipe	verified-headless-safe	KEYIN:DIMENSION STYLE OVERRIDE ON				N	N	wave8 seed	2026-08-02	2026-08-02	live batch probe 2026-08-02 (0.167s)
DIMENSION_STYLE_OVERRIDE_OFF	keyin_recipe	verified-headless-safe	KEYIN:DIMENSION STYLE OVERRIDE OFF				N	N	wave8 seed	2026-08-02	2026-08-02	live batch probe 2026-08-02 (0.216s)
SET_ASSOCIATION_ON	keyin_recipe	verified-headless-safe	KEYIN:SET ASSOCIATION ON				N	N	wave8 seed	2026-08-02	2026-08-02	live batch probe 2026-08-02 (0.195s)
SET_ASSOCIATION_OFF	keyin_recipe	verified-headless-safe	KEYIN:SET ASSOCIATION OFF				N	N	wave8 seed	2026-08-02	2026-08-02	live batch probe 2026-08-02 (0.18s)
FENCE_CLIP_MODE_INSIDE	keyin_recipe	verified-headless-safe	KEYIN:FENCE CLIP MODE INSIDE				N	N	wave8 seed	2026-08-02	2026-08-02	live batch probe 2026-08-02 (0.175s)
FENCE_CLIP_MODE_OUTSIDE	keyin_recipe	verified-headless-safe	KEYIN:FENCE CLIP MODE OUTSIDE				N	N	wave8 seed	2026-08-02	2026-08-02	live batch probe 2026-08-02 (0.179s)
FENCE_CLIP_MODE_OVERLAP	keyin_recipe	verified-headless-safe	KEYIN:FENCE CLIP MODE OVERLAP				N	N	wave8 seed	2026-08-02	2026-08-02	live batch probe 2026-08-02 (0.179s)
FENCE_CLIP_MODE_CLIP	keyin_recipe	verified-headless-safe	KEYIN:FENCE CLIP MODE CLIP				N	N	wave8 seed	2026-08-02	2026-08-02	live batch probe 2026-08-02 (0.182s)
SET_FENCE_CLIP_ON	keyin_recipe	verified-headless-safe	KEYIN:SET FENCE CLIP ON				N	N	wave8 seed	2026-08-02	2026-08-02	live batch probe 2026-08-02 (0.183s)
SET_FENCE_CLIP_OFF	keyin_recipe	verified-headless-safe	KEYIN:SET FENCE CLIP OFF				N	N	wave8 seed	2026-08-02	2026-08-02	live batch probe 2026-08-02 (0.178s)
REFERENCE_NESTING_DISPLAY_ON	keyin_recipe	verified-headless-safe	KEYIN:REFERENCE NESTING DISPLAY ON				N	N	wave8 seed	2026-08-02	2026-08-02	live batch probe 2026-08-02 (0.171s)
REFERENCE_NESTING_DISPLAY_OFF	keyin_recipe	verified-headless-safe	KEYIN:REFERENCE NESTING DISPLAY OFF				N	N	wave8 seed	2026-08-02	2026-08-02	live batch probe 2026-08-02 (0.184s)
REFERENCE_BOUNDARIES_ON	keyin_recipe	verified-headless-safe	KEYIN:REFERENCE BOUNDARIES ON				N	N	wave8 seed	2026-08-02	2026-08-02	live batch probe 2026-08-02 (0.177s)
REFERENCE_BOUNDARIES_OFF	keyin_recipe	verified-headless-safe	KEYIN:REFERENCE BOUNDARIES OFF				N	N	wave8 seed	2026-08-02	2026-08-02	live batch probe 2026-08-02 (0.175s)
LEVEL_OVERRIDE_SYMBOLOGY_ON	keyin_recipe	verified-headless-safe	KEYIN:LEVEL OVERRIDE SYMBOLOGY ON				N	N	wave8 seed	2026-08-02	2026-08-02	live batch probe 2026-08-02 (0.176s)
LEVEL_OVERRIDE_SYMBOLOGY_OFF	keyin_recipe	verified-headless-safe	KEYIN:LEVEL OVERRIDE SYMBOLOGY OFF				N	N	wave8 seed	2026-08-02	2026-08-02	live batch probe 2026-08-02 (0.177s)
ACCUDRAW_COORDINATE_SYSTEM_RECTANGULAR	keyin_recipe	verified-headless-safe	KEYIN:ACCUDRAW COORDINATE SYSTEM RECTANGULAR				N	N	wave8 seed	2026-08-02	2026-08-02	live batch probe 2026-08-02 (0.18s)
ACCUDRAW_COORDINATE_SYSTEM_POLAR	keyin_recipe	verified-headless-safe	KEYIN:ACCUDRAW COORDINATE SYSTEM POLAR				N	N	wave8 seed	2026-08-02	2026-08-02	live batch probe 2026-08-02 (0.189s)
ACCUDRAW_COORDINATE_SYSTEM_CYLINDRICAL	keyin_recipe	verified-headless-safe	KEYIN:ACCUDRAW COORDINATE SYSTEM CYLINDRICAL				N	N	wave8 seed	2026-08-02	2026-08-02	live batch probe 2026-08-02 (0.178s)
ACCUDRAW_COORDINATE_SYSTEM_SPHERICAL	keyin_recipe	verified-headless-safe	KEYIN:ACCUDRAW COORDINATE SYSTEM SPHERICAL				N	N	wave8 seed	2026-08-02	2026-08-02	live batch probe 2026-08-02 (0.177s)
ACTIVE_PATTERN_CELL_SCALE_1	keyin_recipe	verified-headless-safe	KEYIN:ACTIVE PATTERN CELL SCALE 1				N	N	wave8 seed	2026-08-02	2026-08-02	live batch probe 2026-08-02 (0.182s)
PDF_EMBED_FONTS_ON	keyin_recipe	unsafe-blocked	KEYIN:PDF EMBED FONTS ON				N	N	wave8 seed	2026-08-02		batch probe 2026-08-02: hung >3.0s — skipped
PDF_EMBED_FONTS_OFF	keyin_recipe	unsafe-blocked	KEYIN:PDF EMBED FONTS OFF				N	N	wave8 seed	2026-08-02		batch probe 2026-08-02: hung >3.0s — skipped
PDF_LAYERS_ON	keyin_recipe	unsafe-blocked	KEYIN:PDF LAYERS ON				N	N	wave8 seed	2026-08-02		batch probe 2026-08-02: hung >3.0s — skipped
PDF_LAYERS_OFF	keyin_recipe	unsafe-blocked	KEYIN:PDF LAYERS OFF				N	N	wave8 seed	2026-08-02		batch probe 2026-08-02: hung >3.0s — skipped
PRINT_BROKEN_ASSOCIATIONS_ON	keyin_recipe	verified-headless-safe	KEYIN:PRINT BROKEN ASSOCIATIONS ON				N	N	wave8 seed	2026-08-02	2026-08-02	live batch probe 2026-08-02 (0.191s)
PRINT_BROKEN_ASSOCIATIONS_OFF	keyin_recipe	verified-headless-safe	KEYIN:PRINT BROKEN ASSOCIATIONS OFF				N	N	wave8 seed	2026-08-02	2026-08-02	live batch probe 2026-08-02 (0.212s)
PUBLISHDGN_RIGHT_CLICK_MENU_ON	keyin_recipe	verified-headless-safe	KEYIN:PUBLISHDGN RIGHT CLICK MENU ON				N	N	wave8 seed	2026-08-02	2026-08-02	live batch probe 2026-08-02 (0.196s)
PUBLISHDGN_RIGHT_CLICK_MENU_OFF	keyin_recipe	verified-headless-safe	KEYIN:PUBLISHDGN RIGHT CLICK MENU OFF				N	N	wave8 seed	2026-08-02	2026-08-02	live batch probe 2026-08-02 (0.188s)
PLACE_SHAPE_CONSTRAINED	keyin_recipe	verified-headless-safe	COMMAND:PLACE SHAPE CONSTRAINED|DATAPOINT:{x1},{y1}|DATAPOINT:{x2},{y2}|DATAPOINT:{x3},{y3}|DATAPOINT:{x4},{y4}|DATAPOINT:{x1},{y1}|RESET		x1|y1|x2|y2|x3|y3|x4|y4		Y	N	wave8 seed;WZTCExec.ExecPlaceWorkspace;LegacyElements.bas	2026-08-02	2026-08-02	Closed quad — repeat first vertex then RESET recipe probe 2026-08-02: PASS delta=+1 (0.294s)
DIALOG_ELEMENT_TEMPLATES	keyin_recipe	unsafe-blocked	KEYIN:DIALOG ELEMENT TEMPLATES				N	N	wave8 seed	2026-08-02		negative batch probe 2026-08-02: kind=dialog, not promotable
DIALOG_NAMED_GROUPS	keyin_recipe	unsafe-blocked	KEYIN:DIALOG NAMED GROUPS				N	N	wave8 seed	2026-08-02		negative batch probe 2026-08-02: kind=dialog, not promotable
DIALOG_DISPLAYSET	keyin_recipe	unsafe-blocked	KEYIN:DIALOG DISPLAYSET				N	N	wave8 seed	2026-08-02		negative batch probe 2026-08-02: kind=dialog, not promotable
FILEOPEN	keyin_recipe	unsafe-blocked	KEYIN:FILEOPEN				N	N	wave8 seed	2026-08-02		negative batch probe 2026-08-02: kind=file, not promotable
SAVE_DESIGN_AS	keyin_recipe	unsafe-blocked	KEYIN:SAVE DESIGN AS				N	N	wave8 seed	2026-08-02		negative batch probe 2026-08-02: kind=file, not promotable
PROJECTWISE_CHECKIN	keyin_recipe	external-app-blocked	KEYIN:PROJECTWISE CHECKIN				N	N	wave8 seed	2026-08-02		BLOCKED FROM AGENT ACCESS 2026-08-02 (policy, not a technical finding -- external app/format integration: ProjectWise/DWG/IFC/DMS). Prior safetyStatus was unsafe-blocked. negative batch probe 2026-08-02: kind=file, not promotable
IFC_IMPORT	keyin_recipe	external-app-blocked	KEYIN:IFC IMPORT				N	N	wave8 seed	2026-08-02		BLOCKED FROM AGENT ACCESS 2026-08-02 (policy, not a technical finding -- external app/format integration: ProjectWise/DWG/IFC/DMS). Prior safetyStatus was unsafe-blocked. negative batch probe 2026-08-02: kind=file, not promotable
DWG_EXPORT	keyin_recipe	external-app-blocked	KEYIN:DWG EXPORT				N	N	wave8 seed	2026-08-02		BLOCKED FROM AGENT ACCESS 2026-08-02 (policy, not a technical finding -- external app/format integration: ProjectWise/DWG/IFC/DMS). Prior safetyStatus was unsafe-blocked. negative batch probe 2026-08-02: kind=file, not promotable
DWG_IMPORT	keyin_recipe	external-app-blocked	KEYIN:DWG IMPORT				N	N	wave8 seed	2026-08-02		BLOCKED FROM AGENT ACCESS 2026-08-02 (policy, not a technical finding -- external app/format integration: ProjectWise/DWG/IFC/DMS). Prior safetyStatus was unsafe-blocked. negative batch probe 2026-08-02: kind=file, not promotable
LOCK_TEMPLATEASSOCIATION_ON	keyin_recipe	verified-headless-safe	KEYIN:LOCK TEMPLATEASSOCIATION ON				N	N	wave8 templates/groups	2026-08-02	2026-08-02	docs: Element Template Association lock live batch probe 2026-08-02 (0.183s)
LOCK_TEMPLATEASSOCIATION_OFF	keyin_recipe	verified-headless-safe	KEYIN:LOCK TEMPLATEASSOCIATION OFF				N	N	wave8 templates/groups	2026-08-02	2026-08-02	docs: unlock template association live batch probe 2026-08-02 (0.182s)
LOCK_TEMPLATEASSOCIATION_TOGGLE	keyin_recipe	verified-headless-safe	KEYIN:LOCK TEMPLATEASSOCIATION TOGGLE				N	N	wave8 templates/groups	2026-08-02	2026-08-02	toggle association lock live batch probe 2026-08-02 (0.182s)
TEMPLATE_ACTIVE	keyin_recipe	verified-headless-safe	KEYIN:TEMPLATE ACTIVE {group\name}		group\name		N	N	wave8 templates/groups	2026-08-02	2026-08-02	docs: TEMPLATE ACTIVE TemplateGroup\TemplateName live batch probe 2026-08-02 (0.179s)
TEMPLATE_APPLY	keyin_recipe	verified-headless-safe	KEYIN:TEMPLATE APPLY				N	N	wave8 templates/groups	2026-08-02	2026-08-02	apply active template to selection live batch probe 2026-08-02 (0.177s)
TEMPLATE_CLEAR	keyin_recipe	verified-headless-safe	KEYIN:TEMPLATE CLEAR				N	N	wave8 templates/groups	2026-08-02	2026-08-02	clear active element template live batch probe 2026-08-02 (0.168s)
TEMPLATE_OVERRIDE_ON	keyin_recipe	verified-headless-safe	KEYIN:TEMPLATE OVERRIDE ON				N	N	wave8 templates/groups	2026-08-02	2026-08-02	allow attribute overrides vs template live batch probe 2026-08-02 (0.182s)
TEMPLATE_OVERRIDE_OFF	keyin_recipe	verified-headless-safe	KEYIN:TEMPLATE OVERRIDE OFF				N	N	wave8 templates/groups	2026-08-02	2026-08-02	live batch probe 2026-08-02 (0.179s)
ELEMENT_TEMPLATE_APPLY	keyin_recipe	verified-headless-safe	KEYIN:ELEMENT TEMPLATE APPLY				N	N	wave8 templates/groups	2026-08-02	2026-08-02	apply template symbology to elements live batch probe 2026-08-02 (0.189s)
ELEMENT_TEMPLATE_CLEAR	keyin_recipe	verified-headless-safe	KEYIN:ELEMENT TEMPLATE CLEAR				N	N	wave8 templates/groups	2026-08-02	2026-08-02	clear active template association live batch probe 2026-08-02 (0.179s)
ELEMENT_TEMPLATE_LOCK_ON	keyin_recipe	verified-headless-safe	KEYIN:ELEMENT TEMPLATE LOCK ON				N	N	wave8 templates/groups	2026-08-02	2026-08-02	alt association lock spelling live batch probe 2026-08-02 (0.182s)
ELEMENT_TEMPLATE_LOCK_OFF	keyin_recipe	verified-headless-safe	KEYIN:ELEMENT TEMPLATE LOCK OFF				N	N	wave8 templates/groups	2026-08-02	2026-08-02	live batch probe 2026-08-02 (0.174s)
ELEMENT_TEMPLATE_ACTIVE_BYLEVEL_ON	keyin_recipe	verified-headless-safe	KEYIN:ELEMENT TEMPLATE ACTIVE BYLEVEL ON				N	N	wave8 templates/groups	2026-08-02	2026-08-02	active bylevel from template live batch probe 2026-08-02 (0.176s)
ELEMENT_TEMPLATE_ACTIVE_BYLEVEL_OFF	keyin_recipe	verified-headless-safe	KEYIN:ELEMENT TEMPLATE ACTIVE BYLEVEL OFF				N	N	wave8 templates/groups	2026-08-02	2026-08-02	live batch probe 2026-08-02 (0.179s)
ELEMENT_TEMPLATE_ACTIVE_BYCOLOR_ON	keyin_recipe	verified-headless-safe	KEYIN:ELEMENT TEMPLATE ACTIVE BYCOLOR ON				N	N	wave8 templates/groups	2026-08-02	2026-08-02	live batch probe 2026-08-02 (0.181s)
ELEMENT_TEMPLATE_ACTIVE_BYCOLOR_OFF	keyin_recipe	verified-headless-safe	KEYIN:ELEMENT TEMPLATE ACTIVE BYCOLOR OFF				N	N	wave8 templates/groups	2026-08-02	2026-08-02	live batch probe 2026-08-02 (0.181s)
ELEMENT_TEMPLATE_ACTIVE_BYWEIGHT_ON	keyin_recipe	verified-headless-safe	KEYIN:ELEMENT TEMPLATE ACTIVE BYWEIGHT ON				N	N	wave8 templates/groups	2026-08-02	2026-08-02	live batch probe 2026-08-02 (0.169s)
ELEMENT_TEMPLATE_ACTIVE_BYWEIGHT_OFF	keyin_recipe	verified-headless-safe	KEYIN:ELEMENT TEMPLATE ACTIVE BYWEIGHT OFF				N	N	wave8 templates/groups	2026-08-02	2026-08-02	live batch probe 2026-08-02 (0.18s)
ELEMENT_TEMPLATE_ACTIVE_BYSTYLE_ON	keyin_recipe	verified-headless-safe	KEYIN:ELEMENT TEMPLATE ACTIVE BYSTYLE ON				N	N	wave8 templates/groups	2026-08-02	2026-08-02	live batch probe 2026-08-02 (0.181s)
ELEMENT_TEMPLATE_ACTIVE_BYSTYLE_OFF	keyin_recipe	verified-headless-safe	KEYIN:ELEMENT TEMPLATE ACTIVE BYSTYLE OFF				N	N	wave8 templates/groups	2026-08-02	2026-08-02	live batch probe 2026-08-02 (0.178s)
ELEMENT_TEMPLATE_OVERRIDE_LEVEL_ON	keyin_recipe	verified-headless-safe	KEYIN:ELEMENT TEMPLATE OVERRIDE LEVEL ON				N	N	wave8 templates/groups	2026-08-02	2026-08-02	override level from template live batch probe 2026-08-02 (0.179s)
ELEMENT_TEMPLATE_OVERRIDE_LEVEL_OFF	keyin_recipe	verified-headless-safe	KEYIN:ELEMENT TEMPLATE OVERRIDE LEVEL OFF				N	N	wave8 templates/groups	2026-08-02	2026-08-02	live batch probe 2026-08-02 (0.179s)
ELEMENT_TEMPLATE_OVERRIDE_COLOR_ON	keyin_recipe	verified-headless-safe	KEYIN:ELEMENT TEMPLATE OVERRIDE COLOR ON				N	N	wave8 templates/groups	2026-08-02	2026-08-02	live batch probe 2026-08-02 (0.179s)
ELEMENT_TEMPLATE_OVERRIDE_COLOR_OFF	keyin_recipe	verified-headless-safe	KEYIN:ELEMENT TEMPLATE OVERRIDE COLOR OFF				N	N	wave8 templates/groups	2026-08-02	2026-08-02	live batch probe 2026-08-02 (0.2s)
ELEMENT_TEMPLATE_OVERRIDE_WEIGHT_ON	keyin_recipe	verified-headless-safe	KEYIN:ELEMENT TEMPLATE OVERRIDE WEIGHT ON				N	N	wave8 templates/groups	2026-08-02	2026-08-02	live batch probe 2026-08-02 (0.185s)
ELEMENT_TEMPLATE_OVERRIDE_WEIGHT_OFF	keyin_recipe	verified-headless-safe	KEYIN:ELEMENT TEMPLATE OVERRIDE WEIGHT OFF				N	N	wave8 templates/groups	2026-08-02	2026-08-02	live batch probe 2026-08-02 (0.182s)
NAMED_GROUP_HILITE_TOGGLE	keyin_recipe	verified-headless-safe	KEYIN:NAMED GROUP HILITE TOGGLE				N	N	wave8 templates/groups	2026-08-02	2026-08-02	toggle named group hilite live batch probe 2026-08-02 (0.179s)
NAMED_GROUP_SELECT	keyin_recipe	verified-headless-safe	KEYIN:NAMED GROUP SELECT				N	N	wave8 templates/groups	2026-08-02	2026-08-02	add group members to selection live batch probe 2026-08-02 (0.191s)
NAMED_GROUP_ADD_TO_SELECTION	keyin_recipe	verified-headless-safe	KEYIN:NAMED GROUP ADD TO SELECTION				N	N	wave8 templates/groups	2026-08-02	2026-08-02	Named Groups dialog Add to Selection live batch probe 2026-08-02 (0.186s)
NAMED_GROUP_REMOVE_FROM_SELECTION	keyin_recipe	verified-headless-safe	KEYIN:NAMED GROUP REMOVE FROM SELECTION				N	N	wave8 templates/groups	2026-08-02	2026-08-02	live batch probe 2026-08-02 (0.182s)
NAMED_GROUP_SET_DISPLAYSET	keyin_recipe	verified-headless-safe	KEYIN:NAMED GROUP SET DISPLAYSET				N	N	wave8 templates/groups	2026-08-02	2026-08-02	put named group into displayset live batch probe 2026-08-02 (0.181s)
NAMED_GROUP_ADD_TO_DISPLAYSET	keyin_recipe	verified-headless-safe	KEYIN:NAMED GROUP ADD TO DISPLAYSET				N	N	wave8 templates/groups	2026-08-02	2026-08-02	live batch probe 2026-08-02 (0.233s)
NAMED_GROUP_REMOVE_FROM_DISPLAYSET	keyin_recipe	verified-headless-safe	KEYIN:NAMED GROUP REMOVE FROM DISPLAYSET				N	N	wave8 templates/groups	2026-08-02	2026-08-02	live batch probe 2026-08-02 (0.17s)
SET_NAMEDGROUP_DISPLAY_ON	keyin_recipe	verified-headless-safe	KEYIN:SET NAMEDGROUP DISPLAY ON				N	N	wave8 templates/groups	2026-08-02	2026-08-02	view-attr style named group display live batch probe 2026-08-02 (0.184s)
SET_NAMEDGROUP_DISPLAY_OFF	keyin_recipe	verified-headless-safe	KEYIN:SET NAMEDGROUP DISPLAY OFF				N	N	wave8 templates/groups	2026-08-02	2026-08-02	live batch probe 2026-08-02 (0.178s)
SELECT_BYNAMEDGROUP	keyin_recipe	verified-headless-safe	KEYIN:SELECT BYNAMEDGROUP {name}		name		N	N	wave8 templates/groups	2026-08-02	2026-08-02	docs: SELECT BYNAMEDGROUP live batch probe 2026-08-02 (0.204s)
SET_DISPLAYSET_ON	keyin_recipe	unsafe-blocked	KEYIN:SET DISPLAYSET ON				N	N	wave8 templates/groups	2026-08-02		docs: SET DISPLAYSET ON|OFF|TOGGLE live batch probe 2026-08-02 (0.241s) | false-OK audit 2026-08-02: ARMED — left CommandName='Displayset Filter On' prompt='Select view' (baseline='Element Selection'). Old keyin_batch probe SendReset masked this; refusing headless execution.
SET_DISPLAYSET_OFF	keyin_recipe	unsafe-blocked	KEYIN:SET DISPLAYSET OFF				N	N	wave8 templates/groups	2026-08-02		live batch probe 2026-08-02 (0.246s) | false-OK audit 2026-08-02: ARMED — left CommandName='Displayset Filter Off' prompt='Select view' (baseline='Element Selection'). Old keyin_batch probe SendReset masked this; refusing headless execution.
SET_DISPLAYSET_TOGGLE	keyin_recipe	unsafe-blocked	KEYIN:SET DISPLAYSET TOGGLE				N	N	wave8 templates/groups	2026-08-02		live batch probe 2026-08-02 (0.275s) | false-OK audit 2026-08-02: ARMED — left CommandName='Toggle Displayset Filter On/Off' prompt='Select view' (baseline='Element Selection'). Old keyin_batch probe SendReset masked this; refusing headless execution.
DISPLAYSET_SET	keyin_recipe	verified-headless-safe	KEYIN:DISPLAYSET SET				N	N	wave8 templates/groups	2026-08-02	2026-08-02	isolate selection as displayset live batch probe 2026-08-02 (0.186s)
DISPLAYSET_ISOLATE	keyin_recipe	verified-headless-safe	KEYIN:DISPLAYSET ISOLATE				N	N	wave8 templates/groups	2026-08-02	2026-08-02	isolate synonym candidate live batch probe 2026-08-02 (0.179s)
DISPLAYSET_ADD_SELECTION	keyin_recipe	verified-headless-safe	KEYIN:DISPLAYSET ADD SELECTION				N	N	wave8 templates/groups	2026-08-02	2026-08-02	community: displayset add selection live batch probe 2026-08-02 (0.17s)
DISPLAYSET_REMOVE_SELECTION	keyin_recipe	verified-headless-safe	KEYIN:DISPLAYSET REMOVE SELECTION				N	N	wave8 templates/groups	2026-08-02	2026-08-02	community: displayset remove selection live batch probe 2026-08-02 (0.168s)
DISPLAYSET_ADD_FENCE	keyin_recipe	verified-headless-safe	KEYIN:DISPLAYSET ADD FENCE				N	N	wave8 templates/groups	2026-08-02	2026-08-02	add fence contents to displayset live batch probe 2026-08-02 (0.178s)
DISPLAYSET_FROM_NAMEDGROUP	keyin_recipe	verified-headless-safe	KEYIN:DISPLAYSET FROM NAMEDGROUP				N	N	wave8 templates/groups	2026-08-02	2026-08-02	build displayset from named group live batch probe 2026-08-02 (0.184s)
VIEW_CLIP_VISIBLE_ON	keyin_recipe	verified-headless-safe	KEYIN:VIEW CLIP VISIBLE ON				N	N	wave8 templates/groups	2026-08-02	2026-08-02	docs: VIEW CLIP VISIBLE ON|OFF|TOGGLE live batch probe 2026-08-02 (0.184s)
VIEW_CLIP_VISIBLE_OFF	keyin_recipe	verified-headless-safe	KEYIN:VIEW CLIP VISIBLE OFF				N	N	wave8 templates/groups	2026-08-02	2026-08-02	show/hide clip volume element live batch probe 2026-08-02 (0.183s)
VIEW_CLIP_VISIBLE_TOGGLE	keyin_recipe	verified-headless-safe	KEYIN:VIEW CLIP VISIBLE TOGGLE				N	N	wave8 templates/groups	2026-08-02	2026-08-02	live batch probe 2026-08-02 (0.169s)
VIEW_CLIP_CLEAR	keyin_recipe	unsafe-blocked	KEYIN:VIEW CLIP CLEAR				N	N	wave8 templates/groups	2026-08-02		docs: clear clip volume from view live batch probe 2026-08-02 (0.258s) | false-OK audit 2026-08-02: ARMED — left CommandName='Clear Clip Volume' prompt='Select View' (baseline='Element Selection'). Old keyin_batch probe SendReset masked this; refusing headless execution.
SET_CLIPVOLUME_TOGGLE	keyin_recipe	verified-headless-safe	KEYIN:SET CLIPVOLUME TOGGLE				N	N	wave8 templates/groups	2026-08-02	2026-08-02	live batch probe 2026-08-02 (0.183s)
CLIP_MASK_CLEAR	keyin_recipe	verified-headless-safe	KEYIN:CLIP MASK CLEAR				N	N	wave8 templates/groups	2026-08-02	2026-08-02	clear clip mask from view live batch probe 2026-08-02 (0.179s)
CLIP_MASK_APPLY_ON	keyin_recipe	verified-headless-safe	KEYIN:CLIP MASK APPLY ON				N	N	wave8 templates/groups	2026-08-02	2026-08-02	enable applied clip mask live batch probe 2026-08-02 (0.179s)
CLIP_MASK_APPLY_OFF	keyin_recipe	verified-headless-safe	KEYIN:CLIP MASK APPLY OFF				N	N	wave8 templates/groups	2026-08-02	2026-08-02	live batch probe 2026-08-02 (0.172s)
VIEW_MASK_VISIBLE_ON	keyin_recipe	unsafe-blocked	KEYIN:VIEW MASK VISIBLE ON				N	N	wave8 templates/groups	2026-08-02		show/hide clip mask element live batch probe 2026-08-02 (0.268s) | false-OK audit 2026-08-02: ARMED — left CommandName='Show or Hide Clip Mask' prompt='Select View' (baseline='Element Selection'). Old keyin_batch probe SendReset masked this; refusing headless execution.
VIEW_MASK_VISIBLE_OFF	keyin_recipe	unsafe-blocked	KEYIN:VIEW MASK VISIBLE OFF				N	N	wave8 templates/groups	2026-08-02		live batch probe 2026-08-02 (0.236s) | false-OK audit 2026-08-02: ARMED — left CommandName='Show or Hide Clip Mask' prompt='Select View' (baseline='Element Selection'). Old keyin_batch probe SendReset masked this; refusing headless execution.
SET_CLIPMASK_ON	keyin_recipe	verified-headless-safe	KEYIN:SET CLIPMASK ON				N	N	wave8 templates/groups	2026-08-02	2026-08-02	view attribute clip mask toggle live batch probe 2026-08-02 (0.178s)
SET_CLIPMASK_OFF	keyin_recipe	verified-headless-safe	KEYIN:SET CLIPMASK OFF				N	N	wave8 templates/groups	2026-08-02	2026-08-02	live batch probe 2026-08-02 (0.178s)
NAMED_BOUNDARY_HILITE_ON	keyin_recipe	verified-headless-safe	KEYIN:NAMED BOUNDARY HILITE ON				N	N	wave8 templates/groups	2026-08-02	2026-08-02	hilite named boundaries in view live batch probe 2026-08-02 (0.172s)
NAMED_BOUNDARY_HILITE_OFF	keyin_recipe	verified-headless-safe	KEYIN:NAMED BOUNDARY HILITE OFF				N	N	wave8 templates/groups	2026-08-02	2026-08-02	live batch probe 2026-08-02 (0.204s)
DRAWINGBOUNDARY_HILITEALL_ON	keyin_recipe	verified-headless-safe	KEYIN:DRAWINGBOUNDARY HILITEALL ON				N	N	wave8 templates/groups	2026-08-02	2026-08-02	docs: highlight all drawing boundaries live batch probe 2026-08-02 (0.179s)
DRAWINGBOUNDARY_HILITEALL_OFF	keyin_recipe	verified-headless-safe	KEYIN:DRAWINGBOUNDARY HILITEALL OFF				N	N	wave8 templates/groups	2026-08-02	2026-08-02	live batch probe 2026-08-02 (0.182s)
DRAWING_BOUNDARY_ANNOTATION_DISPLAY_ON	keyin_recipe	verified-headless-safe	KEYIN:DRAWING BOUNDARY ANNOTATION DISPLAY ON				N	N	wave8 templates/groups	2026-08-02	2026-08-02	detailing style annotation display live batch probe 2026-08-02 (0.178s)
DRAWING_BOUNDARY_ANNOTATION_DISPLAY_OFF	keyin_recipe	verified-headless-safe	KEYIN:DRAWING BOUNDARY ANNOTATION DISPLAY OFF				N	N	wave8 templates/groups	2026-08-02	2026-08-02	live batch probe 2026-08-02 (0.172s)
DRAWING_BOUNDARY_BOUNDARY_DISPLAY_ON	keyin_recipe	verified-headless-safe	KEYIN:DRAWING BOUNDARY BOUNDARY DISPLAY ON				N	N	wave8 templates/groups	2026-08-02	2026-08-02	detailing style boundary display live batch probe 2026-08-02 (0.169s)
DRAWING_BOUNDARY_BOUNDARY_DISPLAY_OFF	keyin_recipe	verified-headless-safe	KEYIN:DRAWING BOUNDARY BOUNDARY DISPLAY OFF				N	N	wave8 templates/groups	2026-08-02	2026-08-02	live batch probe 2026-08-02 (0.18s)
SECTION_CALL_DISPLAY_ON	keyin_recipe	verified-headless-safe	KEYIN:SECTION CALL DISPLAY ON				N	N	wave8 templates/groups	2026-08-02	2026-08-02	section callout graphics display live batch probe 2026-08-02 (0.182s)
SECTION_CALL_DISPLAY_OFF	keyin_recipe	verified-headless-safe	KEYIN:SECTION CALL DISPLAY OFF				N	N	wave8 templates/groups	2026-08-02	2026-08-02	live batch probe 2026-08-02 (0.178s)
DETAIL_CALL_DISPLAY_ON	keyin_recipe	verified-headless-safe	KEYIN:DETAIL CALL DISPLAY ON				N	N	wave8 templates/groups	2026-08-02	2026-08-02	detail callout graphics display live batch probe 2026-08-02 (0.178s)
DETAIL_CALL_DISPLAY_OFF	keyin_recipe	verified-headless-safe	KEYIN:DETAIL CALL DISPLAY OFF				N	N	wave8 templates/groups	2026-08-02	2026-08-02	live batch probe 2026-08-02 (0.172s)
DETAILING_SYMBOL_DISPLAY_ON	keyin_recipe	verified-headless-safe	KEYIN:DETAILING SYMBOL DISPLAY ON				N	N	wave8 templates/groups	2026-08-02	2026-08-02	all detailing symbols display live batch probe 2026-08-02 (0.18s)
DETAILING_SYMBOL_DISPLAY_OFF	keyin_recipe	verified-headless-safe	KEYIN:DETAILING SYMBOL DISPLAY OFF				N	N	wave8 templates/groups	2026-08-02	2026-08-02	live batch probe 2026-08-02 (0.197s)
SET_SECTION_CALLOUTS_ON	keyin_recipe	verified-headless-safe	KEYIN:SET SECTION CALLOUTS ON				N	N	wave8 templates/groups	2026-08-02	2026-08-02	SET form of section callouts live batch probe 2026-08-02 (0.199s)
SET_SECTION_CALLOUTS_OFF	keyin_recipe	verified-headless-safe	KEYIN:SET SECTION CALLOUTS OFF				N	N	wave8 templates/groups	2026-08-02	2026-08-02	live batch probe 2026-08-02 (0.189s)
SET_DETAIL_CALLOUTS_ON	keyin_recipe	verified-headless-safe	KEYIN:SET DETAIL CALLOUTS ON				N	N	wave8 templates/groups	2026-08-02	2026-08-02	live batch probe 2026-08-02 (0.189s)
SET_DETAIL_CALLOUTS_OFF	keyin_recipe	verified-headless-safe	KEYIN:SET DETAIL CALLOUTS OFF				N	N	wave8 templates/groups	2026-08-02	2026-08-02	live batch probe 2026-08-02 (0.191s)
SHEET_INDEX_AUTO_ON	keyin_recipe	verified-headless-safe	KEYIN:SHEET INDEX AUTO ON				N	N	wave8 templates/groups	2026-08-02	2026-08-02	auto-update sheet index settings live batch probe 2026-08-02 (0.188s)
SHEET_INDEX_AUTO_OFF	keyin_recipe	verified-headless-safe	KEYIN:SHEET INDEX AUTO OFF				N	N	wave8 templates/groups	2026-08-02	2026-08-02	live batch probe 2026-08-02 (0.175s)
SHEET_INDEX_FOLDER_DISPLAY_ON	keyin_recipe	verified-headless-safe	KEYIN:SHEET INDEX FOLDER DISPLAY ON				N	N	wave8 templates/groups	2026-08-02	2026-08-02	sheet index folder tree display live batch probe 2026-08-02 (0.179s)
SHEET_INDEX_FOLDER_DISPLAY_OFF	keyin_recipe	verified-headless-safe	KEYIN:SHEET INDEX FOLDER DISPLAY OFF				N	N	wave8 templates/groups	2026-08-02	2026-08-02	live batch probe 2026-08-02 (0.189s)
NAMED_GROUP_CREATE	keyin_recipe	unsafe-blocked	COMMAND:NAMED GROUP CREATE				N	N	wave8 templates/groups	2026-08-02		negative: create is interactive tool batch probe 2026-08-02: kind=tool, not promotable
GROUP_ADD	keyin_recipe	unsafe-blocked	COMMAND:GROUP ADD				N	N	wave8 templates/groups	2026-08-02		negative: docs GROUP ADD tool batch probe 2026-08-02: kind=tool, not promotable
VIEW_CLIP_ICON	keyin_recipe	unsafe-blocked	COMMAND:VIEW CLIP ICON				N	N	wave8 templates/groups	2026-08-02		negative: docs apply clip volume tool batch probe 2026-08-02: kind=tool, not promotable
VIEW_MASK_ICON	keyin_recipe	unsafe-blocked	COMMAND:VIEW MASK ICON				N	N	wave8 templates/groups	2026-08-02		negative: docs apply clip mask tool batch probe 2026-08-02: kind=tool, not promotable
PLACE_DRAWING_BOUNDARY	keyin_recipe	unsafe-blocked	COMMAND:PLACE DRAWING BOUNDARY				N	N	wave8 templates/groups	2026-08-02		negative: placement tool batch probe 2026-08-02: kind=tool, not promotable
TEMPLATE_DIALOG	keyin_recipe	unsafe-blocked	KEYIN:TEMPLATE DIALOG				N	N	wave8 templates/groups	2026-08-02		negative: docs TEMPLATE DIALOG batch probe 2026-08-02: kind=dialog, not promotable
DIALOG_DETAILINGSYMBOLSTYLE_OPEN	keyin_recipe	unsafe-blocked	KEYIN:DIALOG DETAILINGSYMBOLSTYLE OPEN				N	N	wave8 templates/groups	2026-08-02		negative: docs dialog open batch probe 2026-08-02: kind=dialog, not promotable
EXPORT_ELEMENT_TEMPLATES	keyin_recipe	unsafe-blocked	KEYIN:EXPORT ELEMENT TEMPLATES				N	N	wave8 templates/groups	2026-08-02		negative: file export not settings batch probe 2026-08-02: kind=file, not promotable
COPY_ELEMENT	direct_api	verified-headless-safe		ExecCopyElementByID	elementId|deltaX|deltaY	deltaZ|ownElementOnly	Y	Y	WZTCExec.ExecCopyElementByID;live COM Clone+Move on DELETE.dgn	2026-08-02	2026-08-02	Direct Element.Clone + Move + AddElement. Call via COPY_ELEMENT bridge op, not RUN_REGISTRY_COMMAND.
ROTATE_ELEMENT	direct_api	verified-headless-safe		ExecRotateElementByID	elementId|originX|originY|angleDeg	originZ|ownElementOnly	N	Y	WZTCExec.ExecRotateElementByID;Matrix3dFromAxisAndRotationAngle+Transform live COM	2026-08-02	2026-08-02	Direct Transform about Z. Call via ROTATE_ELEMENT bridge op. priorAngleDeg for undo.
SCALE_ELEMENT	direct_api	verified-headless-safe		ExecScaleElementByID	elementId|originX|originY|scaleFactor	originZ|ownElementOnly	N	Y	WZTCExec.ExecScaleElementByID;DrawSign.ScaleUniform	2026-08-02	2026-08-02	Direct Element.ScaleUniform. Call via SCALE_ELEMENT bridge op.
MIRROR_ELEMENT	direct_api	verified-headless-safe		ExecMirrorElementByID	elementId|x1|y1|x2|y2	z1|z2|ownElementOnly	N	Y	WZTCExec.ExecMirrorElementByID;live COM Mirror two-point on DELETE.dgn	2026-08-02	2026-08-02	Direct Element.Mirror about axis (x1,y1)-(x2,y2). Call via MIRROR_ELEMENT bridge op.
PLACE_SIGN	direct_api	verified-headless-safe		ExecPlaceSign	signNum|roadType|side|pt1X|pt1Y|pt1Z|dir1X|dir1Y	pt2X|pt2Y|pt2Z|dir2X|dir2Y|reason	Y	N	WZTCExec.ExecPlaceSign;WZTCBridge.BridgePlaceSign	2026-08-02	2026-08-02	Phase B: registry gate for existing PLACE_SIGN bridge op.
PLACE_PERP_LINE	direct_api	verified-headless-safe		ExecPlacePerpLine	alignIdx|sta	halfLen|reason	Y	N	WZTCExec.ExecPlacePerpLine;WZTCBridge.BridgePlacePerpLine	2026-08-02	2026-08-02	Phase B: registry gate for existing PLACE_PERP_LINE bridge op.
PLACE_ELEMENT_RUN	direct_api	verified-headless-safe		ExecPlaceElementRun	elementIdx|verticesTSV	reason	Y	N	WZTCExec.ExecPlaceElementRun	2026-08-02	2026-08-02	Phase B: registry gate for existing PLACE_ELEMENT_RUN bridge op.
PLACE_WORKSPACE	direct_api	verified-headless-safe		ExecPlaceWorkspace	verticesTSV	reason	Y	N	WZTCExec.ExecPlaceWorkspace;CreateHatchPattern1+SetPattern	2026-08-02	2026-08-02	Shape via PLACE SHAPE CONSTRAINED; hatch via Element API SetPattern (not HATCH ICON).
SET_SIGN_ATTRIBUTES	direct_api	verified-headless-safe		ExecSetSignAttributes	elementIds	reason	N	N	WZTCExec.ExecSetSignAttributes	2026-08-02	2026-08-02	Phase B: registry gate for existing SET_SIGN_ATTRIBUTES bridge op.
PLACE_TEXT_LABEL	direct_api	verified-headless-safe		ExecPlaceTextLabel	text|x|y	z	Y	N	WZTCExec.ExecPlaceTextLabel;LegacySignPlace TEXTEDITOR;live +1 elem DELETE.dgn	2026-08-02	2026-08-02	Single-line TEXTEDITOR PLACE + INSERT_TEXT. Call via PLACE_TEXT_LABEL bridge op.
HATCH_ELEMENT	direct_api	verified-headless-safe		ExecHatchClosedElementByID	elementId	spacing|angleDeg|ownElementOnly	N	Y	WZTCExec.ExecHatchClosedElementByID;CreateHatchPattern1+SetPattern live COM DELETE.dgn	2026-08-02	2026-08-02	Associative hatch on closed shape (HasPattern). Does not add a new element ID. Call via HATCH_ELEMENT bridge op.
PLACE_ARC	direct_api	verified-headless-safe		ExecPlaceArc3Point	x1|y1|x2|y2|x3|y3	z	Y	N	WZTCExec.ExecPlaceArc3Point;LegacySignPlace placeArcModeEx=3;live +1 elem DELETE.dgn	2026-08-02	2026-08-02	3-point arc. Point order start/end/bulge. Call via PLACE_ARC bridge op.
PLACE_CIRCLE	direct_api	verified-headless-safe		ExecPlaceCircle	cx|cy|radius	z	Y	N	WZTCExec.ExecPlaceCircle;CreateEllipseElement2	2026-08-02	2026-08-02	Circle via equal-radius ellipse Element API.
PLACE_ELLIPSE	direct_api	verified-headless-safe		ExecPlaceEllipse	cx|cy|primaryRadius|secondaryRadius	angleDeg|z	Y	N	WZTCExec.ExecPlaceEllipse;CreateEllipseElement2	2026-08-02	2026-08-02	Ellipse Element API.
PLACE_BLOCK	direct_api	verified-headless-safe		ExecPlaceBlock	x1|y1|x2|y2	z	Y	N	WZTCExec.ExecPlaceBlock;CreateShapeElement1	2026-08-02	2026-08-02	Axis-aligned rectangle.
PLACE_POLYLINE	direct_api	verified-headless-safe		ExecPlacePolyline	verticesTSV		Y	N	WZTCExec.ExecPlacePolyline;CreateLineElement1	2026-08-02	2026-08-02	Open polyline from verticesTSV.
PLACE_POLYGON	direct_api	verified-headless-safe		ExecPlacePolygon	cx|cy|radius|sides	z	Y	N	WZTCExec.ExecPlacePolygon;CreateShapeElement1	2026-08-02	2026-08-02	Regular n-gon.
CHANGE_ELEMENT_SYMBOLOGY	direct_api	verified-headless-safe		ExecChangeElementSymbology	elementId	color|weight|lineStyleIndex|ownElementOnly	N	Y	WZTCExec.ExecChangeElementSymbology	2026-08-02	2026-08-02	Color/weight/(optional linestyle) Rewrite.
COPY_PARALLEL	direct_api	verified-headless-safe		ExecCopyParallelLineByID	elementId|distance	ownElementOnly	Y	Y	WZTCExec.ExecCopyParallelLineByID	2026-08-02	2026-08-02	Perp offset copy of a LINE only.
CROSSHATCH_ELEMENT	direct_api	verified-headless-safe		ExecCrossHatchClosedElementByID	elementId	spacing|angleDeg|ownElementOnly	N	Y	WZTCExec.ExecCrossHatchClosedElementByID	2026-08-02	2026-08-02	CreateCrossHatchPattern + SetPattern.
REMOVE_HATCH	direct_api	verified-headless-safe		ExecRemoveHatchByID	elementId	ownElementOnly	N	Y	WZTCExec.ExecRemoveHatchByID	2026-08-02	2026-08-02	ClosedElement.RemovePattern.
BREAK_LINE	direct_api	verified-headless-safe		ExecBreakLineAtPoint	elementId|x|y	z|ownElementOnly	Y	Y	WZTCExec.ExecBreakLineAtPoint	2026-08-02	2026-08-02	Replace line with two segments at break point.
EXTEND_LINE	direct_api	verified-headless-safe		ExecExtendLineToLength	elementId|newLength	ownElementOnly	N	Y	WZTCExec.ExecExtendLineToLength	2026-08-02	2026-08-02	Set end point to new length from start (extend or shorten).
FILLET_ELEMENTS	direct_api	verified-headless-safe		ExecFilletTwoElements	elementId1|elementId2|radius|pickX|pickY	pickZ|ownElementOnly	Y	Y	WZTCExec.ExecFilletTwoElements;ConstructFillet	2026-08-02	2026-08-02	Creates fillet arc; does not auto-trim sources. Promote after live verify. promoted after gate bypass live test
CREATE_COMPLEX_STRING	direct_api	verified-headless-safe		ExecCreateComplexString	elementIds		Y	N	WZTCExec.ExecCreateComplexString	2026-08-02	2026-08-02	ChainableElement() array + CreateComplexStringElement1 live OK 2026-08-02
PLACE_FENCE_BLOCK	direct_api	verified-headless-safe		ExecPlaceFenceBlock	x1|y1|x2|y2	z|viewNum	N	N	WZTCExec.ExecPlaceFenceBlock;Fence.DefineFromModelPoints	2026-08-02	2026-08-02	Define fence from rectangle corners.
FENCE_UNDEFINE	direct_api	verified-headless-safe		ExecFenceUndefine			N	N	WZTCExec.ExecFenceUndefine	2026-08-02	2026-08-02	Clear fence.
FENCE_COPY_CONTENTS	direct_api	verified-headless-safe		ExecFenceCopyContents	deltaX|deltaY	deltaZ	Y	N	WZTCExec.ExecFenceCopyContents	2026-08-02	2026-08-02	Clone+Move each fence content.
FENCE_MOVE_CONTENTS	direct_api	verified-headless-safe		ExecFenceMoveContents	deltaX|deltaY	deltaZ	N	N	WZTCExec.ExecFenceMoveContents	2026-08-02	2026-08-02	Move fence contents in place.
FENCE_DELETE_CONTENTS	direct_api	verified-headless-safe		ExecFenceDeleteContents			N	N	WZTCExec.ExecFenceDeleteContents	2026-08-02	2026-08-02	Delete fence contents. notUndoable.
SELECT_ELEMENT	direct_api	verified-headless-safe		ExecSelectElementByID	elementId	clearFirst	N	N	WZTCExec.ExecSelectElementByID	2026-08-02	2026-08-02	Model.SelectElement.
CLEAR_SELECTION	direct_api	verified-headless-safe		ExecClearSelection			N	N	WZTCExec.ExecClearSelection	2026-08-02	2026-08-02	UnselectAllElements.
TRIM_ELEMENT	direct_api	interactive-only-use-handoff					N	N	no Element API trim path proven	2026-08-02		Use BREAK_LINE + EXTEND_LINE or handoff. No ConstructTrim in COM.
CHAMFER_ELEMENTS	direct_api	interactive-only-use-handoff					N	N	no ConstructChamfer in COM	2026-08-02		No ConstructChamfer API on this install.
PLACE_DIMENSION	direct_api	verified-headless-safe		ExecPlaceDimension	x1|y1|x2|y2|ox|oy	z|styleName|reason	Y	N	WZTCExec.ExecPlaceDimension;CreateDimensionElement1 SizeArrow+ny_Plan;live 2026-08-03	2026-08-03	2026-08-03	Real DimensionElement (Linear Size / msdDimTypeSizeArrow) via CreateDimensionElement1+DimHeight; style default ny_Plan. CadInputQueue DIMENSION SIZE WITH LINES still 0 headlessly. Call via PLACE_DIMENSION bridge op.
PLACE_ARC_SIZE_DIMENSION	direct_api	verified-headless-safe		ExecPlaceArcSizeDimension	cx|cy|x1|y1|x2|y2|ox|oy	z|styleName|overrideText|reason	Y	N	WZTCExec.ExecPlaceArcSizeDimension;CreateDimensionElement1 ArcSize+ny_Plan;live 2026-08-13	2026-08-13	2026-08-13	One continuous curved DimensionElement (msdDimTypeArcSize). Refs: start tip, height/offset point, end tip. Same ny_Plan style family as SizeArrow. Used for bowed roadside spans (not SizeArrow tip chains).
PLACE_ORDER_TABLE_LABELS	direct_api	verified-headless-safe		PlaceOrderTableLabels	alignIdx	outwardSign|textExtraAlong	Y	N	PerpPlacement.PlaceOrderTableLabels;mid-segment+35ft	2026-08-03	2026-08-03	Non-Sign mid-segment labels (not tip-stacked) after place_order_table_stations.
PLACE_ORDER_TABLE_DIMENSIONS	direct_api	verified-headless-safe		PlaceOrderTableDimensions	alignIdx	outwardSign|offsetDist	Y	N	PerpPlacement.PlaceOrderTableDimensions;ny_Plan SizeArrow	2026-08-03	2026-08-03	Real DimensionElements between consecutive order-table stations with spacing>0.
PLACE_SHEET_SYMBOL_CELLS	direct_api	verified-headless-safe		PlaceSheetSymbolCells	alignIdx|sheetElements	outwardSign	Y	N	PerpPlacement.PlaceSheetSymbolCells;AP 70ft upstream	2026-08-03	2026-08-03	TWZWVA_P at Vehicle Space tip; TWZAP_P ~70 ft upstream (cells ~46 ft long).

